mtllib player_human.mtl
o character
v 4995.960038 28497.990219 901.941938
v 5245.200040 28497.990219 -772.058075
v 5505.600042 31120.590239 -772.058075
v 4995.960038 28497.990219 901.941938
v 5505.600042 31120.590239 -772.058075
v 5252.640040 31120.590239 1024.701939
v 4259.400033 28497.990219 1965.861946
v 4995.960038 28497.990219 901.941938
v 5252.640040 31120.590239 1024.701939
v 4259.400033 28497.990219 1965.861946
v 5252.640040 31120.590239 1024.701939
v 4497.480035 31120.590239 2129.541948
v 3054.120023 28497.990219 2683.821952
v 4259.400033 28497.990219 1965.861946
v 4497.480035 31120.590239 2129.541948
v 3054.120023 28497.990219 2683.821952
v 4497.480035 31120.590239 2129.541948
v 3251.280025 31120.590239 2869.821953
v 1339.200010 28497.990219 3048.381955
v 3054.120023 28497.990219 2683.821952
v 3251.280025 31120.590239 2869.821953
v 1339.200010 28497.990219 3048.381955
v 3251.280025 31120.590239 2869.821953
v 1454.520011 31120.590239 3241.821956
v -1339.200010 28497.990219 3048.381955
v 1339.200010 28497.990219 3048.381955
v 1454.520011 31120.590239 3241.821956
v -1339.200010 28497.990219 3048.381955
v 1454.520011 31120.590239 3241.821956
v -1454.520011 31120.590239 3241.821956
v -3054.120023 28497.990219 2683.821952
v -1339.200010 28497.990219 3048.381955
v -1454.520011 31120.590239 3241.821956
v -3054.120023 28497.990219 2683.821952
v -1454.520011 31120.590239 3241.821956
v -3251.280025 31120.590239 2869.821953
v -4259.400033 28497.990219 1965.861946
v -3054.120023 28497.990219 2683.821952
v -3251.280025 31120.590239 2869.821953
v -4259.400033 28497.990219 1965.861946
v -3251.280025 31120.590239 2869.821953
v -4497.480035 31120.590239 2129.541948
v -4995.960038 28497.990219 901.941938
v -4259.400033 28497.990219 1965.861946
v -4497.480035 31120.590239 2129.541948
v -4995.960038 28497.990219 901.941938
v -4497.480035 31120.590239 2129.541948
v -5252.640040 31120.590239 1024.701939
v -5245.200040 28497.990219 -772.058075
v -4995.960038 28497.990219 901.941938
v -5252.640040 31120.590239 1024.701939
v -5245.200040 28497.990219 -772.058075
v -5252.640040 31120.590239 1024.701939
v -5505.600042 31120.590239 -772.058075
v -4995.960038 28497.990219 -2446.058088
v -5245.200040 28497.990219 -772.058075
v -5505.600042 31120.590239 -772.058075
v -4995.960038 28497.990219 -2446.058088
v -5505.600042 31120.590239 -772.058075
v -5252.640040 31120.590239 -2572.538089
v -4259.400033 28497.990219 -3513.698096
v -4995.960038 28497.990219 -2446.058088
v -5252.640040 31120.590239 -2572.538089
v -4259.400033 28497.990219 -3513.698096
v -5252.640040 31120.590239 -2572.538089
v -4497.480035 31120.590239 -3677.378097
v -3054.120023 28497.990219 -4227.938101
v -4259.400033 28497.990219 -3513.698096
v -4497.480035 31120.590239 -3677.378097
v -3054.120023 28497.990219 -4227.938101
v -4497.480035 31120.590239 -3677.378097
v -3251.280025 31120.590239 -4417.658103
v -1339.200010 28497.990219 -4592.498104
v -3054.120023 28497.990219 -4227.938101
v -3251.280025 31120.590239 -4417.658103
v -1339.200010 28497.990219 -4592.498104
v -3251.280025 31120.590239 -4417.658103
v -1454.520011 31120.590239 -4789.658106
v 1339.200010 28497.990219 -4592.498104
v -1339.200010 28497.990219 -4592.498104
v -1454.520011 31120.590239 -4789.658106
v 1339.200010 28497.990219 -4592.498104
v -1454.520011 31120.590239 -4789.658106
v 1454.520011 31120.590239 -4789.658106
v 3054.120023 28497.990219 -4227.938101
v 1339.200010 28497.990219 -4592.498104
v 1454.520011 31120.590239 -4789.658106
v 3054.120023 28497.990219 -4227.938101
v 1454.520011 31120.590239 -4789.658106
v 3251.280025 31120.590239 -4417.658103
v 4259.400033 28497.990219 -3513.698096
v 3054.120023 28497.990219 -4227.938101
v 3251.280025 31120.590239 -4417.658103
v 4259.400033 28497.990219 -3513.698096
v 3251.280025 31120.590239 -4417.658103
v 4497.480035 31120.590239 -3677.378097
v 4995.960038 28497.990219 -2446.058088
v 4259.400033 28497.990219 -3513.698096
v 4497.480035 31120.590239 -3677.378097
v 4995.960038 28497.990219 -2446.058088
v 4497.480035 31120.590239 -3677.378097
v 5252.640040 31120.590239 -2572.538089
v 5245.200040 28497.990219 -772.058075
v 4995.960038 28497.990219 -2446.058088
v 5252.640040 31120.590239 -2572.538089
v 5245.200040 28497.990219 -772.058075
v 5252.640040 31120.590239 -2572.538089
v 5505.600042 31120.590239 -772.058075
v 5252.640040 31120.590239 1024.701939
v 5505.600042 31120.590239 -772.058075
v 5341.920041 33743.190260 -772.058075
v 5252.640040 31120.590239 1024.701939
v 5341.920041 33743.190260 -772.058075
v 5100.120039 33743.190260 1013.541939
v 4497.480035 31120.590239 2129.541948
v 5252.640040 31120.590239 1024.701939
v 5100.120039 33743.190260 1013.541939
v 4497.480035 31120.590239 2129.541948
v 5100.120039 33743.190260 1013.541939
v 4374.720034 33743.190260 2096.061947
v 3251.280025 31120.590239 2869.821953
v 4497.480035 31120.590239 2129.541948
v 4374.720034 33743.190260 2096.061947
v 3251.280025 31120.590239 2869.821953
v 4374.720034 33743.190260 2096.061947
v 3176.880024 33743.190260 2817.741953
v 1454.520011 31120.590239 3241.821956
v 3251.280025 31120.590239 2869.821953
v 3176.880024 33743.190260 2817.741953
v 1454.520011 31120.590239 3241.821956
v 3176.880024 33743.190260 2817.741953
v 1435.920011 33743.190260 3178.581956
v -1454.520011 31120.590239 3241.821956
v 1454.520011 31120.590239 3241.821956
v 1435.920011 33743.190260 3178.581956
v -1454.520011 31120.590239 3241.821956
v 1435.920011 33743.190260 3178.581956
v -1435.920011 33743.190260 3178.581956
v -3251.280025 31120.590239 2869.821953
v -1454.520011 31120.590239 3241.821956
v -1435.920011 33743.190260 3178.581956
v -3251.280025 31120.590239 2869.821953
v -1435.920011 33743.190260 3178.581956
v -3176.880024 33743.190260 2817.741953
v -4497.480035 31120.590239 2129.541948
v -3251.280025 31120.590239 2869.821953
v -3176.880024 33743.190260 2817.741953
v -4497.480035 31120.590239 2129.541948
v -3176.880024 33743.190260 2817.741953
v -4374.720034 33743.190260 2096.061947
v -5252.640040 31120.590239 1024.701939
v -4497.480035 31120.590239 2129.541948
v -4374.720034 33743.190260 2096.061947
v -5252.640040 31120.590239 1024.701939
v -4374.720034 33743.190260 2096.061947
v -5100.120039 33743.190260 1013.541939
v -5505.600042 31120.590239 -772.058075
v -5252.640040 31120.590239 1024.701939
v -5100.120039 33743.190260 1013.541939
v -5505.600042 31120.590239 -772.058075
v -5100.120039 33743.190260 1013.541939
v -5341.920041 33743.190260 -772.058075
v -5252.640040 31120.590239 -2572.538089
v -5505.600042 31120.590239 -772.058075
v -5341.920041 33743.190260 -772.058075
v -5252.640040 31120.590239 -2572.538089
v -5341.920041 33743.190260 -772.058075
v -5100.120039 33743.190260 -2561.378089
v -4497.480035 31120.590239 -3677.378097
v -5252.640040 31120.590239 -2572.538089
v -5100.120039 33743.190260 -2561.378089
v -4497.480035 31120.590239 -3677.378097
v -5100.120039 33743.190260 -2561.378089
v -4374.720034 33743.190260 -3643.898097
v -3251.280025 31120.590239 -4417.658103
v -4497.480035 31120.590239 -3677.378097
v -4374.720034 33743.190260 -3643.898097
v -3251.280025 31120.590239 -4417.658103
v -4374.720034 33743.190260 -3643.898097
v -3176.880024 33743.190260 -4361.858102
v -1454.520011 31120.590239 -4789.658106
v -3251.280025 31120.590239 -4417.658103
v -3176.880024 33743.190260 -4361.858102
v -1454.520011 31120.590239 -4789.658106
v -3176.880024 33743.190260 -4361.858102
v -1435.920011 33743.190260 -4726.418105
v 1454.520011 31120.590239 -4789.658106
v -1454.520011 31120.590239 -4789.658106
v -1435.920011 33743.190260 -4726.418105
v 1454.520011 31120.590239 -4789.658106
v -1435.920011 33743.190260 -4726.418105
v 1435.920011 33743.190260 -4726.418105
v 3251.280025 31120.590239 -4417.658103
v 1454.520011 31120.590239 -4789.658106
v 1435.920011 33743.190260 -4726.418105
v 3251.280025 31120.590239 -4417.658103
v 1435.920011 33743.190260 -4726.418105
v 3176.880024 33743.190260 -4361.858102
v 4497.480035 31120.590239 -3677.378097
v 3251.280025 31120.590239 -4417.658103
v 3176.880024 33743.190260 -4361.858102
v 4497.480035 31120.590239 -3677.378097
v 3176.880024 33743.190260 -4361.858102
v 4374.720034 33743.190260 -3643.898097
v 5252.640040 31120.590239 -2572.538089
v 4497.480035 31120.590239 -3677.378097
v 4374.720034 33743.190260 -3643.898097
v 5252.640040 31120.590239 -2572.538089
v 4374.720034 33743.190260 -3643.898097
v 5100.120039 33743.190260 -2561.378089
v 5505.600042 31120.590239 -772.058075
v 5252.640040 31120.590239 -2572.538089
v 5100.120039 33743.190260 -2561.378089
v 5505.600042 31120.590239 -772.058075
v 5100.120039 33743.190260 -2561.378089
v 5341.920041 33743.190260 -772.058075
v 5100.120039 33743.190260 1013.541939
v 5341.920041 33743.190260 -772.058075
v 5077.800039 36365.790280 -772.058075
v 5100.120039 33743.190260 1013.541939
v 5077.800039 36365.790280 -772.058075
v 4850.880037 36365.790280 946.581938
v 4374.720034 33743.190260 2096.061947
v 5100.120039 33743.190260 1013.541939
v 4850.880037 36365.790280 946.581938
v 4374.720034 33743.190260 2096.061947
v 4850.880037 36365.790280 946.581938
v 4170.120032 36365.790280 1969.581946
v 3176.880024 33743.190260 2817.741953
v 4374.720034 33743.190260 2096.061947
v 4170.120032 36365.790280 1969.581946
v 3176.880024 33743.190260 2817.741953
v 4170.120032 36365.790280 1969.581946
v 3042.960023 36365.790280 2642.901952
v 1435.920011 33743.190260 3178.581956
v 3176.880024 33743.190260 2817.741953
v 3042.960023 36365.790280 2642.901952
v 1435.920011 33743.190260 3178.581956
v 3042.960023 36365.790280 2642.901952
v 1391.280011 36365.790280 2985.141954
v -1435.920011 33743.190260 3178.581956
v 1435.920011 33743.190260 3178.581956
v 1391.280011 36365.790280 2985.141954
v -1435.920011 33743.190260 3178.581956
v 1391.280011 36365.790280 2985.141954
v -1391.280011 36365.790280 2985.141954
v -3176.880024 33743.190260 2817.741953
v -1435.920011 33743.190260 3178.581956
v -1391.280011 36365.790280 2985.141954
v -3176.880024 33743.190260 2817.741953
v -1391.280011 36365.790280 2985.141954
v -3042.960023 36365.790280 2642.901952
v -4374.720034 33743.190260 2096.061947
v -3176.880024 33743.190260 2817.741953
v -3042.960023 36365.790280 2642.901952
v -4374.720034 33743.190260 2096.061947
v -3042.960023 36365.790280 2642.901952
v -4170.120032 36365.790280 1969.581946
v -5100.120039 33743.190260 1013.541939
v -4374.720034 33743.190260 2096.061947
v -4170.120032 36365.790280 1969.581946
v -5100.120039 33743.190260 1013.541939
v -4170.120032 36365.790280 1969.581946
v -4850.880037 36365.790280 946.581938
v -5341.920041 33743.190260 -772.058075
v -5100.120039 33743.190260 1013.541939
v -4850.880037 36365.790280 946.581938
v -5341.920041 33743.190260 -772.058075
v -4850.880037 36365.790280 946.581938
v -5077.800039 36365.790280 -772.058075
v -5100.120039 33743.190260 -2561.378089
v -5341.920041 33743.190260 -772.058075
v -5077.800039 36365.790280 -772.058075
v -5100.120039 33743.190260 -2561.378089
v -5077.800039 36365.790280 -772.058075
v -4850.880037 36365.790280 -2490.698088
v -4374.720034 33743.190260 -3643.898097
v -5100.120039 33743.190260 -2561.378089
v -4850.880037 36365.790280 -2490.698088
v -4374.720034 33743.190260 -3643.898097
v -4850.880037 36365.790280 -2490.698088
v -4170.120032 36365.790280 -3513.698096
v -3176.880024 33743.190260 -4361.858102
v -4374.720034 33743.190260 -3643.898097
v -4170.120032 36365.790280 -3513.698096
v -3176.880024 33743.190260 -4361.858102
v -4170.120032 36365.790280 -3513.698096
v -3042.960023 36365.790280 -4190.738101
v -1435.920011 33743.190260 -4726.418105
v -3176.880024 33743.190260 -4361.858102
v -3042.960023 36365.790280 -4190.738101
v -1435.920011 33743.190260 -4726.418105
v -3042.960023 36365.790280 -4190.738101
v -1391.280011 36365.790280 -4532.978104
v 1435.920011 33743.190260 -4726.418105
v -1435.920011 33743.190260 -4726.418105
v -1391.280011 36365.790280 -4532.978104
v 1435.920011 33743.190260 -4726.418105
v -1391.280011 36365.790280 -4532.978104
v 1391.280011 36365.790280 -4532.978104
v 3176.880024 33743.190260 -4361.858102
v 1435.920011 33743.190260 -4726.418105
v 1391.280011 36365.790280 -4532.978104
v 3176.880024 33743.190260 -4361.858102
v 1391.280011 36365.790280 -4532.978104
v 3042.960023 36365.790280 -4190.738101
v 4374.720034 33743.190260 -3643.898097
v 3176.880024 33743.190260 -4361.858102
v 3042.960023 36365.790280 -4190.738101
v 4374.720034 33743.190260 -3643.898097
v 3042.960023 36365.790280 -4190.738101
v 4170.120032 36365.790280 -3513.698096
v 5100.120039 33743.190260 -2561.378089
v 4374.720034 33743.190260 -3643.898097
v 4170.120032 36365.790280 -3513.698096
v 5100.120039 33743.190260 -2561.378089
v 4170.120032 36365.790280 -3513.698096
v 4850.880037 36365.790280 -2490.698088
v 5341.920041 33743.190260 -772.058075
v 5100.120039 33743.190260 -2561.378089
v 4850.880037 36365.790280 -2490.698088
v 5341.920041 33743.190260 -772.058075
v 4850.880037 36365.790280 -2490.698088
v 5077.800039 36365.790280 -772.058075
v 4850.880037 36365.790280 946.581938
v 5077.800039 36365.790280 -772.058075
v 5375.400041 38989.320300 -772.058075
v 4850.880037 36365.790280 946.581938
v 5375.400041 38989.320300 -772.058075
v 5133.600039 38989.320300 976.341939
v 4170.120032 36365.790280 1969.581946
v 4850.880037 36365.790280 946.581938
v 5133.600039 38989.320300 976.341939
v 4170.120032 36365.790280 1969.581946
v 5133.600039 38989.320300 976.341939
v 4411.920034 38989.320300 2014.221947
v 3042.960023 36365.790280 2642.901952
v 4170.120032 36365.790280 1969.581946
v 4411.920034 38989.320300 2014.221947
v 3042.960023 36365.790280 2642.901952
v 4411.920034 38989.320300 2014.221947
v 3217.800025 38989.320300 2702.421952
v 1391.280011 36365.790280 2985.141954
v 3042.960023 36365.790280 2642.901952
v 3217.800025 38989.320300 2702.421952
v 1391.280011 36365.790280 2985.141954
v 3217.800025 38989.320300 2702.421952
v 1473.120011 38989.320300 3052.101955
v -1391.280011 36365.790280 2985.141954
v 1391.280011 36365.790280 2985.141954
v 1473.120011 38989.320300 3052.101955
v -1391.280011 36365.790280 2985.141954
v 1473.120011 38989.320300 3052.101955
v -1473.120011 38989.320300 3052.101955
v -3042.960023 36365.790280 2642.901952
v -1391.280011 36365.790280 2985.141954
v -1473.120011 38989.320300 3052.101955
v -3042.960023 36365.790280 2642.901952
v -1473.120011 38989.320300 3052.101955
v -3217.800025 38989.320300 2702.421952
v -4170.120032 36365.790280 1969.581946
v -3042.960023 36365.790280 2642.901952
v -3217.800025 38989.320300 2702.421952
v -4170.120032 36365.790280 1969.581946
v -3217.800025 38989.320300 2702.421952
v -4411.920034 38989.320300 2014.221947
v -4850.880037 36365.790280 946.581938
v -4170.120032 36365.790280 1969.581946
v -4411.920034 38989.320300 2014.221947
v -4850.880037 36365.790280 946.581938
v -4411.920034 38989.320300 2014.221947
v -5133.600039 38989.320300 976.341939
v -5077.800039 36365.790280 -772.058075
v -4850.880037 36365.790280 946.581938
v -5133.600039 38989.320300 976.341939
v -5077.800039 36365.790280 -772.058075
v -5133.600039 38989.320300 976.341939
v -5375.400041 38989.320300 -772.058075
v -4850.880037 36365.790280 -2490.698088
v -5077.800039 36365.790280 -772.058075
v -5375.400041 38989.320300 -772.058075
v -4850.880037 36365.790280 -2490.698088
v -5375.400041 38989.320300 -772.058075
v -5133.600039 38989.320300 -2520.458088
v -4170.120032 36365.790280 -3513.698096
v -4850.880037 36365.790280 -2490.698088
v -5133.600039 38989.320300 -2520.458088
v -4170.120032 36365.790280 -3513.698096
v -5133.600039 38989.320300 -2520.458088
v -4411.920034 38989.320300 -3562.058096
v -3042.960023 36365.790280 -4190.738101
v -4170.120032 36365.790280 -3513.698096
v -4411.920034 38989.320300 -3562.058096
v -3042.960023 36365.790280 -4190.738101
v -4411.920034 38989.320300 -3562.058096
v -3217.800025 38989.320300 -4250.258102
v -1391.280011 36365.790280 -4532.978104
v -3042.960023 36365.790280 -4190.738101
v -3217.800025 38989.320300 -4250.258102
v -1391.280011 36365.790280 -4532.978104
v -3217.800025 38989.320300 -4250.258102
v -1473.120011 38989.320300 -4596.218104
v 1391.280011 36365.790280 -4532.978104
v -1391.280011 36365.790280 -4532.978104
v -1473.120011 38989.320300 -4596.218104
v 1391.280011 36365.790280 -4532.978104
v -1473.120011 38989.320300 -4596.218104
v 1473.120011 38989.320300 -4596.218104
v 3042.960023 36365.790280 -4190.738101
v 1391.280011 36365.790280 -4532.978104
v 1473.120011 38989.320300 -4596.218104
v 3042.960023 36365.790280 -4190.738101
v 1473.120011 38989.320300 -4596.218104
v 3217.800025 38989.320300 -4250.258102
v 4170.120032 36365.790280 -3513.698096
v 3042.960023 36365.790280 -4190.738101
v 3217.800025 38989.320300 -4250.258102
v 4170.120032 36365.790280 -3513.698096
v 3217.800025 38989.320300 -4250.258102
v 4411.920034 38989.320300 -3562.058096
v 4850.880037 36365.790280 -2490.698088
v 4170.120032 36365.790280 -3513.698096
v 4411.920034 38989.320300 -3562.058096
v 4850.880037 36365.790280 -2490.698088
v 4411.920034 38989.320300 -3562.058096
v 5133.600039 38989.320300 -2520.458088
v 5077.800039 36365.790280 -772.058075
v 4850.880037 36365.790280 -2490.698088
v 5133.600039 38989.320300 -2520.458088
v 5077.800039 36365.790280 -772.058075
v 5133.600039 38989.320300 -2520.458088
v 5375.400041 38989.320300 -772.058075
v 5133.600039 38989.320300 976.341939
v 5375.400041 38989.320300 -772.058075
v 5963.160046 41608.200320 -772.058075
v 5133.600039 38989.320300 976.341939
v 5963.160046 41608.200320 -772.058075
v 5695.320044 41608.200320 1095.381940
v 4411.920034 38989.320300 2014.221947
v 5133.600039 38989.320300 976.341939
v 5695.320044 41608.200320 1095.381940
v 4411.920034 38989.320300 2014.221947
v 5695.320044 41608.200320 1095.381940
v 4895.520038 41608.200320 2203.941948
v 3217.800025 38989.320300 2702.421952
v 4411.920034 38989.320300 2014.221947
v 4895.520038 41608.200320 2203.941948
v 3217.800025 38989.320300 2702.421952
v 4895.520038 41608.200320 2203.941948
v 3571.200027 41608.200320 2940.501954
v 1473.120011 38989.320300 3052.101955
v 3217.800025 38989.320300 2702.421952
v 3571.200027 41608.200320 2940.501954
v 1473.120011 38989.320300 3052.101955
v 3571.200027 41608.200320 2940.501954
v 1633.080013 41608.200320 3308.781957
v -1473.120011 38989.320300 3052.101955
v 1473.120011 38989.320300 3052.101955
v 1633.080013 41608.200320 3308.781957
v -1473.120011 38989.320300 3052.101955
v 1633.080013 41608.200320 3308.781957
v -1633.080013 41608.200320 3308.781957
v -3217.800025 38989.320300 2702.421952
v -1473.120011 38989.320300 3052.101955
v -1633.080013 41608.200320 3308.781957
v -3217.800025 38989.320300 2702.421952
v -1633.080013 41608.200320 3308.781957
v -3571.200027 41608.200320 2940.501954
v -4411.920034 38989.320300 2014.221947
v -3217.800025 38989.320300 2702.421952
v -3571.200027 41608.200320 2940.501954
v -4411.920034 38989.320300 2014.221947
v -3571.200027 41608.200320 2940.501954
v -4895.520038 41608.200320 2203.941948
v -5133.600039 38989.320300 976.341939
v -4411.920034 38989.320300 2014.221947
v -4895.520038 41608.200320 2203.941948
v -5133.600039 38989.320300 976.341939
v -4895.520038 41608.200320 2203.941948
v -5695.320044 41608.200320 1095.381940
v -5375.400041 38989.320300 -772.058075
v -5133.600039 38989.320300 976.341939
v -5695.320044 41608.200320 1095.381940
v -5375.400041 38989.320300 -772.058075
v -5695.320044 41608.200320 1095.381940
v -5963.160046 41608.200320 -772.058075
v -5133.600039 38989.320300 -2520.458088
v -5375.400041 38989.320300 -772.058075
v -5963.160046 41608.200320 -772.058075
v -5133.600039 38989.320300 -2520.458088
v -5963.160046 41608.200320 -772.058075
v -5695.320044 41608.200320 -2639.498089
v -4411.920034 38989.320300 -3562.058096
v -5133.600039 38989.320300 -2520.458088
v -5695.320044 41608.200320 -2639.498089
v -4411.920034 38989.320300 -3562.058096
v -5695.320044 41608.200320 -2639.498089
v -4895.520038 41608.200320 -3751.778098
v -3217.800025 38989.320300 -4250.258102
v -4411.920034 38989.320300 -3562.058096
v -4895.520038 41608.200320 -3751.778098
v -3217.800025 38989.320300 -4250.258102
v -4895.520038 41608.200320 -3751.778098
v -3571.200027 41608.200320 -4484.618103
v -1473.120011 38989.320300 -4596.218104
v -3217.800025 38989.320300 -4250.258102
v -3571.200027 41608.200320 -4484.618103
v -1473.120011 38989.320300 -4596.218104
v -3571.200027 41608.200320 -4484.618103
v -1633.080013 41608.200320 -4856.618106
v 1473.120011 38989.320300 -4596.218104
v -1473.120011 38989.320300 -4596.218104
v -1633.080013 41608.200320 -4856.618106
v 1473.120011 38989.320300 -4596.218104
v -1633.080013 41608.200320 -4856.618106
v 1633.080013 41608.200320 -4856.618106
v 3217.800025 38989.320300 -4250.258102
v 1473.120011 38989.320300 -4596.218104
v 1633.080013 41608.200320 -4856.618106
v 3217.800025 38989.320300 -4250.258102
v 1633.080013 41608.200320 -4856.618106
v 3571.200027 41608.200320 -4484.618103
v 4411.920034 38989.320300 -3562.058096
v 3217.800025 38989.320300 -4250.258102
v 3571.200027 41608.200320 -4484.618103
v 4411.920034 38989.320300 -3562.058096
v 3571.200027 41608.200320 -4484.618103
v 4895.520038 41608.200320 -3751.778098
v 5133.600039 38989.320300 -2520.458088
v 4411.920034 38989.320300 -3562.058096
v 4895.520038 41608.200320 -3751.778098
v 5133.600039 38989.320300 -2520.458088
v 4895.520038 41608.200320 -3751.778098
v 5695.320044 41608.200320 -2639.498089
v 5375.400041 38989.320300 -772.058075
v 5133.600039 38989.320300 -2520.458088
v 5695.320044 41608.200320 -2639.498089
v 5375.400041 38989.320300 -772.058075
v 5695.320044 41608.200320 -2639.498089
v 5963.160046 41608.200320 -772.058075
v 5695.320044 41608.200320 1095.381940
v 5963.160046 41608.200320 -772.058075
v 6227.280048 43576.080335 -772.058075
v 5695.320044 41608.200320 1095.381940
v 6227.280048 43576.080335 -772.058075
v 5948.280046 43576.080335 1121.421940
v 4895.520038 41608.200320 2203.941948
v 5695.320044 41608.200320 1095.381940
v 5948.280046 43576.080335 1121.421940
v 4895.520038 41608.200320 2203.941948
v 5948.280046 43576.080335 1121.421940
v 5111.280039 43576.080335 2252.301949
v 3571.200027 41608.200320 2940.501954
v 4895.520038 41608.200320 2203.941948
v 5111.280039 43576.080335 2252.301949
v 3571.200027 41608.200320 2940.501954
v 5111.280039 43576.080335 2252.301949
v 3727.440029 43576.080335 2996.301954
v 1633.080013 41608.200320 3308.781957
v 3571.200027 41608.200320 2940.501954
v 3727.440029 43576.080335 2996.301954
v 1633.080013 41608.200320 3308.781957
v 3727.440029 43576.080335 2996.301954
v 1703.760013 43576.080335 3375.741957
v -1633.080013 41608.200320 3308.781957
v 1633.080013 41608.200320 3308.781957
v 1703.760013 43576.080335 3375.741957
v -1633.080013 41608.200320 3308.781957
v 1703.760013 43576.080335 3375.741957
v -1703.760013 43576.080335 3375.741957
v -3571.200027 41608.200320 2940.501954
v -1633.080013 41608.200320 3308.781957
v -1703.760013 43576.080335 3375.741957
v -3571.200027 41608.200320 2940.501954
v -1703.760013 43576.080335 3375.741957
v -3727.440029 43576.080335 2996.301954
v -4895.520038 41608.200320 2203.941948
v -3571.200027 41608.200320 2940.501954
v -3727.440029 43576.080335 2996.301954
v -4895.520038 41608.200320 2203.941948
v -3727.440029 43576.080335 2996.301954
v -5111.280039 43576.080335 2252.301949
v -5695.320044 41608.200320 1095.381940
v -4895.520038 41608.200320 2203.941948
v -5111.280039 43576.080335 2252.301949
v -5695.320044 41608.200320 1095.381940
v -5111.280039 43576.080335 2252.301949
v -5948.280046 43576.080335 1121.421940
v -5963.160046 41608.200320 -772.058075
v -5695.320044 41608.200320 1095.381940
v -5948.280046 43576.080335 1121.421940
v -5963.160046 41608.200320 -772.058075
v -5948.280046 43576.080335 1121.421940
v -6227.280048 43576.080335 -772.058075
v -5695.320044 41608.200320 -2639.498089
v -5963.160046 41608.200320 -772.058075
v -6227.280048 43576.080335 -772.058075
v -5695.320044 41608.200320 -2639.498089
v -6227.280048 43576.080335 -772.058075
v -5948.280046 43576.080335 -2669.258089
v -4895.520038 41608.200320 -3751.778098
v -5695.320044 41608.200320 -2639.498089
v -5948.280046 43576.080335 -2669.258089
v -4895.520038 41608.200320 -3751.778098
v -5948.280046 43576.080335 -2669.258089
v -5111.280039 43576.080335 -3796.418098
v -3571.200027 41608.200320 -4484.618103
v -4895.520038 41608.200320 -3751.778098
v -5111.280039 43576.080335 -3796.418098
v -3571.200027 41608.200320 -4484.618103
v -5111.280039 43576.080335 -3796.418098
v -3727.440029 43576.080335 -4544.138104
v -1633.080013 41608.200320 -4856.618106
v -3571.200027 41608.200320 -4484.618103
v -3727.440029 43576.080335 -4544.138104
v -1633.080013 41608.200320 -4856.618106
v -3727.440029 43576.080335 -4544.138104
v -1703.760013 43576.080335 -4919.858107
v 1633.080013 41608.200320 -4856.618106
v -1633.080013 41608.200320 -4856.618106
v -1703.760013 43576.080335 -4919.858107
v 1633.080013 41608.200320 -4856.618106
v -1703.760013 43576.080335 -4919.858107
v 1703.760013 43576.080335 -4919.858107
v 3571.200027 41608.200320 -4484.618103
v 1633.080013 41608.200320 -4856.618106
v 1703.760013 43576.080335 -4919.858107
v 3571.200027 41608.200320 -4484.618103
v 1703.760013 43576.080335 -4919.858107
v 3727.440029 43576.080335 -4544.138104
v 4895.520038 41608.200320 -3751.778098
v 3571.200027 41608.200320 -4484.618103
v 3727.440029 43576.080335 -4544.138104
v 4895.520038 41608.200320 -3751.778098
v 3727.440029 43576.080335 -4544.138104
v 5111.280039 43576.080335 -3796.418098
v 5695.320044 41608.200320 -2639.498089
v 4895.520038 41608.200320 -3751.778098
v 5111.280039 43576.080335 -3796.418098
v 5695.320044 41608.200320 -2639.498089
v 5111.280039 43576.080335 -3796.418098
v 5948.280046 43576.080335 -2669.258089
v 5963.160046 41608.200320 -772.058075
v 5695.320044 41608.200320 -2639.498089
v 5948.280046 43576.080335 -2669.258089
v 5963.160046 41608.200320 -772.058075
v 5948.280046 43576.080335 -2669.258089
v 6227.280048 43576.080335 -772.058075
v 5948.280046 43576.080335 1121.421940
v 6227.280048 43576.080335 -772.058075
v 6290.520048 45540.240350 -772.058075
v 5948.280046 43576.080335 1121.421940
v 6290.520048 45540.240350 -772.058075
v 6015.240046 45540.240350 1043.301939
v 5111.280039 43576.080335 2252.301949
v 5948.280046 43576.080335 1121.421940
v 6015.240046 45540.240350 1043.301939
v 5111.280039 43576.080335 2252.301949
v 6015.240046 45540.240350 1043.301939
v 5193.120040 45540.240350 2088.621947
v 3727.440029 43576.080335 2996.301954
v 5111.280039 43576.080335 2252.301949
v 5193.120040 45540.240350 2088.621947
v 3727.440029 43576.080335 2996.301954
v 5193.120040 45540.240350 2088.621947
v 3820.440029 45540.240350 2773.101953
v 1703.760013 43576.080335 3375.741957
v 3727.440029 43576.080335 2996.301954
v 3820.440029 45540.240350 2773.101953
v 1703.760013 43576.080335 3375.741957
v 3820.440029 45540.240350 2773.101953
v 1785.600014 45540.240350 3115.341955
v -1703.760013 43576.080335 3375.741957
v 1703.760013 43576.080335 3375.741957
v 1785.600014 45540.240350 3115.341955
v -1703.760013 43576.080335 3375.741957
v 1785.600014 45540.240350 3115.341955
v -1785.600014 45540.240350 3115.341955
v -3727.440029 43576.080335 2996.301954
v -1703.760013 43576.080335 3375.741957
v -1785.600014 45540.240350 3115.341955
v -3727.440029 43576.080335 2996.301954
v -1785.600014 45540.240350 3115.341955
v -3820.440029 45540.240350 2773.101953
v -5111.280039 43576.080335 2252.301949
v -3727.440029 43576.080335 2996.301954
v -3820.440029 45540.240350 2773.101953
v -5111.280039 43576.080335 2252.301949
v -3820.440029 45540.240350 2773.101953
v -5193.120040 45540.240350 2088.621947
v -5948.280046 43576.080335 1121.421940
v -5111.280039 43576.080335 2252.301949
v -5193.120040 45540.240350 2088.621947
v -5948.280046 43576.080335 1121.421940
v -5193.120040 45540.240350 2088.621947
v -6015.240046 45540.240350 1043.301939
v -6227.280048 43576.080335 -772.058075
v -5948.280046 43576.080335 1121.421940
v -6015.240046 45540.240350 1043.301939
v -6227.280048 43576.080335 -772.058075
v -6015.240046 45540.240350 1043.301939
v -6290.520048 45540.240350 -772.058075
v -5948.280046 43576.080335 -2669.258089
v -6227.280048 43576.080335 -772.058075
v -6290.520048 45540.240350 -772.058075
v -5948.280046 43576.080335 -2669.258089
v -6290.520048 45540.240350 -772.058075
v -6015.240046 45540.240350 -2591.138089
v -5111.280039 43576.080335 -3796.418098
v -5948.280046 43576.080335 -2669.258089
v -6015.240046 45540.240350 -2591.138089
v -5111.280039 43576.080335 -3796.418098
v -6015.240046 45540.240350 -2591.138089
v -5193.120040 45540.240350 -3632.738097
v -3727.440029 43576.080335 -4544.138104
v -5111.280039 43576.080335 -3796.418098
v -5193.120040 45540.240350 -3632.738097
v -3727.440029 43576.080335 -4544.138104
v -5193.120040 45540.240350 -3632.738097
v -3820.440029 45540.240350 -4317.218102
v -1703.760013 43576.080335 -4919.858107
v -3727.440029 43576.080335 -4544.138104
v -3820.440029 45540.240350 -4317.218102
v -1703.760013 43576.080335 -4919.858107
v -3820.440029 45540.240350 -4317.218102
v -1785.600014 45540.240350 -4663.178105
v 1703.760013 43576.080335 -4919.858107
v -1703.760013 43576.080335 -4919.858107
v -1785.600014 45540.240350 -4663.178105
v 1703.760013 43576.080335 -4919.858107
v -1785.600014 45540.240350 -4663.178105
v 1785.600014 45540.240350 -4663.178105
v 3727.440029 43576.080335 -4544.138104
v 1703.760013 43576.080335 -4919.858107
v 1785.600014 45540.240350 -4663.178105
v 3727.440029 43576.080335 -4544.138104
v 1785.600014 45540.240350 -4663.178105
v 3820.440029 45540.240350 -4317.218102
v 5111.280039 43576.080335 -3796.418098
v 3727.440029 43576.080335 -4544.138104
v 3820.440029 45540.240350 -4317.218102
v 5111.280039 43576.080335 -3796.418098
v 3820.440029 45540.240350 -4317.218102
v 5193.120040 45540.240350 -3632.738097
v 5948.280046 43576.080335 -2669.258089
v 5111.280039 43576.080335 -3796.418098
v 5193.120040 45540.240350 -3632.738097
v 5948.280046 43576.080335 -2669.258089
v 5193.120040 45540.240350 -3632.738097
v 6015.240046 45540.240350 -2591.138089
v 6227.280048 43576.080335 -772.058075
v 5948.280046 43576.080335 -2669.258089
v 6015.240046 45540.240350 -2591.138089
v 6227.280048 43576.080335 -772.058075
v 6015.240046 45540.240350 -2591.138089
v 6290.520048 45540.240350 -772.058075
v 6015.240046 45540.240350 1043.301939
v 6290.520048 45540.240350 -772.058075
v 6684.840051 47509.050365 -772.058075
v 6015.240046 45540.240350 1043.301939
v 6684.840051 47509.050365 -772.058075
v 6409.560049 47509.050365 931.701938
v 5193.120040 45540.240350 2088.621947
v 6015.240046 45540.240350 1043.301939
v 6409.560049 47509.050365 931.701938
v 5193.120040 45540.240350 2088.621947
v 6409.560049 47509.050365 931.701938
v 5576.280043 47509.050365 1846.821945
v 3820.440029 45540.240350 2773.101953
v 5193.120040 45540.240350 2088.621947
v 5576.280043 47509.050365 1846.821945
v 3820.440029 45540.240350 2773.101953
v 5576.280043 47509.050365 1846.821945
v 4173.840032 47509.050365 2434.581950
v 1785.600014 45540.240350 3115.341955
v 3820.440029 45540.240350 2773.101953
v 4173.840032 47509.050365 2434.581950
v 1785.600014 45540.240350 3115.341955
v 4173.840032 47509.050365 2434.581950
v 2031.120016 47509.050365 2728.461952
v -1785.600014 45540.240350 3115.341955
v 1785.600014 45540.240350 3115.341955
v 2031.120016 47509.050365 2728.461952
v -1785.600014 45540.240350 3115.341955
v 2031.120016 47509.050365 2728.461952
v -2031.120016 47509.050365 2728.461952
v -3820.440029 45540.240350 2773.101953
v -1785.600014 45540.240350 3115.341955
v -2031.120016 47509.050365 2728.461952
v -3820.440029 45540.240350 2773.101953
v -2031.120016 47509.050365 2728.461952
v -4173.840032 47509.050365 2434.581950
v -5193.120040 45540.240350 2088.621947
v -3820.440029 45540.240350 2773.101953
v -4173.840032 47509.050365 2434.581950
v -5193.120040 45540.240350 2088.621947
v -4173.840032 47509.050365 2434.581950
v -5576.280043 47509.050365 1846.821945
v -6015.240046 45540.240350 1043.301939
v -5193.120040 45540.240350 2088.621947
v -5576.280043 47509.050365 1846.821945
v -6015.240046 45540.240350 1043.301939
v -5576.280043 47509.050365 1846.821945
v -6409.560049 47509.050365 931.701938
v -6290.520048 45540.240350 -772.058075
v -6015.240046 45540.240350 1043.301939
v -6409.560049 47509.050365 931.701938
v -6290.520048 45540.240350 -772.058075
v -6409.560049 47509.050365 931.701938
v -6684.840051 47509.050365 -772.058075
v -6015.240046 45540.240350 -2591.138089
v -6290.520048 45540.240350 -772.058075
v -6684.840051 47509.050365 -772.058075
v -6015.240046 45540.240350 -2591.138089
v -6684.840051 47509.050365 -772.058075
v -6409.560049 47509.050365 -2479.538088
v -5193.120040 45540.240350 -3632.738097
v -6015.240046 45540.240350 -2591.138089
v -6409.560049 47509.050365 -2479.538088
v -5193.120040 45540.240350 -3632.738097
v -6409.560049 47509.050365 -2479.538088
v -5576.280043 47509.050365 -3394.658095
v -3820.440029 45540.240350 -4317.218102
v -5193.120040 45540.240350 -3632.738097
v -5576.280043 47509.050365 -3394.658095
v -3820.440029 45540.240350 -4317.218102
v -5576.280043 47509.050365 -3394.658095
v -4173.840032 47509.050365 -3982.418099
v -1785.600014 45540.240350 -4663.178105
v -3820.440029 45540.240350 -4317.218102
v -4173.840032 47509.050365 -3982.418099
v -1785.600014 45540.240350 -4663.178105
v -4173.840032 47509.050365 -3982.418099
v -2031.120016 47509.050365 -4276.298102
v 1785.600014 45540.240350 -4663.178105
v -1785.600014 45540.240350 -4663.178105
v -2031.120016 47509.050365 -4276.298102
v 1785.600014 45540.240350 -4663.178105
v -2031.120016 47509.050365 -4276.298102
v 2031.120016 47509.050365 -4276.298102
v 3820.440029 45540.240350 -4317.218102
v 1785.600014 45540.240350 -4663.178105
v 2031.120016 47509.050365 -4276.298102
v 3820.440029 45540.240350 -4317.218102
v 2031.120016 47509.050365 -4276.298102
v 4173.840032 47509.050365 -3982.418099
v 5193.120040 45540.240350 -3632.738097
v 3820.440029 45540.240350 -4317.218102
v 4173.840032 47509.050365 -3982.418099
v 5193.120040 45540.240350 -3632.738097
v 4173.840032 47509.050365 -3982.418099
v 5576.280043 47509.050365 -3394.658095
v 6015.240046 45540.240350 -2591.138089
v 5193.120040 45540.240350 -3632.738097
v 5576.280043 47509.050365 -3394.658095
v 6015.240046 45540.240350 -2591.138089
v 5576.280043 47509.050365 -3394.658095
v 6409.560049 47509.050365 -2479.538088
v 6290.520048 45540.240350 -772.058075
v 6015.240046 45540.240350 -2591.138089
v 6409.560049 47509.050365 -2479.538088
v 6290.520048 45540.240350 -772.058075
v 6409.560049 47509.050365 -2479.538088
v 6684.840051 47509.050365 -772.058075
v 6409.560049 47509.050365 931.701938
v 6684.840051 47509.050365 -772.058075
v 5635.800043 48818.490375 -772.058075
v 6409.560049 47509.050365 931.701938
v 5635.800043 48818.490375 -772.058075
v 5408.880042 48818.490375 842.421938
v 5576.280043 47509.050365 1846.821945
v 6409.560049 47509.050365 931.701938
v 5408.880042 48818.490375 842.421938
v 5576.280043 47509.050365 1846.821945
v 5408.880042 48818.490375 842.421938
v 4728.120036 48818.490375 1675.701944
v 4173.840032 47509.050365 2434.581950
v 5576.280043 47509.050365 1846.821945
v 4728.120036 48818.490375 1675.701944
v 4173.840032 47509.050365 2434.581950
v 4728.120036 48818.490375 1675.701944
v 3567.480027 48818.490375 2207.661948
v 2031.120016 47509.050365 2728.461952
v 4173.840032 47509.050365 2434.581950
v 3567.480027 48818.490375 2207.661948
v 2031.120016 47509.050365 2728.461952
v 3567.480027 48818.490375 2207.661948
v 1774.440014 48818.490375 2471.781950
v -2031.120016 47509.050365 2728.461952
v 2031.120016 47509.050365 2728.461952
v 1774.440014 48818.490375 2471.781950
v -2031.120016 47509.050365 2728.461952
v 1774.440014 48818.490375 2471.781950
v -1774.440014 48818.490375 2471.781950
v -4173.840032 47509.050365 2434.581950
v -2031.120016 47509.050365 2728.461952
v -1774.440014 48818.490375 2471.781950
v -4173.840032 47509.050365 2434.581950
v -1774.440014 48818.490375 2471.781950
v -3567.480027 48818.490375 2207.661948
v -5576.280043 47509.050365 1846.821945
v -4173.840032 47509.050365 2434.581950
v -3567.480027 48818.490375 2207.661948
v -5576.280043 47509.050365 1846.821945
v -3567.480027 48818.490375 2207.661948
v -4728.120036 48818.490375 1675.701944
v -6409.560049 47509.050365 931.701938
v -5576.280043 47509.050365 1846.821945
v -4728.120036 48818.490375 1675.701944
v -6409.560049 47509.050365 931.701938
v -4728.120036 48818.490375 1675.701944
v -5408.880042 48818.490375 842.421938
v -6684.840051 47509.050365 -772.058075
v -6409.560049 47509.050365 931.701938
v -5408.880042 48818.490375 842.421938
v -6684.840051 47509.050365 -772.058075
v -5408.880042 48818.490375 842.421938
v -5635.800043 48818.490375 -772.058075
v -6409.560049 47509.050365 -2479.538088
v -6684.840051 47509.050365 -772.058075
v -5635.800043 48818.490375 -772.058075
v -6409.560049 47509.050365 -2479.538088
v -5635.800043 48818.490375 -772.058075
v -5408.880042 48818.490375 -2386.538087
v -5576.280043 47509.050365 -3394.658095
v -6409.560049 47509.050365 -2479.538088
v -5408.880042 48818.490375 -2386.538087
v -5576.280043 47509.050365 -3394.658095
v -5408.880042 48818.490375 -2386.538087
v -4728.120036 48818.490375 -3219.818094
v -4173.840032 47509.050365 -3982.418099
v -5576.280043 47509.050365 -3394.658095
v -4728.120036 48818.490375 -3219.818094
v -4173.840032 47509.050365 -3982.418099
v -4728.120036 48818.490375 -3219.818094
v -3567.480027 48818.490375 -3751.778098
v -2031.120016 47509.050365 -4276.298102
v -4173.840032 47509.050365 -3982.418099
v -3567.480027 48818.490375 -3751.778098
v -2031.120016 47509.050365 -4276.298102
v -3567.480027 48818.490375 -3751.778098
v -1774.440014 48818.490375 -4015.898100
v 2031.120016 47509.050365 -4276.298102
v -2031.120016 47509.050365 -4276.298102
v -1774.440014 48818.490375 -4015.898100
v 2031.120016 47509.050365 -4276.298102
v -1774.440014 48818.490375 -4015.898100
v 1774.440014 48818.490375 -4015.898100
v 4173.840032 47509.050365 -3982.418099
v 2031.120016 47509.050365 -4276.298102
v 1774.440014 48818.490375 -4015.898100
v 4173.840032 47509.050365 -3982.418099
v 1774.440014 48818.490375 -4015.898100
v 3567.480027 48818.490375 -3751.778098
v 5576.280043 47509.050365 -3394.658095
v 4173.840032 47509.050365 -3982.418099
v 3567.480027 48818.490375 -3751.778098
v 5576.280043 47509.050365 -3394.658095
v 3567.480027 48818.490375 -3751.778098
v 4728.120036 48818.490375 -3219.818094
v 6409.560049 47509.050365 -2479.538088
v 5576.280043 47509.050365 -3394.658095
v 4728.120036 48818.490375 -3219.818094
v 6409.560049 47509.050365 -2479.538088
v 4728.120036 48818.490375 -3219.818094
v 5408.880042 48818.490375 -2386.538087
v 6684.840051 47509.050365 -772.058075
v 6409.560049 47509.050365 -2479.538088
v 5408.880042 48818.490375 -2386.538087
v 6684.840051 47509.050365 -772.058075
v 5408.880042 48818.490375 -2386.538087
v 5635.800043 48818.490375 -772.058075
v 5408.880042 48818.490375 842.421938
v 5635.800043 48818.490375 -772.058075
v 3407.520026 49640.610382 -772.058075
v 5408.880042 48818.490375 842.421938
v 3407.520026 49640.610382 -772.058075
v 3262.440025 49640.610382 496.461935
v 4728.120036 48818.490375 1675.701944
v 5408.880042 48818.490375 842.421938
v 3262.440025 49640.610382 496.461935
v 4728.120036 48818.490375 1675.701944
v 3262.440025 49640.610382 496.461935
v 2827.200022 49640.610382 1199.541940
v 3567.480027 48818.490375 2207.661948
v 4728.120036 48818.490375 1675.701944
v 2827.200022 49640.610382 1199.541940
v 3567.480027 48818.490375 2207.661948
v 2827.200022 49640.610382 1199.541940
v 2098.080016 49640.610382 1657.101944
v 1774.440014 48818.490375 2471.781950
v 3567.480027 48818.490375 2207.661948
v 2098.080016 49640.610382 1657.101944
v 1774.440014 48818.490375 2471.781950
v 2098.080016 49640.610382 1657.101944
v 1000.680008 49640.610382 1884.021946
v -1774.440014 48818.490375 2471.781950
v 1774.440014 48818.490375 2471.781950
v 1000.680008 49640.610382 1884.021946
v -1774.440014 48818.490375 2471.781950
v 1000.680008 49640.610382 1884.021946
v -1000.680008 49640.610382 1884.021946
v -3567.480027 48818.490375 2207.661948
v -1774.440014 48818.490375 2471.781950
v -1000.680008 49640.610382 1884.021946
v -3567.480027 48818.490375 2207.661948
v -1000.680008 49640.610382 1884.021946
v -2098.080016 49640.610382 1657.101944
v -4728.120036 48818.490375 1675.701944
v -3567.480027 48818.490375 2207.661948
v -2098.080016 49640.610382 1657.101944
v -4728.120036 48818.490375 1675.701944
v -2098.080016 49640.610382 1657.101944
v -2827.200022 49640.610382 1199.541940
v -5408.880042 48818.490375 842.421938
v -4728.120036 48818.490375 1675.701944
v -2827.200022 49640.610382 1199.541940
v -5408.880042 48818.490375 842.421938
v -2827.200022 49640.610382 1199.541940
v -3262.440025 49640.610382 496.461935
v -5635.800043 48818.490375 -772.058075
v -5408.880042 48818.490375 842.421938
v -3262.440025 49640.610382 496.461935
v -5635.800043 48818.490375 -772.058075
v -3262.440025 49640.610382 496.461935
v -3407.520026 49640.610382 -772.058075
v -5408.880042 48818.490375 -2386.538087
v -5635.800043 48818.490375 -772.058075
v -3407.520026 49640.610382 -772.058075
v -5408.880042 48818.490375 -2386.538087
v -3407.520026 49640.610382 -772.058075
v -3262.440025 49640.610382 -2040.578085
v -4728.120036 48818.490375 -3219.818094
v -5408.880042 48818.490375 -2386.538087
v -3262.440025 49640.610382 -2040.578085
v -4728.120036 48818.490375 -3219.818094
v -3262.440025 49640.610382 -2040.578085
v -2827.200022 49640.610382 -2743.658090
v -3567.480027 48818.490375 -3751.778098
v -4728.120036 48818.490375 -3219.818094
v -2827.200022 49640.610382 -2743.658090
v -3567.480027 48818.490375 -3751.778098
v -2827.200022 49640.610382 -2743.658090
v -2098.080016 49640.610382 -3201.218093
v -1774.440014 48818.490375 -4015.898100
v -3567.480027 48818.490375 -3751.778098
v -2098.080016 49640.610382 -3201.218093
v -1774.440014 48818.490375 -4015.898100
v -2098.080016 49640.610382 -3201.218093
v -1000.680008 49640.610382 -3431.858095
v 1774.440014 48818.490375 -4015.898100
v -1774.440014 48818.490375 -4015.898100
v -1000.680008 49640.610382 -3431.858095
v 1774.440014 48818.490375 -4015.898100
v -1000.680008 49640.610382 -3431.858095
v 1000.680008 49640.610382 -3431.858095
v 3567.480027 48818.490375 -3751.778098
v 1774.440014 48818.490375 -4015.898100
v 1000.680008 49640.610382 -3431.858095
v 3567.480027 48818.490375 -3751.778098
v 1000.680008 49640.610382 -3431.858095
v 2098.080016 49640.610382 -3201.218093
v 4728.120036 48818.490375 -3219.818094
v 3567.480027 48818.490375 -3751.778098
v 2098.080016 49640.610382 -3201.218093
v 4728.120036 48818.490375 -3219.818094
v 2098.080016 49640.610382 -3201.218093
v 2827.200022 49640.610382 -2743.658090
v 5408.880042 48818.490375 -2386.538087
v 4728.120036 48818.490375 -3219.818094
v 2827.200022 49640.610382 -2743.658090
v 5408.880042 48818.490375 -2386.538087
v 2827.200022 49640.610382 -2743.658090
v 3262.440025 49640.610382 -2040.578085
v 5635.800043 48818.490375 -772.058075
v 5408.880042 48818.490375 -2386.538087
v 3262.440025 49640.610382 -2040.578085
v 5635.800043 48818.490375 -772.058075
v 3262.440025 49640.610382 -2040.578085
v 3407.520026 49640.610382 -772.058075
v 0.000000 28497.990219 -772.058075
v 5245.200040 28497.990219 -772.058075
v 4995.960038 28497.990219 901.941938
v 0.000000 28497.990219 -772.058075
v 4995.960038 28497.990219 901.941938
v 4259.400033 28497.990219 1965.861946
v 0.000000 28497.990219 -772.058075
v 4259.400033 28497.990219 1965.861946
v 3054.120023 28497.990219 2683.821952
v 0.000000 28497.990219 -772.058075
v 3054.120023 28497.990219 2683.821952
v 1339.200010 28497.990219 3048.381955
v 0.000000 28497.990219 -772.058075
v 1339.200010 28497.990219 3048.381955
v -1339.200010 28497.990219 3048.381955
v 0.000000 28497.990219 -772.058075
v -1339.200010 28497.990219 3048.381955
v -3054.120023 28497.990219 2683.821952
v 0.000000 28497.990219 -772.058075
v -3054.120023 28497.990219 2683.821952
v -4259.400033 28497.990219 1965.861946
v 0.000000 28497.990219 -772.058075
v -4259.400033 28497.990219 1965.861946
v -4995.960038 28497.990219 901.941938
v 0.000000 28497.990219 -772.058075
v -4995.960038 28497.990219 901.941938
v -5245.200040 28497.990219 -772.058075
v 0.000000 28497.990219 -772.058075
v -5245.200040 28497.990219 -772.058075
v -4995.960038 28497.990219 -2446.058088
v 0.000000 28497.990219 -772.058075
v -4995.960038 28497.990219 -2446.058088
v -4259.400033 28497.990219 -3513.698096
v 0.000000 28497.990219 -772.058075
v -4259.400033 28497.990219 -3513.698096
v -3054.120023 28497.990219 -4227.938101
v 0.000000 28497.990219 -772.058075
v -3054.120023 28497.990219 -4227.938101
v -1339.200010 28497.990219 -4592.498104
v 0.000000 28497.990219 -772.058075
v -1339.200010 28497.990219 -4592.498104
v 1339.200010 28497.990219 -4592.498104
v 0.000000 28497.990219 -772.058075
v 1339.200010 28497.990219 -4592.498104
v 3054.120023 28497.990219 -4227.938101
v 0.000000 28497.990219 -772.058075
v 3054.120023 28497.990219 -4227.938101
v 4259.400033 28497.990219 -3513.698096
v 0.000000 28497.990219 -772.058075
v 4259.400033 28497.990219 -3513.698096
v 4995.960038 28497.990219 -2446.058088
v 0.000000 28497.990219 -772.058075
v 4995.960038 28497.990219 -2446.058088
v 5245.200040 28497.990219 -772.058075
v 0.000000 49640.610382 -772.058075
v 3262.440025 49640.610382 496.461935
v 3407.520026 49640.610382 -772.058075
v 0.000000 49640.610382 -772.058075
v 2827.200022 49640.610382 1199.541940
v 3262.440025 49640.610382 496.461935
v 0.000000 49640.610382 -772.058075
v 2098.080016 49640.610382 1657.101944
v 2827.200022 49640.610382 1199.541940
v 0.000000 49640.610382 -772.058075
v 1000.680008 49640.610382 1884.021946
v 2098.080016 49640.610382 1657.101944
v 0.000000 49640.610382 -772.058075
v -1000.680008 49640.610382 1884.021946
v 1000.680008 49640.610382 1884.021946
v 0.000000 49640.610382 -772.058075
v -2098.080016 49640.610382 1657.101944
v -1000.680008 49640.610382 1884.021946
v 0.000000 49640.610382 -772.058075
v -2827.200022 49640.610382 1199.541940
v -2098.080016 49640.610382 1657.101944
v 0.000000 49640.610382 -772.058075
v -3262.440025 49640.610382 496.461935
v -2827.200022 49640.610382 1199.541940
v 0.000000 49640.610382 -772.058075
v -3407.520026 49640.610382 -772.058075
v -3262.440025 49640.610382 496.461935
v 0.000000 49640.610382 -772.058075
v -3262.440025 49640.610382 -2040.578085
v -3407.520026 49640.610382 -772.058075
v 0.000000 49640.610382 -772.058075
v -2827.200022 49640.610382 -2743.658090
v -3262.440025 49640.610382 -2040.578085
v 0.000000 49640.610382 -772.058075
v -2098.080016 49640.610382 -3201.218093
v -2827.200022 49640.610382 -2743.658090
v 0.000000 49640.610382 -772.058075
v -1000.680008 49640.610382 -3431.858095
v -2098.080016 49640.610382 -3201.218093
v 0.000000 49640.610382 -772.058075
v 1000.680008 49640.610382 -3431.858095
v -1000.680008 49640.610382 -3431.858095
v 0.000000 49640.610382 -772.058075
v 2098.080016 49640.610382 -3201.218093
v 1000.680008 49640.610382 -3431.858095
v 0.000000 49640.610382 -772.058075
v 2827.200022 49640.610382 -2743.658090
v 2098.080016 49640.610382 -3201.218093
v 0.000000 49640.610382 -772.058075
v 3262.440025 49640.610382 -2040.578085
v 2827.200022 49640.610382 -2743.658090
v 0.000000 49640.610382 -772.058075
v 3407.520026 49640.610382 -772.058075
v 3262.440025 49640.610382 -2040.578085
v 1848.840014 48409.290372 154.221932
v 2031.120016 48654.810374 -772.058075
v 1607.040012 49149.570378 -641.858074
v 1848.840014 48409.290372 154.221932
v 1607.040012 49149.570378 -641.858074
v 1454.520011 49078.890377 94.701932
v 1328.040010 48238.170371 801.501937
v 1848.840014 48409.290372 154.221932
v 1454.520011 49078.890377 94.701932
v 1328.040010 48238.170371 801.501937
v 1454.520011 49078.890377 94.701932
v 1026.720008 49026.810377 648.981936
v 524.520004 48145.170370 1147.461940
v 1328.040010 48238.170371 801.501937
v 1026.720008 49026.810377 648.981936
v 524.520004 48145.170370 1147.461940
v 1026.720008 49026.810377 648.981936
v 386.880003 49000.770377 950.301938
v -524.520004 48145.170370 1147.461940
v 524.520004 48145.170370 1147.461940
v 386.880003 49000.770377 950.301938
v -524.520004 48145.170370 1147.461940
v 386.880003 49000.770377 950.301938
v -386.880003 49000.770377 950.301938
v -1328.040010 48238.170371 801.501937
v -524.520004 48145.170370 1147.461940
v -386.880003 49000.770377 950.301938
v -1328.040010 48238.170371 801.501937
v -386.880003 49000.770377 950.301938
v -1026.720008 49026.810377 648.981936
v -1848.840014 48409.290372 154.221932
v -1328.040010 48238.170371 801.501937
v -1026.720008 49026.810377 648.981936
v -1848.840014 48409.290372 154.221932
v -1026.720008 49026.810377 648.981936
v -1454.520011 49078.890377 94.701932
v -2031.120016 48654.810374 -772.058075
v -1848.840014 48409.290372 154.221932
v -1454.520011 49078.890377 94.701932
v -2031.120016 48654.810374 -772.058075
v -1454.520011 49078.890377 94.701932
v -1607.040012 49149.570378 -641.858074
v -1848.840014 48904.050376 -1698.338082
v -2031.120016 48654.810374 -772.058075
v -1607.040012 49149.570378 -641.858074
v -1848.840014 48904.050376 -1698.338082
v -1607.040012 49149.570378 -641.858074
v -1454.520011 49216.530379 -1378.418079
v -1328.040010 49075.170377 -2345.618087
v -1848.840014 48904.050376 -1698.338082
v -1454.520011 49216.530379 -1378.418079
v -1328.040010 49075.170377 -2345.618087
v -1454.520011 49216.530379 -1378.418079
v -1026.720008 49268.610379 -1932.698084
v -524.520004 49168.170378 -2691.578090
v -1328.040010 49075.170377 -2345.618087
v -1026.720008 49268.610379 -1932.698084
v -524.520004 49168.170378 -2691.578090
v -1026.720008 49268.610379 -1932.698084
v -386.880003 49294.650379 -2234.018086
v 524.520004 49168.170378 -2691.578090
v -524.520004 49168.170378 -2691.578090
v -386.880003 49294.650379 -2234.018086
v 524.520004 49168.170378 -2691.578090
v -386.880003 49294.650379 -2234.018086
v 386.880003 49294.650379 -2234.018086
v 1328.040010 49075.170377 -2345.618087
v 524.520004 49168.170378 -2691.578090
v 386.880003 49294.650379 -2234.018086
v 1328.040010 49075.170377 -2345.618087
v 386.880003 49294.650379 -2234.018086
v 1026.720008 49268.610379 -1932.698084
v 1848.840014 48904.050376 -1698.338082
v 1328.040010 49075.170377 -2345.618087
v 1026.720008 49268.610379 -1932.698084
v 1848.840014 48904.050376 -1698.338082
v 1026.720008 49268.610379 -1932.698084
v 1454.520011 49216.530379 -1378.418079
v 2031.120016 48654.810374 -772.058075
v 1848.840014 48904.050376 -1698.338082
v 1454.520011 49216.530379 -1378.418079
v 2031.120016 48654.810374 -772.058075
v 1454.520011 49216.530379 -1378.418079
v 1607.040012 49149.570378 -641.858074
v 1454.520011 49078.890377 94.701932
v 1607.040012 49149.570378 -641.858074
v 1540.080012 50786.370391 -574.898073
v 1454.520011 49078.890377 94.701932
v 1540.080012 50786.370391 -574.898073
v 1395.000011 50756.610390 135.621932
v 1026.720008 49026.810377 648.981936
v 1454.520011 49078.890377 94.701932
v 1395.000011 50756.610390 135.621932
v 1026.720008 49026.810377 648.981936
v 1395.000011 50756.610390 135.621932
v 982.080008 50738.010390 667.581936
v 386.880003 49000.770377 950.301938
v 1026.720008 49026.810377 648.981936
v 982.080008 50738.010390 667.581936
v 386.880003 49000.770377 950.301938
v 982.080008 50738.010390 667.581936
v 368.280003 50726.850390 957.741939
v -386.880003 49000.770377 950.301938
v 386.880003 49000.770377 950.301938
v 368.280003 50726.850390 957.741939
v -386.880003 49000.770377 950.301938
v 368.280003 50726.850390 957.741939
v -368.280003 50726.850390 957.741939
v -1026.720008 49026.810377 648.981936
v -386.880003 49000.770377 950.301938
v -368.280003 50726.850390 957.741939
v -1026.720008 49026.810377 648.981936
v -368.280003 50726.850390 957.741939
v -982.080008 50738.010390 667.581936
v -1454.520011 49078.890377 94.701932
v -1026.720008 49026.810377 648.981936
v -982.080008 50738.010390 667.581936
v -1454.520011 49078.890377 94.701932
v -982.080008 50738.010390 667.581936
v -1395.000011 50756.610390 135.621932
v -1607.040012 49149.570378 -641.858074
v -1454.520011 49078.890377 94.701932
v -1395.000011 50756.610390 135.621932
v -1607.040012 49149.570378 -641.858074
v -1395.000011 50756.610390 135.621932
v -1540.080012 50786.370391 -574.898073
v -1454.520011 49216.530379 -1378.418079
v -1607.040012 49149.570378 -641.858074
v -1540.080012 50786.370391 -574.898073
v -1454.520011 49216.530379 -1378.418079
v -1540.080012 50786.370391 -574.898073
v -1395.000011 50816.130391 -1289.138079
v -1026.720008 49268.610379 -1932.698084
v -1454.520011 49216.530379 -1378.418079
v -1395.000011 50816.130391 -1289.138079
v -1026.720008 49268.610379 -1932.698084
v -1395.000011 50816.130391 -1289.138079
v -982.080008 50834.730391 -1821.098083
v -386.880003 49294.650379 -2234.018086
v -1026.720008 49268.610379 -1932.698084
v -982.080008 50834.730391 -1821.098083
v -386.880003 49294.650379 -2234.018086
v -982.080008 50834.730391 -1821.098083
v -368.280003 50849.610391 -2111.258085
v 386.880003 49294.650379 -2234.018086
v -386.880003 49294.650379 -2234.018086
v -368.280003 50849.610391 -2111.258085
v 386.880003 49294.650379 -2234.018086
v -368.280003 50849.610391 -2111.258085
v 368.280003 50849.610391 -2111.258085
v 1026.720008 49268.610379 -1932.698084
v 386.880003 49294.650379 -2234.018086
v 368.280003 50849.610391 -2111.258085
v 1026.720008 49268.610379 -1932.698084
v 368.280003 50849.610391 -2111.258085
v 982.080008 50834.730391 -1821.098083
v 1454.520011 49216.530379 -1378.418079
v 1026.720008 49268.610379 -1932.698084
v 982.080008 50834.730391 -1821.098083
v 1454.520011 49216.530379 -1378.418079
v 982.080008 50834.730391 -1821.098083
v 1395.000011 50816.130391 -1289.138079
v 1607.040012 49149.570378 -641.858074
v 1454.520011 49216.530379 -1378.418079
v 1395.000011 50816.130391 -1289.138079
v 1607.040012 49149.570378 -641.858074
v 1395.000011 50816.130391 -1289.138079
v 1540.080012 50786.370391 -574.898073
v 0.000000 48654.810374 -772.058075
v 2031.120016 48654.810374 -772.058075
v 1848.840014 48409.290372 154.221932
v 0.000000 48654.810374 -772.058075
v 1848.840014 48409.290372 154.221932
v 1328.040010 48238.170371 801.501937
v 0.000000 48654.810374 -772.058075
v 1328.040010 48238.170371 801.501937
v 524.520004 48145.170370 1147.461940
v 0.000000 48654.810374 -772.058075
v 524.520004 48145.170370 1147.461940
v -524.520004 48145.170370 1147.461940
v 0.000000 48654.810374 -772.058075
v -524.520004 48145.170370 1147.461940
v -1328.040010 48238.170371 801.501937
v 0.000000 48654.810374 -772.058075
v -1328.040010 48238.170371 801.501937
v -1848.840014 48409.290372 154.221932
v 0.000000 48654.810374 -772.058075
v -1848.840014 48409.290372 154.221932
v -2031.120016 48654.810374 -772.058075
v 0.000000 48654.810374 -772.058075
v -2031.120016 48654.810374 -772.058075
v -1848.840014 48904.050376 -1698.338082
v 0.000000 48654.810374 -772.058075
v -1848.840014 48904.050376 -1698.338082
v -1328.040010 49075.170377 -2345.618087
v 0.000000 48654.810374 -772.058075
v -1328.040010 49075.170377 -2345.618087
v -524.520004 49168.170378 -2691.578090
v 0.000000 48654.810374 -772.058075
v -524.520004 49168.170378 -2691.578090
v 524.520004 49168.170378 -2691.578090
v 0.000000 48654.810374 -772.058075
v 524.520004 49168.170378 -2691.578090
v 1328.040010 49075.170377 -2345.618087
v 0.000000 48654.810374 -772.058075
v 1328.040010 49075.170377 -2345.618087
v 1848.840014 48904.050376 -1698.338082
v 0.000000 48654.810374 -772.058075
v 1848.840014 48904.050376 -1698.338082
v 2031.120016 48654.810374 -772.058075
v 1391.280011 50622.690389 -214.058070
v 1476.840011 50622.690389 -772.058075
v 1417.320011 52259.490402 -772.058075
v 1391.280011 50622.690389 -214.058070
v 1417.320011 52259.490402 -772.058075
v 1331.760010 52259.490402 -236.378071
v 1130.880009 50622.690389 276.981933
v 1391.280011 50622.690389 -214.058070
v 1331.760010 52259.490402 -236.378071
v 1130.880009 50622.690389 276.981933
v 1331.760010 52259.490402 -236.378071
v 1086.240008 52259.490402 236.061933
v 740.280006 50622.690389 645.261936
v 1130.880009 50622.690389 276.981933
v 1086.240008 52259.490402 236.061933
v 740.280006 50622.690389 645.261936
v 1086.240008 52259.490402 236.061933
v 706.800005 52259.490402 585.741936
v 256.680002 50622.690389 838.701938
v 740.280006 50622.690389 645.261936
v 706.800005 52259.490402 585.741936
v 256.680002 50622.690389 838.701938
v 706.800005 52259.490402 585.741936
v 245.520002 52259.490402 771.741937
v -256.680002 50622.690389 838.701938
v 256.680002 50622.690389 838.701938
v 245.520002 52259.490402 771.741937
v -256.680002 50622.690389 838.701938
v 245.520002 52259.490402 771.741937
v -245.520002 52259.490402 771.741937
v -740.280006 50622.690389 645.261936
v -256.680002 50622.690389 838.701938
v -245.520002 52259.490402 771.741937
v -740.280006 50622.690389 645.261936
v -245.520002 52259.490402 771.741937
v -706.800005 52259.490402 585.741936
v -1130.880009 50622.690389 276.981933
v -740.280006 50622.690389 645.261936
v -706.800005 52259.490402 585.741936
v -1130.880009 50622.690389 276.981933
v -706.800005 52259.490402 585.741936
v -1086.240008 52259.490402 236.061933
v -1391.280011 50622.690389 -214.058070
v -1130.880009 50622.690389 276.981933
v -1086.240008 52259.490402 236.061933
v -1391.280011 50622.690389 -214.058070
v -1086.240008 52259.490402 236.061933
v -1331.760010 52259.490402 -236.378071
v -1476.840011 50622.690389 -772.058075
v -1391.280011 50622.690389 -214.058070
v -1331.760010 52259.490402 -236.378071
v -1476.840011 50622.690389 -772.058075
v -1331.760010 52259.490402 -236.378071
v -1417.320011 52259.490402 -772.058075
v -1391.280011 50622.690389 -1333.778079
v -1476.840011 50622.690389 -772.058075
v -1417.320011 52259.490402 -772.058075
v -1391.280011 50622.690389 -1333.778079
v -1417.320011 52259.490402 -772.058075
v -1331.760010 52259.490402 -1307.738079
v -1130.880009 50622.690389 -1824.818083
v -1391.280011 50622.690389 -1333.778079
v -1331.760010 52259.490402 -1307.738079
v -1130.880009 50622.690389 -1824.818083
v -1331.760010 52259.490402 -1307.738079
v -1086.240008 52259.490402 -1780.178083
v -740.280006 50622.690389 -2189.378086
v -1130.880009 50622.690389 -1824.818083
v -1086.240008 52259.490402 -1780.178083
v -740.280006 50622.690389 -2189.378086
v -1086.240008 52259.490402 -1780.178083
v -706.800005 52259.490402 -2129.858085
v -256.680002 50622.690389 -2382.818087
v -740.280006 50622.690389 -2189.378086
v -706.800005 52259.490402 -2129.858085
v -256.680002 50622.690389 -2382.818087
v -706.800005 52259.490402 -2129.858085
v -245.520002 52259.490402 -2315.858087
v 256.680002 50622.690389 -2382.818087
v -256.680002 50622.690389 -2382.818087
v -245.520002 52259.490402 -2315.858087
v 256.680002 50622.690389 -2382.818087
v -245.520002 52259.490402 -2315.858087
v 245.520002 52259.490402 -2315.858087
v 740.280006 50622.690389 -2189.378086
v 256.680002 50622.690389 -2382.818087
v 245.520002 52259.490402 -2315.858087
v 740.280006 50622.690389 -2189.378086
v 245.520002 52259.490402 -2315.858087
v 706.800005 52259.490402 -2129.858085
v 1130.880009 50622.690389 -1824.818083
v 740.280006 50622.690389 -2189.378086
v 706.800005 52259.490402 -2129.858085
v 1130.880009 50622.690389 -1824.818083
v 706.800005 52259.490402 -2129.858085
v 1086.240008 52259.490402 -1780.178083
v 1391.280011 50622.690389 -1333.778079
v 1130.880009 50622.690389 -1824.818083
v 1086.240008 52259.490402 -1780.178083
v 1391.280011 50622.690389 -1333.778079
v 1086.240008 52259.490402 -1780.178083
v 1331.760010 52259.490402 -1307.738079
v 1476.840011 50622.690389 -772.058075
v 1391.280011 50622.690389 -1333.778079
v 1331.760010 52259.490402 -1307.738079
v 1476.840011 50622.690389 -772.058075
v 1331.760010 52259.490402 -1307.738079
v 1417.320011 52259.490402 -772.058075
v 1331.760010 52259.490402 -236.378071
v 1417.320011 52259.490402 -772.058075
v 1603.320012 53409.900411 -772.058075
v 1331.760010 52259.490402 -236.378071
v 1603.320012 53409.900411 -772.058075
v 1506.600012 53409.900411 -165.698070
v 1086.240008 52259.490402 236.061933
v 1331.760010 52259.490402 -236.378071
v 1506.600012 53409.900411 -165.698070
v 1086.240008 52259.490402 236.061933
v 1506.600012 53409.900411 -165.698070
v 1227.600009 53409.900411 366.261934
v 706.800005 52259.490402 585.741936
v 1086.240008 52259.490402 236.061933
v 1227.600009 53409.900411 366.261934
v 706.800005 52259.490402 585.741936
v 1227.600009 53409.900411 366.261934
v 799.800006 53409.900411 760.581937
v 245.520002 52259.490402 771.741937
v 706.800005 52259.490402 585.741936
v 799.800006 53409.900411 760.581937
v 245.520002 52259.490402 771.741937
v 799.800006 53409.900411 760.581937
v 279.000002 53409.900411 972.621939
v -245.520002 52259.490402 771.741937
v 245.520002 52259.490402 771.741937
v 279.000002 53409.900411 972.621939
v -245.520002 52259.490402 771.741937
v 279.000002 53409.900411 972.621939
v -279.000002 53409.900411 972.621939
v -706.800005 52259.490402 585.741936
v -245.520002 52259.490402 771.741937
v -279.000002 53409.900411 972.621939
v -706.800005 52259.490402 585.741936
v -279.000002 53409.900411 972.621939
v -799.800006 53409.900411 760.581937
v -1086.240008 52259.490402 236.061933
v -706.800005 52259.490402 585.741936
v -799.800006 53409.900411 760.581937
v -1086.240008 52259.490402 236.061933
v -799.800006 53409.900411 760.581937
v -1227.600009 53409.900411 366.261934
v -1331.760010 52259.490402 -236.378071
v -1086.240008 52259.490402 236.061933
v -1227.600009 53409.900411 366.261934
v -1331.760010 52259.490402 -236.378071
v -1227.600009 53409.900411 366.261934
v -1506.600012 53409.900411 -165.698070
v -1417.320011 52259.490402 -772.058075
v -1331.760010 52259.490402 -236.378071
v -1506.600012 53409.900411 -165.698070
v -1417.320011 52259.490402 -772.058075
v -1506.600012 53409.900411 -165.698070
v -1603.320012 53409.900411 -772.058075
v -1331.760010 52259.490402 -1307.738079
v -1417.320011 52259.490402 -772.058075
v -1603.320012 53409.900411 -772.058075
v -1331.760010 52259.490402 -1307.738079
v -1603.320012 53409.900411 -772.058075
v -1506.600012 53409.900411 -1378.418079
v -1086.240008 52259.490402 -1780.178083
v -1331.760010 52259.490402 -1307.738079
v -1506.600012 53409.900411 -1378.418079
v -1086.240008 52259.490402 -1780.178083
v -1506.600012 53409.900411 -1378.418079
v -1227.600009 53409.900411 -1914.098084
v -706.800005 52259.490402 -2129.858085
v -1086.240008 52259.490402 -1780.178083
v -1227.600009 53409.900411 -1914.098084
v -706.800005 52259.490402 -2129.858085
v -1227.600009 53409.900411 -1914.098084
v -799.800006 53409.900411 -2308.418087
v -245.520002 52259.490402 -2315.858087
v -706.800005 52259.490402 -2129.858085
v -799.800006 53409.900411 -2308.418087
v -245.520002 52259.490402 -2315.858087
v -799.800006 53409.900411 -2308.418087
v -279.000002 53409.900411 -2516.738088
v 245.520002 52259.490402 -2315.858087
v -245.520002 52259.490402 -2315.858087
v -279.000002 53409.900411 -2516.738088
v 245.520002 52259.490402 -2315.858087
v -279.000002 53409.900411 -2516.738088
v 279.000002 53409.900411 -2516.738088
v 706.800005 52259.490402 -2129.858085
v 245.520002 52259.490402 -2315.858087
v 279.000002 53409.900411 -2516.738088
v 706.800005 52259.490402 -2129.858085
v 279.000002 53409.900411 -2516.738088
v 799.800006 53409.900411 -2308.418087
v 1086.240008 52259.490402 -1780.178083
v 706.800005 52259.490402 -2129.858085
v 799.800006 53409.900411 -2308.418087
v 1086.240008 52259.490402 -1780.178083
v 799.800006 53409.900411 -2308.418087
v 1227.600009 53409.900411 -1914.098084
v 1331.760010 52259.490402 -1307.738079
v 1086.240008 52259.490402 -1780.178083
v 1227.600009 53409.900411 -1914.098084
v 1331.760010 52259.490402 -1307.738079
v 1227.600009 53409.900411 -1914.098084
v 1506.600012 53409.900411 -1378.418079
v 1417.320011 52259.490402 -772.058075
v 1331.760010 52259.490402 -1307.738079
v 1506.600012 53409.900411 -1378.418079
v 1417.320011 52259.490402 -772.058075
v 1506.600012 53409.900411 -1378.418079
v 1603.320012 53409.900411 -772.058075
v 1506.600012 53409.900411 -165.698070
v 1603.320012 53409.900411 -772.058075
v 2094.360016 54719.340421 -772.058075
v 1506.600012 53409.900411 -165.698070
v 2094.360016 54719.340421 -772.058075
v 1967.880015 54719.340421 20.301931
v 1227.600009 53409.900411 366.261934
v 1506.600012 53409.900411 -165.698070
v 1967.880015 54719.340421 20.301931
v 1227.600009 53409.900411 366.261934
v 1967.880015 54719.340421 20.301931
v 1603.320012 54719.340421 715.941937
v 799.800006 53409.900411 760.581937
v 1227.600009 53409.900411 366.261934
v 1603.320012 54719.340421 715.941937
v 799.800006 53409.900411 760.581937
v 1603.320012 54719.340421 715.941937
v 1049.040008 54719.340421 1233.021941
v 279.000002 53409.900411 972.621939
v 799.800006 53409.900411 760.581937
v 1049.040008 54719.340421 1233.021941
v 279.000002 53409.900411 972.621939
v 1049.040008 54719.340421 1233.021941
v 364.560003 54719.340421 1508.301943
v -279.000002 53409.900411 972.621939
v 279.000002 53409.900411 972.621939
v 364.560003 54719.340421 1508.301943
v -279.000002 53409.900411 972.621939
v 364.560003 54719.340421 1508.301943
v -364.560003 54719.340421 1508.301943
v -799.800006 53409.900411 760.581937
v -279.000002 53409.900411 972.621939
v -364.560003 54719.340421 1508.301943
v -799.800006 53409.900411 760.581937
v -364.560003 54719.340421 1508.301943
v -1049.040008 54719.340421 1233.021941
v -1227.600009 53409.900411 366.261934
v -799.800006 53409.900411 760.581937
v -1049.040008 54719.340421 1233.021941
v -1227.600009 53409.900411 366.261934
v -1049.040008 54719.340421 1233.021941
v -1603.320012 54719.340421 715.941937
v -1506.600012 53409.900411 -165.698070
v -1227.600009 53409.900411 366.261934
v -1603.320012 54719.340421 715.941937
v -1506.600012 53409.900411 -165.698070
v -1603.320012 54719.340421 715.941937
v -1967.880015 54719.340421 20.301931
v -1603.320012 53409.900411 -772.058075
v -1506.600012 53409.900411 -165.698070
v -1967.880015 54719.340421 20.301931
v -1603.320012 53409.900411 -772.058075
v -1967.880015 54719.340421 20.301931
v -2094.360016 54719.340421 -772.058075
v -1506.600012 53409.900411 -1378.418079
v -1603.320012 53409.900411 -772.058075
v -2094.360016 54719.340421 -772.058075
v -1506.600012 53409.900411 -1378.418079
v -2094.360016 54719.340421 -772.058075
v -1967.880015 54719.340421 -1564.418081
v -1227.600009 53409.900411 -1914.098084
v -1506.600012 53409.900411 -1378.418079
v -1967.880015 54719.340421 -1564.418081
v -1227.600009 53409.900411 -1914.098084
v -1967.880015 54719.340421 -1564.418081
v -1603.320012 54719.340421 -2263.778086
v -799.800006 53409.900411 -2308.418087
v -1227.600009 53409.900411 -1914.098084
v -1603.320012 54719.340421 -2263.778086
v -799.800006 53409.900411 -2308.418087
v -1603.320012 54719.340421 -2263.778086
v -1049.040008 54719.340421 -2780.858090
v -279.000002 53409.900411 -2516.738088
v -799.800006 53409.900411 -2308.418087
v -1049.040008 54719.340421 -2780.858090
v -279.000002 53409.900411 -2516.738088
v -1049.040008 54719.340421 -2780.858090
v -364.560003 54719.340421 -3056.138092
v 279.000002 53409.900411 -2516.738088
v -279.000002 53409.900411 -2516.738088
v -364.560003 54719.340421 -3056.138092
v 279.000002 53409.900411 -2516.738088
v -364.560003 54719.340421 -3056.138092
v 364.560003 54719.340421 -3056.138092
v 799.800006 53409.900411 -2308.418087
v 279.000002 53409.900411 -2516.738088
v 364.560003 54719.340421 -3056.138092
v 799.800006 53409.900411 -2308.418087
v 364.560003 54719.340421 -3056.138092
v 1049.040008 54719.340421 -2780.858090
v 1227.600009 53409.900411 -1914.098084
v 799.800006 53409.900411 -2308.418087
v 1049.040008 54719.340421 -2780.858090
v 1227.600009 53409.900411 -1914.098084
v 1049.040008 54719.340421 -2780.858090
v 1603.320012 54719.340421 -2263.778086
v 1506.600012 53409.900411 -1378.418079
v 1227.600009 53409.900411 -1914.098084
v 1603.320012 54719.340421 -2263.778086
v 1506.600012 53409.900411 -1378.418079
v 1603.320012 54719.340421 -2263.778086
v 1967.880015 54719.340421 -1564.418081
v 1603.320012 53409.900411 -772.058075
v 1506.600012 53409.900411 -1378.418079
v 1967.880015 54719.340421 -1564.418081
v 1603.320012 53409.900411 -772.058075
v 1967.880015 54719.340421 -1564.418081
v 2094.360016 54719.340421 -772.058075
v 1967.880015 54719.340421 20.301931
v 2094.360016 54719.340421 -772.058075
v 2525.880019 56196.180432 -772.058075
v 1967.880015 54719.340421 20.301931
v 2525.880019 56196.180432 -772.058075
v 2373.360018 56196.180432 183.981933
v 1603.320012 54719.340421 715.941937
v 1967.880015 54719.340421 20.301931
v 2373.360018 56196.180432 183.981933
v 1603.320012 54719.340421 715.941937
v 2373.360018 56196.180432 183.981933
v 1934.400015 56196.180432 1024.701939
v 1049.040008 54719.340421 1233.021941
v 1603.320012 54719.340421 715.941937
v 1934.400015 56196.180432 1024.701939
v 1049.040008 54719.340421 1233.021941
v 1934.400015 56196.180432 1024.701939
v 1264.800010 56196.180432 1645.941944
v 364.560003 54719.340421 1508.301943
v 1049.040008 54719.340421 1233.021941
v 1264.800010 56196.180432 1645.941944
v 364.560003 54719.340421 1508.301943
v 1264.800010 56196.180432 1645.941944
v 438.960003 56196.180432 1980.741946
v -364.560003 54719.340421 1508.301943
v 364.560003 54719.340421 1508.301943
v 438.960003 56196.180432 1980.741946
v -364.560003 54719.340421 1508.301943
v 438.960003 56196.180432 1980.741946
v -438.960003 56196.180432 1980.741946
v -1049.040008 54719.340421 1233.021941
v -364.560003 54719.340421 1508.301943
v -438.960003 56196.180432 1980.741946
v -1049.040008 54719.340421 1233.021941
v -438.960003 56196.180432 1980.741946
v -1264.800010 56196.180432 1645.941944
v -1603.320012 54719.340421 715.941937
v -1049.040008 54719.340421 1233.021941
v -1264.800010 56196.180432 1645.941944
v -1603.320012 54719.340421 715.941937
v -1264.800010 56196.180432 1645.941944
v -1934.400015 56196.180432 1024.701939
v -1967.880015 54719.340421 20.301931
v -1603.320012 54719.340421 715.941937
v -1934.400015 56196.180432 1024.701939
v -1967.880015 54719.340421 20.301931
v -1934.400015 56196.180432 1024.701939
v -2373.360018 56196.180432 183.981933
v -2094.360016 54719.340421 -772.058075
v -1967.880015 54719.340421 20.301931
v -2373.360018 56196.180432 183.981933
v -2094.360016 54719.340421 -772.058075
v -2373.360018 56196.180432 183.981933
v -2525.880019 56196.180432 -772.058075
v -1967.880015 54719.340421 -1564.418081
v -2094.360016 54719.340421 -772.058075
v -2525.880019 56196.180432 -772.058075
v -1967.880015 54719.340421 -1564.418081
v -2525.880019 56196.180432 -772.058075
v -2373.360018 56196.180432 -1728.098082
v -1603.320012 54719.340421 -2263.778086
v -1967.880015 54719.340421 -1564.418081
v -2373.360018 56196.180432 -1728.098082
v -1603.320012 54719.340421 -2263.778086
v -2373.360018 56196.180432 -1728.098082
v -1934.400015 56196.180432 -2568.818089
v -1049.040008 54719.340421 -2780.858090
v -1603.320012 54719.340421 -2263.778086
v -1934.400015 56196.180432 -2568.818089
v -1049.040008 54719.340421 -2780.858090
v -1934.400015 56196.180432 -2568.818089
v -1264.800010 56196.180432 -3193.778093
v -364.560003 54719.340421 -3056.138092
v -1049.040008 54719.340421 -2780.858090
v -1264.800010 56196.180432 -3193.778093
v -364.560003 54719.340421 -3056.138092
v -1264.800010 56196.180432 -3193.778093
v -438.960003 56196.180432 -3524.858096
v 364.560003 54719.340421 -3056.138092
v -364.560003 54719.340421 -3056.138092
v -438.960003 56196.180432 -3524.858096
v 364.560003 54719.340421 -3056.138092
v -438.960003 56196.180432 -3524.858096
v 438.960003 56196.180432 -3524.858096
v 1049.040008 54719.340421 -2780.858090
v 364.560003 54719.340421 -3056.138092
v 438.960003 56196.180432 -3524.858096
v 1049.040008 54719.340421 -2780.858090
v 438.960003 56196.180432 -3524.858096
v 1264.800010 56196.180432 -3193.778093
v 1603.320012 54719.340421 -2263.778086
v 1049.040008 54719.340421 -2780.858090
v 1264.800010 56196.180432 -3193.778093
v 1603.320012 54719.340421 -2263.778086
v 1264.800010 56196.180432 -3193.778093
v 1934.400015 56196.180432 -2568.818089
v 1967.880015 54719.340421 -1564.418081
v 1603.320012 54719.340421 -2263.778086
v 1934.400015 56196.180432 -2568.818089
v 1967.880015 54719.340421 -1564.418081
v 1934.400015 56196.180432 -2568.818089
v 2373.360018 56196.180432 -1728.098082
v 2094.360016 54719.340421 -772.058075
v 1967.880015 54719.340421 -1564.418081
v 2373.360018 56196.180432 -1728.098082
v 2094.360016 54719.340421 -772.058075
v 2373.360018 56196.180432 -1728.098082
v 2525.880019 56196.180432 -772.058075
v 2373.360018 56196.180432 183.981933
v 2525.880019 56196.180432 -772.058075
v 2648.640020 57669.300444 -772.058075
v 2373.360018 56196.180432 183.981933
v 2648.640020 57669.300444 -772.058075
v 2488.680019 57669.300444 228.621933
v 1934.400015 56196.180432 1024.701939
v 2373.360018 56196.180432 183.981933
v 2488.680019 57669.300444 228.621933
v 1934.400015 56196.180432 1024.701939
v 2488.680019 57669.300444 228.621933
v 2031.120016 57669.300444 1110.261940
v 1264.800010 56196.180432 1645.941944
v 1934.400015 56196.180432 1024.701939
v 2031.120016 57669.300444 1110.261940
v 1264.800010 56196.180432 1645.941944
v 2031.120016 57669.300444 1110.261940
v 1324.320010 57669.300444 1764.981945
v 438.960003 56196.180432 1980.741946
v 1264.800010 56196.180432 1645.941944
v 1324.320010 57669.300444 1764.981945
v 438.960003 56196.180432 1980.741946
v 1324.320010 57669.300444 1764.981945
v 461.280004 57669.300444 2114.661947
v -438.960003 56196.180432 1980.741946
v 438.960003 56196.180432 1980.741946
v 461.280004 57669.300444 2114.661947
v -438.960003 56196.180432 1980.741946
v 461.280004 57669.300444 2114.661947
v -461.280004 57669.300444 2114.661947
v -1264.800010 56196.180432 1645.941944
v -438.960003 56196.180432 1980.741946
v -461.280004 57669.300444 2114.661947
v -1264.800010 56196.180432 1645.941944
v -461.280004 57669.300444 2114.661947
v -1324.320010 57669.300444 1764.981945
v -1934.400015 56196.180432 1024.701939
v -1264.800010 56196.180432 1645.941944
v -1324.320010 57669.300444 1764.981945
v -1934.400015 56196.180432 1024.701939
v -1324.320010 57669.300444 1764.981945
v -2031.120016 57669.300444 1110.261940
v -2373.360018 56196.180432 183.981933
v -1934.400015 56196.180432 1024.701939
v -2031.120016 57669.300444 1110.261940
v -2373.360018 56196.180432 183.981933
v -2031.120016 57669.300444 1110.261940
v -2488.680019 57669.300444 228.621933
v -2525.880019 56196.180432 -772.058075
v -2373.360018 56196.180432 183.981933
v -2488.680019 57669.300444 228.621933
v -2525.880019 56196.180432 -772.058075
v -2488.680019 57669.300444 228.621933
v -2648.640020 57669.300444 -772.058075
v -2373.360018 56196.180432 -1728.098082
v -2525.880019 56196.180432 -772.058075
v -2648.640020 57669.300444 -772.058075
v -2373.360018 56196.180432 -1728.098082
v -2648.640020 57669.300444 -772.058075
v -2488.680019 57669.300444 -1776.458082
v -1934.400015 56196.180432 -2568.818089
v -2373.360018 56196.180432 -1728.098082
v -2488.680019 57669.300444 -1776.458082
v -1934.400015 56196.180432 -2568.818089
v -2488.680019 57669.300444 -1776.458082
v -2031.120016 57669.300444 -2658.098089
v -1264.800010 56196.180432 -3193.778093
v -1934.400015 56196.180432 -2568.818089
v -2031.120016 57669.300444 -2658.098089
v -1264.800010 56196.180432 -3193.778093
v -2031.120016 57669.300444 -2658.098089
v -1324.320010 57669.300444 -3312.818094
v -438.960003 56196.180432 -3524.858096
v -1264.800010 56196.180432 -3193.778093
v -1324.320010 57669.300444 -3312.818094
v -438.960003 56196.180432 -3524.858096
v -1324.320010 57669.300444 -3312.818094
v -461.280004 57669.300444 -3658.778097
v 438.960003 56196.180432 -3524.858096
v -438.960003 56196.180432 -3524.858096
v -461.280004 57669.300444 -3658.778097
v 438.960003 56196.180432 -3524.858096
v -461.280004 57669.300444 -3658.778097
v 461.280004 57669.300444 -3658.778097
v 1264.800010 56196.180432 -3193.778093
v 438.960003 56196.180432 -3524.858096
v 461.280004 57669.300444 -3658.778097
v 1264.800010 56196.180432 -3193.778093
v 461.280004 57669.300444 -3658.778097
v 1324.320010 57669.300444 -3312.818094
v 1934.400015 56196.180432 -2568.818089
v 1264.800010 56196.180432 -3193.778093
v 1324.320010 57669.300444 -3312.818094
v 1934.400015 56196.180432 -2568.818089
v 1324.320010 57669.300444 -3312.818094
v 2031.120016 57669.300444 -2658.098089
v 2373.360018 56196.180432 -1728.098082
v 1934.400015 56196.180432 -2568.818089
v 2031.120016 57669.300444 -2658.098089
v 2373.360018 56196.180432 -1728.098082
v 2031.120016 57669.300444 -2658.098089
v 2488.680019 57669.300444 -1776.458082
v 2525.880019 56196.180432 -772.058075
v 2373.360018 56196.180432 -1728.098082
v 2488.680019 57669.300444 -1776.458082
v 2525.880019 56196.180432 -772.058075
v 2488.680019 57669.300444 -1776.458082
v 2648.640020 57669.300444 -772.058075
v 2488.680019 57669.300444 228.621933
v 2648.640020 57669.300444 -772.058075
v 2496.120019 58978.740454 -772.058075
v 2488.680019 57669.300444 228.621933
v 2496.120019 58978.740454 -772.058075
v 2343.600018 58978.740454 172.821933
v 2031.120016 57669.300444 1110.261940
v 2488.680019 57669.300444 228.621933
v 2343.600018 58978.740454 172.821933
v 2031.120016 57669.300444 1110.261940
v 2343.600018 58978.740454 172.821933
v 1912.080015 58978.740454 1002.381939
v 1324.320010 57669.300444 1764.981945
v 2031.120016 57669.300444 1110.261940
v 1912.080015 58978.740454 1002.381939
v 1324.320010 57669.300444 1764.981945
v 1912.080015 58978.740454 1002.381939
v 1246.200010 58978.740454 1616.181944
v 461.280004 57669.300444 2114.661947
v 1324.320010 57669.300444 1764.981945
v 1246.200010 58978.740454 1616.181944
v 461.280004 57669.300444 2114.661947
v 1246.200010 58978.740454 1616.181944
v 431.520003 58978.740454 1947.261946
v -461.280004 57669.300444 2114.661947
v 461.280004 57669.300444 2114.661947
v 431.520003 58978.740454 1947.261946
v -461.280004 57669.300444 2114.661947
v 431.520003 58978.740454 1947.261946
v -431.520003 58978.740454 1947.261946
v -1324.320010 57669.300444 1764.981945
v -461.280004 57669.300444 2114.661947
v -431.520003 58978.740454 1947.261946
v -1324.320010 57669.300444 1764.981945
v -431.520003 58978.740454 1947.261946
v -1246.200010 58978.740454 1616.181944
v -2031.120016 57669.300444 1110.261940
v -1324.320010 57669.300444 1764.981945
v -1246.200010 58978.740454 1616.181944
v -2031.120016 57669.300444 1110.261940
v -1246.200010 58978.740454 1616.181944
v -1912.080015 58978.740454 1002.381939
v -2488.680019 57669.300444 228.621933
v -2031.120016 57669.300444 1110.261940
v -1912.080015 58978.740454 1002.381939
v -2488.680019 57669.300444 228.621933
v -1912.080015 58978.740454 1002.381939
v -2343.600018 58978.740454 172.821933
v -2648.640020 57669.300444 -772.058075
v -2488.680019 57669.300444 228.621933
v -2343.600018 58978.740454 172.821933
v -2648.640020 57669.300444 -772.058075
v -2343.600018 58978.740454 172.821933
v -2496.120019 58978.740454 -772.058075
v -2488.680019 57669.300444 -1776.458082
v -2648.640020 57669.300444 -772.058075
v -2496.120019 58978.740454 -772.058075
v -2488.680019 57669.300444 -1776.458082
v -2496.120019 58978.740454 -772.058075
v -2343.600018 58978.740454 -1716.938082
v -2031.120016 57669.300444 -2658.098089
v -2488.680019 57669.300444 -1776.458082
v -2343.600018 58978.740454 -1716.938082
v -2031.120016 57669.300444 -2658.098089
v -2343.600018 58978.740454 -1716.938082
v -1912.080015 58978.740454 -2546.498088
v -1324.320010 57669.300444 -3312.818094
v -2031.120016 57669.300444 -2658.098089
v -1912.080015 58978.740454 -2546.498088
v -1324.320010 57669.300444 -3312.818094
v -1912.080015 58978.740454 -2546.498088
v -1246.200010 58978.740454 -3164.018093
v -461.280004 57669.300444 -3658.778097
v -1324.320010 57669.300444 -3312.818094
v -1246.200010 58978.740454 -3164.018093
v -461.280004 57669.300444 -3658.778097
v -1246.200010 58978.740454 -3164.018093
v -431.520003 58978.740454 -3491.378096
v 461.280004 57669.300444 -3658.778097
v -461.280004 57669.300444 -3658.778097
v -431.520003 58978.740454 -3491.378096
v 461.280004 57669.300444 -3658.778097
v -431.520003 58978.740454 -3491.378096
v 431.520003 58978.740454 -3491.378096
v 1324.320010 57669.300444 -3312.818094
v 461.280004 57669.300444 -3658.778097
v 431.520003 58978.740454 -3491.378096
v 1324.320010 57669.300444 -3312.818094
v 431.520003 58978.740454 -3491.378096
v 1246.200010 58978.740454 -3164.018093
v 2031.120016 57669.300444 -2658.098089
v 1324.320010 57669.300444 -3312.818094
v 1246.200010 58978.740454 -3164.018093
v 2031.120016 57669.300444 -2658.098089
v 1246.200010 58978.740454 -3164.018093
v 1912.080015 58978.740454 -2546.498088
v 2488.680019 57669.300444 -1776.458082
v 2031.120016 57669.300444 -2658.098089
v 1912.080015 58978.740454 -2546.498088
v 2488.680019 57669.300444 -1776.458082
v 1912.080015 58978.740454 -2546.498088
v 2343.600018 58978.740454 -1716.938082
v 2648.640020 57669.300444 -772.058075
v 2488.680019 57669.300444 -1776.458082
v 2343.600018 58978.740454 -1716.938082
v 2648.640020 57669.300444 -772.058075
v 2343.600018 58978.740454 -1716.938082
v 2496.120019 58978.740454 -772.058075
v 2343.600018 58978.740454 172.821933
v 2496.120019 58978.740454 -772.058075
v 1908.360015 60128.220462 -772.058075
v 2343.600018 58978.740454 172.821933
v 1908.360015 60128.220462 -772.058075
v 1793.040014 60128.220462 -50.378069
v 1912.080015 58978.740454 1002.381939
v 2343.600018 58978.740454 172.821933
v 1793.040014 60128.220462 -50.378069
v 1912.080015 58978.740454 1002.381939
v 1793.040014 60128.220462 -50.378069
v 1461.960011 60128.220462 585.741936
v 1246.200010 58978.740454 1616.181944
v 1912.080015 58978.740454 1002.381939
v 1461.960011 60128.220462 585.741936
v 1246.200010 58978.740454 1616.181944
v 1461.960011 60128.220462 585.741936
v 956.040007 60128.220462 1058.181939
v 431.520003 58978.740454 1947.261946
v 1246.200010 58978.740454 1616.181944
v 956.040007 60128.220462 1058.181939
v 431.520003 58978.740454 1947.261946
v 956.040007 60128.220462 1058.181939
v 331.080003 60128.220462 1307.421941
v -431.520003 58978.740454 1947.261946
v 431.520003 58978.740454 1947.261946
v 331.080003 60128.220462 1307.421941
v -431.520003 58978.740454 1947.261946
v 331.080003 60128.220462 1307.421941
v -331.080003 60128.220462 1307.421941
v -1246.200010 58978.740454 1616.181944
v -431.520003 58978.740454 1947.261946
v -331.080003 60128.220462 1307.421941
v -1246.200010 58978.740454 1616.181944
v -331.080003 60128.220462 1307.421941
v -956.040007 60128.220462 1058.181939
v -1912.080015 58978.740454 1002.381939
v -1246.200010 58978.740454 1616.181944
v -956.040007 60128.220462 1058.181939
v -1912.080015 58978.740454 1002.381939
v -956.040007 60128.220462 1058.181939
v -1461.960011 60128.220462 585.741936
v -2343.600018 58978.740454 172.821933
v -1912.080015 58978.740454 1002.381939
v -1461.960011 60128.220462 585.741936
v -2343.600018 58978.740454 172.821933
v -1461.960011 60128.220462 585.741936
v -1793.040014 60128.220462 -50.378069
v -2496.120019 58978.740454 -772.058075
v -2343.600018 58978.740454 172.821933
v -1793.040014 60128.220462 -50.378069
v -2496.120019 58978.740454 -772.058075
v -1793.040014 60128.220462 -50.378069
v -1908.360015 60128.220462 -772.058075
v -2343.600018 58978.740454 -1716.938082
v -2496.120019 58978.740454 -772.058075
v -1908.360015 60128.220462 -772.058075
v -2343.600018 58978.740454 -1716.938082
v -1908.360015 60128.220462 -772.058075
v -1793.040014 60128.220462 -1497.458080
v -1912.080015 58978.740454 -2546.498088
v -2343.600018 58978.740454 -1716.938082
v -1793.040014 60128.220462 -1497.458080
v -1912.080015 58978.740454 -2546.498088
v -1793.040014 60128.220462 -1497.458080
v -1461.960011 60128.220462 -2129.858085
v -1246.200010 58978.740454 -3164.018093
v -1912.080015 58978.740454 -2546.498088
v -1461.960011 60128.220462 -2129.858085
v -1246.200010 58978.740454 -3164.018093
v -1461.960011 60128.220462 -2129.858085
v -956.040007 60128.220462 -2602.298089
v -431.520003 58978.740454 -3491.378096
v -1246.200010 58978.740454 -3164.018093
v -956.040007 60128.220462 -2602.298089
v -431.520003 58978.740454 -3491.378096
v -956.040007 60128.220462 -2602.298089
v -331.080003 60128.220462 -2855.258091
v 431.520003 58978.740454 -3491.378096
v -431.520003 58978.740454 -3491.378096
v -331.080003 60128.220462 -2855.258091
v 431.520003 58978.740454 -3491.378096
v -331.080003 60128.220462 -2855.258091
v 331.080003 60128.220462 -2855.258091
v 1246.200010 58978.740454 -3164.018093
v 431.520003 58978.740454 -3491.378096
v 331.080003 60128.220462 -2855.258091
v 1246.200010 58978.740454 -3164.018093
v 331.080003 60128.220462 -2855.258091
v 956.040007 60128.220462 -2602.298089
v 1912.080015 58978.740454 -2546.498088
v 1246.200010 58978.740454 -3164.018093
v 956.040007 60128.220462 -2602.298089
v 1912.080015 58978.740454 -2546.498088
v 956.040007 60128.220462 -2602.298089
v 1461.960011 60128.220462 -2129.858085
v 2343.600018 58978.740454 -1716.938082
v 1912.080015 58978.740454 -2546.498088
v 1461.960011 60128.220462 -2129.858085
v 2343.600018 58978.740454 -1716.938082
v 1461.960011 60128.220462 -2129.858085
v 1793.040014 60128.220462 -1497.458080
v 2496.120019 58978.740454 -772.058075
v 2343.600018 58978.740454 -1716.938082
v 1793.040014 60128.220462 -1497.458080
v 2496.120019 58978.740454 -772.058075
v 1793.040014 60128.220462 -1497.458080
v 1908.360015 60128.220462 -772.058075
v 1793.040014 60128.220462 -50.378069
v 1908.360015 60128.220462 -772.058075
v 922.560007 60715.980467 -772.058075
v 1793.040014 60128.220462 -50.378069
v 922.560007 60715.980467 -772.058075
v 866.760007 60715.980467 -422.378072
v 1461.960011 60128.220462 585.741936
v 1793.040014 60128.220462 -50.378069
v 866.760007 60715.980467 -422.378072
v 1461.960011 60128.220462 585.741936
v 866.760007 60715.980467 -422.378072
v 706.800005 60715.980467 -117.338070
v 956.040007 60128.220462 1058.181939
v 1461.960011 60128.220462 585.741936
v 706.800005 60715.980467 -117.338070
v 956.040007 60128.220462 1058.181939
v 706.800005 60715.980467 -117.338070
v 461.280004 60715.980467 113.301932
v 331.080003 60128.220462 1307.421941
v 956.040007 60128.220462 1058.181939
v 461.280004 60715.980467 113.301932
v 331.080003 60128.220462 1307.421941
v 461.280004 60715.980467 113.301932
v 159.960001 60715.980467 232.341933
v -331.080003 60128.220462 1307.421941
v 331.080003 60128.220462 1307.421941
v 159.960001 60715.980467 232.341933
v -331.080003 60128.220462 1307.421941
v 159.960001 60715.980467 232.341933
v -159.960001 60715.980467 232.341933
v -956.040007 60128.220462 1058.181939
v -331.080003 60128.220462 1307.421941
v -159.960001 60715.980467 232.341933
v -956.040007 60128.220462 1058.181939
v -159.960001 60715.980467 232.341933
v -461.280004 60715.980467 113.301932
v -1461.960011 60128.220462 585.741936
v -956.040007 60128.220462 1058.181939
v -461.280004 60715.980467 113.301932
v -1461.960011 60128.220462 585.741936
v -461.280004 60715.980467 113.301932
v -706.800005 60715.980467 -117.338070
v -1793.040014 60128.220462 -50.378069
v -1461.960011 60128.220462 585.741936
v -706.800005 60715.980467 -117.338070
v -1793.040014 60128.220462 -50.378069
v -706.800005 60715.980467 -117.338070
v -866.760007 60715.980467 -422.378072
v -1908.360015 60128.220462 -772.058075
v -1793.040014 60128.220462 -50.378069
v -866.760007 60715.980467 -422.378072
v -1908.360015 60128.220462 -772.058075
v -866.760007 60715.980467 -422.378072
v -922.560007 60715.980467 -772.058075
v -1793.040014 60128.220462 -1497.458080
v -1908.360015 60128.220462 -772.058075
v -922.560007 60715.980467 -772.058075
v -1793.040014 60128.220462 -1497.458080
v -922.560007 60715.980467 -772.058075
v -866.760007 60715.980467 -1121.738077
v -1461.960011 60128.220462 -2129.858085
v -1793.040014 60128.220462 -1497.458080
v -866.760007 60715.980467 -1121.738077
v -1461.960011 60128.220462 -2129.858085
v -866.760007 60715.980467 -1121.738077
v -706.800005 60715.980467 -1430.498080
v -956.040007 60128.220462 -2602.298089
v -1461.960011 60128.220462 -2129.858085
v -706.800005 60715.980467 -1430.498080
v -956.040007 60128.220462 -2602.298089
v -706.800005 60715.980467 -1430.498080
v -461.280004 60715.980467 -1657.418082
v -331.080003 60128.220462 -2855.258091
v -956.040007 60128.220462 -2602.298089
v -461.280004 60715.980467 -1657.418082
v -331.080003 60128.220462 -2855.258091
v -461.280004 60715.980467 -1657.418082
v -159.960001 60715.980467 -1780.178083
v 331.080003 60128.220462 -2855.258091
v -331.080003 60128.220462 -2855.258091
v -159.960001 60715.980467 -1780.178083
v 331.080003 60128.220462 -2855.258091
v -159.960001 60715.980467 -1780.178083
v 159.960001 60715.980467 -1780.178083
v 956.040007 60128.220462 -2602.298089
v 331.080003 60128.220462 -2855.258091
v 159.960001 60715.980467 -1780.178083
v 956.040007 60128.220462 -2602.298089
v 159.960001 60715.980467 -1780.178083
v 461.280004 60715.980467 -1657.418082
v 1461.960011 60128.220462 -2129.858085
v 956.040007 60128.220462 -2602.298089
v 461.280004 60715.980467 -1657.418082
v 1461.960011 60128.220462 -2129.858085
v 461.280004 60715.980467 -1657.418082
v 706.800005 60715.980467 -1430.498080
v 1793.040014 60128.220462 -1497.458080
v 1461.960011 60128.220462 -2129.858085
v 706.800005 60715.980467 -1430.498080
v 1793.040014 60128.220462 -1497.458080
v 706.800005 60715.980467 -1430.498080
v 866.760007 60715.980467 -1121.738077
v 1908.360015 60128.220462 -772.058075
v 1793.040014 60128.220462 -1497.458080
v 866.760007 60715.980467 -1121.738077
v 1908.360015 60128.220462 -772.058075
v 866.760007 60715.980467 -1121.738077
v 922.560007 60715.980467 -772.058075
v 866.760007 60715.980467 -422.378072
v 922.560007 60715.980467 -772.058075
v 122.760001 60946.620469 -772.058075
v 866.760007 60715.980467 -422.378072
v 122.760001 60946.620469 -772.058075
v 115.320001 60946.620469 -727.418074
v 706.800005 60715.980467 -117.338070
v 866.760007 60715.980467 -422.378072
v 115.320001 60946.620469 -727.418074
v 706.800005 60715.980467 -117.338070
v 115.320001 60946.620469 -727.418074
v 93.000001 60946.620469 -686.498074
v 461.280004 60715.980467 113.301932
v 706.800005 60715.980467 -117.338070
v 93.000001 60946.620469 -686.498074
v 461.280004 60715.980467 113.301932
v 93.000001 60946.620469 -686.498074
v 63.240000 60946.620469 -656.738074
v 159.960001 60715.980467 232.341933
v 461.280004 60715.980467 113.301932
v 63.240000 60946.620469 -656.738074
v 159.960001 60715.980467 232.341933
v 63.240000 60946.620469 -656.738074
v 22.320000 60946.620469 -638.138074
v -159.960001 60715.980467 232.341933
v 159.960001 60715.980467 232.341933
v 22.320000 60946.620469 -638.138074
v -159.960001 60715.980467 232.341933
v 22.320000 60946.620469 -638.138074
v -22.320000 60946.620469 -638.138074
v -461.280004 60715.980467 113.301932
v -159.960001 60715.980467 232.341933
v -22.320000 60946.620469 -638.138074
v -461.280004 60715.980467 113.301932
v -22.320000 60946.620469 -638.138074
v -63.240000 60946.620469 -656.738074
v -706.800005 60715.980467 -117.338070
v -461.280004 60715.980467 113.301932
v -63.240000 60946.620469 -656.738074
v -706.800005 60715.980467 -117.338070
v -63.240000 60946.620469 -656.738074
v -93.000001 60946.620469 -686.498074
v -866.760007 60715.980467 -422.378072
v -706.800005 60715.980467 -117.338070
v -93.000001 60946.620469 -686.498074
v -866.760007 60715.980467 -422.378072
v -93.000001 60946.620469 -686.498074
v -115.320001 60946.620469 -727.418074
v -922.560007 60715.980467 -772.058075
v -866.760007 60715.980467 -422.378072
v -115.320001 60946.620469 -727.418074
v -922.560007 60715.980467 -772.058075
v -115.320001 60946.620469 -727.418074
v -122.760001 60946.620469 -772.058075
v -866.760007 60715.980467 -1121.738077
v -922.560007 60715.980467 -772.058075
v -122.760001 60946.620469 -772.058075
v -866.760007 60715.980467 -1121.738077
v -122.760001 60946.620469 -772.058075
v -115.320001 60946.620469 -820.418075
v -706.800005 60715.980467 -1430.498080
v -866.760007 60715.980467 -1121.738077
v -115.320001 60946.620469 -820.418075
v -706.800005 60715.980467 -1430.498080
v -115.320001 60946.620469 -820.418075
v -93.000001 60946.620469 -861.338075
v -461.280004 60715.980467 -1657.418082
v -706.800005 60715.980467 -1430.498080
v -93.000001 60946.620469 -861.338075
v -461.280004 60715.980467 -1657.418082
v -93.000001 60946.620469 -861.338075
v -63.240000 60946.620469 -891.098076
v -159.960001 60715.980467 -1780.178083
v -461.280004 60715.980467 -1657.418082
v -63.240000 60946.620469 -891.098076
v -159.960001 60715.980467 -1780.178083
v -63.240000 60946.620469 -891.098076
v -22.320000 60946.620469 -905.978076
v 159.960001 60715.980467 -1780.178083
v -159.960001 60715.980467 -1780.178083
v -22.320000 60946.620469 -905.978076
v 159.960001 60715.980467 -1780.178083
v -22.320000 60946.620469 -905.978076
v 22.320000 60946.620469 -905.978076
v 461.280004 60715.980467 -1657.418082
v 159.960001 60715.980467 -1780.178083
v 22.320000 60946.620469 -905.978076
v 461.280004 60715.980467 -1657.418082
v 22.320000 60946.620469 -905.978076
v 63.240000 60946.620469 -891.098076
v 706.800005 60715.980467 -1430.498080
v 461.280004 60715.980467 -1657.418082
v 63.240000 60946.620469 -891.098076
v 706.800005 60715.980467 -1430.498080
v 63.240000 60946.620469 -891.098076
v 93.000001 60946.620469 -861.338075
v 866.760007 60715.980467 -1121.738077
v 706.800005 60715.980467 -1430.498080
v 93.000001 60946.620469 -861.338075
v 866.760007 60715.980467 -1121.738077
v 93.000001 60946.620469 -861.338075
v 115.320001 60946.620469 -820.418075
v 922.560007 60715.980467 -772.058075
v 866.760007 60715.980467 -1121.738077
v 115.320001 60946.620469 -820.418075
v 922.560007 60715.980467 -772.058075
v 115.320001 60946.620469 -820.418075
v 122.760001 60946.620469 -772.058075
v 0.000000 50622.690389 -772.058075
v 1476.840011 50622.690389 -772.058075
v 1391.280011 50622.690389 -214.058070
v 0.000000 50622.690389 -772.058075
v 1391.280011 50622.690389 -214.058070
v 1130.880009 50622.690389 276.981933
v 0.000000 50622.690389 -772.058075
v 1130.880009 50622.690389 276.981933
v 740.280006 50622.690389 645.261936
v 0.000000 50622.690389 -772.058075
v 740.280006 50622.690389 645.261936
v 256.680002 50622.690389 838.701938
v 0.000000 50622.690389 -772.058075
v 256.680002 50622.690389 838.701938
v -256.680002 50622.690389 838.701938
v 0.000000 50622.690389 -772.058075
v -256.680002 50622.690389 838.701938
v -740.280006 50622.690389 645.261936
v 0.000000 50622.690389 -772.058075
v -740.280006 50622.690389 645.261936
v -1130.880009 50622.690389 276.981933
v 0.000000 50622.690389 -772.058075
v -1130.880009 50622.690389 276.981933
v -1391.280011 50622.690389 -214.058070
v 0.000000 50622.690389 -772.058075
v -1391.280011 50622.690389 -214.058070
v -1476.840011 50622.690389 -772.058075
v 0.000000 50622.690389 -772.058075
v -1476.840011 50622.690389 -772.058075
v -1391.280011 50622.690389 -1333.778079
v 0.000000 50622.690389 -772.058075
v -1391.280011 50622.690389 -1333.778079
v -1130.880009 50622.690389 -1824.818083
v 0.000000 50622.690389 -772.058075
v -1130.880009 50622.690389 -1824.818083
v -740.280006 50622.690389 -2189.378086
v 0.000000 50622.690389 -772.058075
v -740.280006 50622.690389 -2189.378086
v -256.680002 50622.690389 -2382.818087
v 0.000000 50622.690389 -772.058075
v -256.680002 50622.690389 -2382.818087
v 256.680002 50622.690389 -2382.818087
v 0.000000 50622.690389 -772.058075
v 256.680002 50622.690389 -2382.818087
v 740.280006 50622.690389 -2189.378086
v 0.000000 50622.690389 -772.058075
v 740.280006 50622.690389 -2189.378086
v 1130.880009 50622.690389 -1824.818083
v 0.000000 50622.690389 -772.058075
v 1130.880009 50622.690389 -1824.818083
v 1391.280011 50622.690389 -1333.778079
v 0.000000 50622.690389 -772.058075
v 1391.280011 50622.690389 -1333.778079
v 1476.840011 50622.690389 -772.058075
v 0.000000 60946.620469 -772.058075
v 115.320001 60946.620469 -727.418074
v 122.760001 60946.620469 -772.058075
v 0.000000 60946.620469 -772.058075
v 93.000001 60946.620469 -686.498074
v 115.320001 60946.620469 -727.418074
v 0.000000 60946.620469 -772.058075
v 63.240000 60946.620469 -656.738074
v 93.000001 60946.620469 -686.498074
v 0.000000 60946.620469 -772.058075
v 22.320000 60946.620469 -638.138074
v 63.240000 60946.620469 -656.738074
v 0.000000 60946.620469 -772.058075
v -22.320000 60946.620469 -638.138074
v 22.320000 60946.620469 -638.138074
v 0.000000 60946.620469 -772.058075
v -63.240000 60946.620469 -656.738074
v -22.320000 60946.620469 -638.138074
v 0.000000 60946.620469 -772.058075
v -93.000001 60946.620469 -686.498074
v -63.240000 60946.620469 -656.738074
v 0.000000 60946.620469 -772.058075
v -115.320001 60946.620469 -727.418074
v -93.000001 60946.620469 -686.498074
v 0.000000 60946.620469 -772.058075
v -122.760001 60946.620469 -772.058075
v -115.320001 60946.620469 -727.418074
v 0.000000 60946.620469 -772.058075
v -115.320001 60946.620469 -820.418075
v -122.760001 60946.620469 -772.058075
v 0.000000 60946.620469 -772.058075
v -93.000001 60946.620469 -861.338075
v -115.320001 60946.620469 -820.418075
v 0.000000 60946.620469 -772.058075
v -63.240000 60946.620469 -891.098076
v -93.000001 60946.620469 -861.338075
v 0.000000 60946.620469 -772.058075
v -22.320000 60946.620469 -905.978076
v -63.240000 60946.620469 -891.098076
v 0.000000 60946.620469 -772.058075
v 22.320000 60946.620469 -905.978076
v -22.320000 60946.620469 -905.978076
v 0.000000 60946.620469 -772.058075
v 63.240000 60946.620469 -891.098076
v 22.320000 60946.620469 -905.978076
v 0.000000 60946.620469 -772.058075
v 93.000001 60946.620469 -861.338075
v 63.240000 60946.620469 -891.098076
v 0.000000 60946.620469 -772.058075
v 115.320001 60946.620469 -820.418075
v 93.000001 60946.620469 -861.338075
v 0.000000 60946.620469 -772.058075
v 122.760001 60946.620469 -772.058075
v 115.320001 60946.620469 -820.418075
v 915.120007 54064.620416 760.581937
v 918.840007 54064.620416 749.421937
v 1309.440010 54168.780417 768.021937
v 915.120007 54064.620416 760.581937
v 1309.440010 54168.780417 768.021937
v 1257.360010 54168.780417 965.181939
v 907.680007 54064.620416 764.301937
v 915.120007 54064.620416 760.581937
v 1257.360010 54168.780417 965.181939
v 907.680007 54064.620416 764.301937
v 1257.360010 54168.780417 965.181939
v 1116.000009 54168.780417 1106.541940
v 900.240007 54064.620416 768.021937
v 907.680007 54064.620416 764.301937
v 1116.000009 54168.780417 1106.541940
v 900.240007 54064.620416 768.021937
v 1116.000009 54168.780417 1106.541940
v 918.840007 54168.780417 1158.621940
v -900.240007 54064.620416 768.021937
v 900.240007 54064.620416 768.021937
v 918.840007 54168.780417 1158.621940
v -900.240007 54064.620416 768.021937
v 918.840007 54168.780417 1158.621940
v -918.840007 54168.780417 1158.621940
v -907.680007 54064.620416 764.301937
v -900.240007 54064.620416 768.021937
v -918.840007 54168.780417 1158.621940
v -907.680007 54064.620416 764.301937
v -918.840007 54168.780417 1158.621940
v -1116.000009 54168.780417 1106.541940
v -915.120007 54064.620416 760.581937
v -907.680007 54064.620416 764.301937
v -1116.000009 54168.780417 1106.541940
v -915.120007 54064.620416 760.581937
v -1116.000009 54168.780417 1106.541940
v -1257.360010 54168.780417 965.181939
v -918.840007 54064.620416 749.421937
v -915.120007 54064.620416 760.581937
v -1257.360010 54168.780417 965.181939
v -918.840007 54064.620416 749.421937
v -1257.360010 54168.780417 965.181939
v -1309.440010 54168.780417 768.021937
v -918.840007 54064.620416 719.661937
v -918.840007 54064.620416 749.421937
v -1309.440010 54168.780417 768.021937
v -918.840007 54064.620416 719.661937
v -1309.440010 54168.780417 768.021937
v -1309.440010 54168.780417 701.061937
v -915.120007 54064.620416 708.501937
v -918.840007 54064.620416 719.661937
v -1309.440010 54168.780417 701.061937
v -915.120007 54064.620416 708.501937
v -1309.440010 54168.780417 701.061937
v -1257.360010 54168.780417 503.901935
v -907.680007 54064.620416 704.781937
v -915.120007 54064.620416 708.501937
v -1257.360010 54168.780417 503.901935
v -907.680007 54064.620416 704.781937
v -1257.360010 54168.780417 503.901935
v -1116.000009 54168.780417 362.541934
v -900.240007 54064.620416 701.061937
v -907.680007 54064.620416 704.781937
v -1116.000009 54168.780417 362.541934
v -900.240007 54064.620416 701.061937
v -1116.000009 54168.780417 362.541934
v -918.840007 54168.780417 306.741934
v 900.240007 54064.620416 701.061937
v -900.240007 54064.620416 701.061937
v -918.840007 54168.780417 306.741934
v 900.240007 54064.620416 701.061937
v -918.840007 54168.780417 306.741934
v 918.840007 54168.780417 306.741934
v 907.680007 54064.620416 704.781937
v 900.240007 54064.620416 701.061937
v 918.840007 54168.780417 306.741934
v 907.680007 54064.620416 704.781937
v 918.840007 54168.780417 306.741934
v 1116.000009 54168.780417 362.541934
v 915.120007 54064.620416 708.501937
v 907.680007 54064.620416 704.781937
v 1116.000009 54168.780417 362.541934
v 915.120007 54064.620416 708.501937
v 1116.000009 54168.780417 362.541934
v 1257.360010 54168.780417 503.901935
v 918.840007 54064.620416 719.661937
v 915.120007 54064.620416 708.501937
v 1257.360010 54168.780417 503.901935
v 918.840007 54064.620416 719.661937
v 1257.360010 54168.780417 503.901935
v 1309.440010 54168.780417 701.061937
v 918.840007 54064.620416 749.421937
v 918.840007 54064.620416 719.661937
v 1309.440010 54168.780417 701.061937
v 918.840007 54064.620416 749.421937
v 1309.440010 54168.780417 701.061937
v 1309.440010 54168.780417 768.021937
v 1257.360010 54168.780417 965.181939
v 1309.440010 54168.780417 768.021937
v 1599.600012 54458.940419 768.021937
v 1257.360010 54168.780417 965.181939
v 1599.600012 54458.940419 768.021937
v 1506.600012 54458.940419 1106.541940
v 1116.000009 54168.780417 1106.541940
v 1257.360010 54168.780417 965.181939
v 1506.600012 54458.940419 1106.541940
v 1116.000009 54168.780417 1106.541940
v 1506.600012 54458.940419 1106.541940
v 1257.360010 54458.940419 1355.781942
v 918.840007 54168.780417 1158.621940
v 1116.000009 54168.780417 1106.541940
v 1257.360010 54458.940419 1355.781942
v 918.840007 54168.780417 1158.621940
v 1257.360010 54458.940419 1355.781942
v 918.840007 54458.940419 1448.781942
v -918.840007 54168.780417 1158.621940
v 918.840007 54168.780417 1158.621940
v 918.840007 54458.940419 1448.781942
v -918.840007 54168.780417 1158.621940
v 918.840007 54458.940419 1448.781942
v -918.840007 54458.940419 1448.781942
v -1116.000009 54168.780417 1106.541940
v -918.840007 54168.780417 1158.621940
v -918.840007 54458.940419 1448.781942
v -1116.000009 54168.780417 1106.541940
v -918.840007 54458.940419 1448.781942
v -1257.360010 54458.940419 1355.781942
v -1257.360010 54168.780417 965.181939
v -1116.000009 54168.780417 1106.541940
v -1257.360010 54458.940419 1355.781942
v -1257.360010 54168.780417 965.181939
v -1257.360010 54458.940419 1355.781942
v -1506.600012 54458.940419 1106.541940
v -1309.440010 54168.780417 768.021937
v -1257.360010 54168.780417 965.181939
v -1506.600012 54458.940419 1106.541940
v -1309.440010 54168.780417 768.021937
v -1506.600012 54458.940419 1106.541940
v -1599.600012 54458.940419 768.021937
v -1309.440010 54168.780417 701.061937
v -1309.440010 54168.780417 768.021937
v -1599.600012 54458.940419 768.021937
v -1309.440010 54168.780417 701.061937
v -1599.600012 54458.940419 768.021937
v -1599.600012 54458.940419 701.061937
v -1257.360010 54168.780417 503.901935
v -1309.440010 54168.780417 701.061937
v -1599.600012 54458.940419 701.061937
v -1257.360010 54168.780417 503.901935
v -1599.600012 54458.940419 701.061937
v -1506.600012 54458.940419 362.541934
v -1116.000009 54168.780417 362.541934
v -1257.360010 54168.780417 503.901935
v -1506.600012 54458.940419 362.541934
v -1116.000009 54168.780417 362.541934
v -1506.600012 54458.940419 362.541934
v -1257.360010 54458.940419 113.301932
v -918.840007 54168.780417 306.741934
v -1116.000009 54168.780417 362.541934
v -1257.360010 54458.940419 113.301932
v -918.840007 54168.780417 306.741934
v -1257.360010 54458.940419 113.301932
v -918.840007 54458.940419 20.301931
v 918.840007 54168.780417 306.741934
v -918.840007 54168.780417 306.741934
v -918.840007 54458.940419 20.301931
v 918.840007 54168.780417 306.741934
v -918.840007 54458.940419 20.301931
v 918.840007 54458.940419 20.301931
v 1116.000009 54168.780417 362.541934
v 918.840007 54168.780417 306.741934
v 918.840007 54458.940419 20.301931
v 1116.000009 54168.780417 362.541934
v 918.840007 54458.940419 20.301931
v 1257.360010 54458.940419 113.301932
v 1257.360010 54168.780417 503.901935
v 1116.000009 54168.780417 362.541934
v 1257.360010 54458.940419 113.301932
v 1257.360010 54168.780417 503.901935
v 1257.360010 54458.940419 113.301932
v 1506.600012 54458.940419 362.541934
v 1309.440010 54168.780417 701.061937
v 1257.360010 54168.780417 503.901935
v 1506.600012 54458.940419 362.541934
v 1309.440010 54168.780417 701.061937
v 1506.600012 54458.940419 362.541934
v 1599.600012 54458.940419 701.061937
v 1309.440010 54168.780417 768.021937
v 1309.440010 54168.780417 701.061937
v 1599.600012 54458.940419 701.061937
v 1309.440010 54168.780417 768.021937
v 1599.600012 54458.940419 701.061937
v 1599.600012 54458.940419 768.021937
v 1506.600012 54458.940419 1106.541940
v 1599.600012 54458.940419 768.021937
v 1703.760013 54849.540422 768.021937
v 1506.600012 54458.940419 1106.541940
v 1703.760013 54849.540422 768.021937
v 1599.600012 54849.540422 1158.621940
v 1257.360010 54458.940419 1355.781942
v 1506.600012 54458.940419 1106.541940
v 1599.600012 54849.540422 1158.621940
v 1257.360010 54458.940419 1355.781942
v 1599.600012 54849.540422 1158.621940
v 1309.440010 54849.540422 1448.781942
v 918.840007 54458.940419 1448.781942
v 1257.360010 54458.940419 1355.781942
v 1309.440010 54849.540422 1448.781942
v 918.840007 54458.940419 1448.781942
v 1309.440010 54849.540422 1448.781942
v 918.840007 54849.540422 1552.941943
v -918.840007 54458.940419 1448.781942
v 918.840007 54458.940419 1448.781942
v 918.840007 54849.540422 1552.941943
v -918.840007 54458.940419 1448.781942
v 918.840007 54849.540422 1552.941943
v -918.840007 54849.540422 1552.941943
v -1257.360010 54458.940419 1355.781942
v -918.840007 54458.940419 1448.781942
v -918.840007 54849.540422 1552.941943
v -1257.360010 54458.940419 1355.781942
v -918.840007 54849.540422 1552.941943
v -1309.440010 54849.540422 1448.781942
v -1506.600012 54458.940419 1106.541940
v -1257.360010 54458.940419 1355.781942
v -1309.440010 54849.540422 1448.781942
v -1506.600012 54458.940419 1106.541940
v -1309.440010 54849.540422 1448.781942
v -1599.600012 54849.540422 1158.621940
v -1599.600012 54458.940419 768.021937
v -1506.600012 54458.940419 1106.541940
v -1599.600012 54849.540422 1158.621940
v -1599.600012 54458.940419 768.021937
v -1599.600012 54849.540422 1158.621940
v -1703.760013 54849.540422 768.021937
v -1599.600012 54458.940419 701.061937
v -1599.600012 54458.940419 768.021937
v -1703.760013 54849.540422 768.021937
v -1599.600012 54458.940419 701.061937
v -1703.760013 54849.540422 768.021937
v -1703.760013 54849.540422 701.061937
v -1506.600012 54458.940419 362.541934
v -1599.600012 54458.940419 701.061937
v -1703.760013 54849.540422 701.061937
v -1506.600012 54458.940419 362.541934
v -1703.760013 54849.540422 701.061937
v -1599.600012 54849.540422 306.741934
v -1257.360010 54458.940419 113.301932
v -1506.600012 54458.940419 362.541934
v -1599.600012 54849.540422 306.741934
v -1257.360010 54458.940419 113.301932
v -1599.600012 54849.540422 306.741934
v -1309.440010 54849.540422 20.301931
v -918.840007 54458.940419 20.301931
v -1257.360010 54458.940419 113.301932
v -1309.440010 54849.540422 20.301931
v -918.840007 54458.940419 20.301931
v -1309.440010 54849.540422 20.301931
v -918.840007 54849.540422 -83.858069
v 918.840007 54458.940419 20.301931
v -918.840007 54458.940419 20.301931
v -918.840007 54849.540422 -83.858069
v 918.840007 54458.940419 20.301931
v -918.840007 54849.540422 -83.858069
v 918.840007 54849.540422 -83.858069
v 1257.360010 54458.940419 113.301932
v 918.840007 54458.940419 20.301931
v 918.840007 54849.540422 -83.858069
v 1257.360010 54458.940419 113.301932
v 918.840007 54849.540422 -83.858069
v 1309.440010 54849.540422 20.301931
v 1506.600012 54458.940419 362.541934
v 1257.360010 54458.940419 113.301932
v 1309.440010 54849.540422 20.301931
v 1506.600012 54458.940419 362.541934
v 1309.440010 54849.540422 20.301931
v 1599.600012 54849.540422 306.741934
v 1599.600012 54458.940419 701.061937
v 1506.600012 54458.940419 362.541934
v 1599.600012 54849.540422 306.741934
v 1599.600012 54458.940419 701.061937
v 1599.600012 54849.540422 306.741934
v 1703.760013 54849.540422 701.061937
v 1599.600012 54458.940419 768.021937
v 1599.600012 54458.940419 701.061937
v 1703.760013 54849.540422 701.061937
v 1599.600012 54458.940419 768.021937
v 1703.760013 54849.540422 701.061937
v 1703.760013 54849.540422 768.021937
v 1599.600012 54849.540422 1158.621940
v 1703.760013 54849.540422 768.021937
v 1599.600012 58915.500453 768.021937
v 1599.600012 54849.540422 1158.621940
v 1599.600012 58915.500453 768.021937
v 1506.600012 58915.500453 1106.541940
v 1309.440010 54849.540422 1448.781942
v 1599.600012 54849.540422 1158.621940
v 1506.600012 58915.500453 1106.541940
v 1309.440010 54849.540422 1448.781942
v 1506.600012 58915.500453 1106.541940
v 1257.360010 58915.500453 1355.781942
v 918.840007 54849.540422 1552.941943
v 1309.440010 54849.540422 1448.781942
v 1257.360010 58915.500453 1355.781942
v 918.840007 54849.540422 1552.941943
v 1257.360010 58915.500453 1355.781942
v 918.840007 58915.500453 1448.781942
v -918.840007 54849.540422 1552.941943
v 918.840007 54849.540422 1552.941943
v 918.840007 58915.500453 1448.781942
v -918.840007 54849.540422 1552.941943
v 918.840007 58915.500453 1448.781942
v -918.840007 58915.500453 1448.781942
v -1309.440010 54849.540422 1448.781942
v -918.840007 54849.540422 1552.941943
v -918.840007 58915.500453 1448.781942
v -1309.440010 54849.540422 1448.781942
v -918.840007 58915.500453 1448.781942
v -1257.360010 58915.500453 1355.781942
v -1599.600012 54849.540422 1158.621940
v -1309.440010 54849.540422 1448.781942
v -1257.360010 58915.500453 1355.781942
v -1599.600012 54849.540422 1158.621940
v -1257.360010 58915.500453 1355.781942
v -1506.600012 58915.500453 1106.541940
v -1703.760013 54849.540422 768.021937
v -1599.600012 54849.540422 1158.621940
v -1506.600012 58915.500453 1106.541940
v -1703.760013 54849.540422 768.021937
v -1506.600012 58915.500453 1106.541940
v -1599.600012 58915.500453 768.021937
v -1703.760013 54849.540422 701.061937
v -1703.760013 54849.540422 768.021937
v -1599.600012 58915.500453 768.021937
v -1703.760013 54849.540422 701.061937
v -1599.600012 58915.500453 768.021937
v -1599.600012 58915.500453 701.061937
v -1599.600012 54849.540422 306.741934
v -1703.760013 54849.540422 701.061937
v -1599.600012 58915.500453 701.061937
v -1599.600012 54849.540422 306.741934
v -1599.600012 58915.500453 701.061937
v -1506.600012 58915.500453 362.541934
v -1309.440010 54849.540422 20.301931
v -1599.600012 54849.540422 306.741934
v -1506.600012 58915.500453 362.541934
v -1309.440010 54849.540422 20.301931
v -1506.600012 58915.500453 362.541934
v -1257.360010 58915.500453 113.301932
v -918.840007 54849.540422 -83.858069
v -1309.440010 54849.540422 20.301931
v -1257.360010 58915.500453 113.301932
v -918.840007 54849.540422 -83.858069
v -1257.360010 58915.500453 113.301932
v -918.840007 58915.500453 20.301931
v 918.840007 54849.540422 -83.858069
v -918.840007 54849.540422 -83.858069
v -918.840007 58915.500453 20.301931
v 918.840007 54849.540422 -83.858069
v -918.840007 58915.500453 20.301931
v 918.840007 58915.500453 20.301931
v 1309.440010 54849.540422 20.301931
v 918.840007 54849.540422 -83.858069
v 918.840007 58915.500453 20.301931
v 1309.440010 54849.540422 20.301931
v 918.840007 58915.500453 20.301931
v 1257.360010 58915.500453 113.301932
v 1599.600012 54849.540422 306.741934
v 1309.440010 54849.540422 20.301931
v 1257.360010 58915.500453 113.301932
v 1599.600012 54849.540422 306.741934
v 1257.360010 58915.500453 113.301932
v 1506.600012 58915.500453 362.541934
v 1703.760013 54849.540422 701.061937
v 1599.600012 54849.540422 306.741934
v 1506.600012 58915.500453 362.541934
v 1703.760013 54849.540422 701.061937
v 1506.600012 58915.500453 362.541934
v 1599.600012 58915.500453 701.061937
v 1703.760013 54849.540422 768.021937
v 1703.760013 54849.540422 701.061937
v 1599.600012 58915.500453 701.061937
v 1703.760013 54849.540422 768.021937
v 1599.600012 58915.500453 701.061937
v 1599.600012 58915.500453 768.021937
v 1506.600012 58915.500453 1106.541940
v 1599.600012 58915.500453 768.021937
v 1309.440010 59201.940455 768.021937
v 1506.600012 58915.500453 1106.541940
v 1309.440010 59201.940455 768.021937
v 1257.360010 59201.940455 965.181939
v 1257.360010 58915.500453 1355.781942
v 1506.600012 58915.500453 1106.541940
v 1257.360010 59201.940455 965.181939
v 1257.360010 58915.500453 1355.781942
v 1257.360010 59201.940455 965.181939
v 1116.000009 59201.940455 1106.541940
v 918.840007 58915.500453 1448.781942
v 1257.360010 58915.500453 1355.781942
v 1116.000009 59201.940455 1106.541940
v 918.840007 58915.500453 1448.781942
v 1116.000009 59201.940455 1106.541940
v 918.840007 59201.940455 1158.621940
v -918.840007 58915.500453 1448.781942
v 918.840007 58915.500453 1448.781942
v 918.840007 59201.940455 1158.621940
v -918.840007 58915.500453 1448.781942
v 918.840007 59201.940455 1158.621940
v -918.840007 59201.940455 1158.621940
v -1257.360010 58915.500453 1355.781942
v -918.840007 58915.500453 1448.781942
v -918.840007 59201.940455 1158.621940
v -1257.360010 58915.500453 1355.781942
v -918.840007 59201.940455 1158.621940
v -1116.000009 59201.940455 1106.541940
v -1506.600012 58915.500453 1106.541940
v -1257.360010 58915.500453 1355.781942
v -1116.000009 59201.940455 1106.541940
v -1506.600012 58915.500453 1106.541940
v -1116.000009 59201.940455 1106.541940
v -1257.360010 59201.940455 965.181939
v -1599.600012 58915.500453 768.021937
v -1506.600012 58915.500453 1106.541940
v -1257.360010 59201.940455 965.181939
v -1599.600012 58915.500453 768.021937
v -1257.360010 59201.940455 965.181939
v -1309.440010 59201.940455 768.021937
v -1599.600012 58915.500453 701.061937
v -1599.600012 58915.500453 768.021937
v -1309.440010 59201.940455 768.021937
v -1599.600012 58915.500453 701.061937
v -1309.440010 59201.940455 768.021937
v -1309.440010 59201.940455 701.061937
v -1506.600012 58915.500453 362.541934
v -1599.600012 58915.500453 701.061937
v -1309.440010 59201.940455 701.061937
v -1506.600012 58915.500453 362.541934
v -1309.440010 59201.940455 701.061937
v -1257.360010 59201.940455 503.901935
v -1257.360010 58915.500453 113.301932
v -1506.600012 58915.500453 362.541934
v -1257.360010 59201.940455 503.901935
v -1257.360010 58915.500453 113.301932
v -1257.360010 59201.940455 503.901935
v -1116.000009 59201.940455 362.541934
v -918.840007 58915.500453 20.301931
v -1257.360010 58915.500453 113.301932
v -1116.000009 59201.940455 362.541934
v -918.840007 58915.500453 20.301931
v -1116.000009 59201.940455 362.541934
v -918.840007 59201.940455 306.741934
v 918.840007 58915.500453 20.301931
v -918.840007 58915.500453 20.301931
v -918.840007 59201.940455 306.741934
v 918.840007 58915.500453 20.301931
v -918.840007 59201.940455 306.741934
v 918.840007 59201.940455 306.741934
v 1257.360010 58915.500453 113.301932
v 918.840007 58915.500453 20.301931
v 918.840007 59201.940455 306.741934
v 1257.360010 58915.500453 113.301932
v 918.840007 59201.940455 306.741934
v 1116.000009 59201.940455 362.541934
v 1506.600012 58915.500453 362.541934
v 1257.360010 58915.500453 113.301932
v 1116.000009 59201.940455 362.541934
v 1506.600012 58915.500453 362.541934
v 1116.000009 59201.940455 362.541934
v 1257.360010 59201.940455 503.901935
v 1599.600012 58915.500453 701.061937
v 1506.600012 58915.500453 362.541934
v 1257.360010 59201.940455 503.901935
v 1599.600012 58915.500453 701.061937
v 1257.360010 59201.940455 503.901935
v 1309.440010 59201.940455 701.061937
v 1599.600012 58915.500453 768.021937
v 1599.600012 58915.500453 701.061937
v 1309.440010 59201.940455 701.061937
v 1599.600012 58915.500453 768.021937
v 1309.440010 59201.940455 701.061937
v 1309.440010 59201.940455 768.021937
v 1257.360010 59201.940455 965.181939
v 1309.440010 59201.940455 768.021937
v 918.840007 59309.820456 749.421937
v 1257.360010 59201.940455 965.181939
v 918.840007 59309.820456 749.421937
v 915.120007 59309.820456 760.581937
v 1116.000009 59201.940455 1106.541940
v 1257.360010 59201.940455 965.181939
v 915.120007 59309.820456 760.581937
v 1116.000009 59201.940455 1106.541940
v 915.120007 59309.820456 760.581937
v 907.680007 59309.820456 764.301937
v 918.840007 59201.940455 1158.621940
v 1116.000009 59201.940455 1106.541940
v 907.680007 59309.820456 764.301937
v 918.840007 59201.940455 1158.621940
v 907.680007 59309.820456 764.301937
v 900.240007 59309.820456 768.021937
v -918.840007 59201.940455 1158.621940
v 918.840007 59201.940455 1158.621940
v 900.240007 59309.820456 768.021937
v -918.840007 59201.940455 1158.621940
v 900.240007 59309.820456 768.021937
v -900.240007 59309.820456 768.021937
v -1116.000009 59201.940455 1106.541940
v -918.840007 59201.940455 1158.621940
v -900.240007 59309.820456 768.021937
v -1116.000009 59201.940455 1106.541940
v -900.240007 59309.820456 768.021937
v -907.680007 59309.820456 764.301937
v -1257.360010 59201.940455 965.181939
v -1116.000009 59201.940455 1106.541940
v -907.680007 59309.820456 764.301937
v -1257.360010 59201.940455 965.181939
v -907.680007 59309.820456 764.301937
v -915.120007 59309.820456 760.581937
v -1309.440010 59201.940455 768.021937
v -1257.360010 59201.940455 965.181939
v -915.120007 59309.820456 760.581937
v -1309.440010 59201.940455 768.021937
v -915.120007 59309.820456 760.581937
v -918.840007 59309.820456 749.421937
v -1309.440010 59201.940455 701.061937
v -1309.440010 59201.940455 768.021937
v -918.840007 59309.820456 749.421937
v -1309.440010 59201.940455 701.061937
v -918.840007 59309.820456 749.421937
v -918.840007 59309.820456 719.661937
v -1257.360010 59201.940455 503.901935
v -1309.440010 59201.940455 701.061937
v -918.840007 59309.820456 719.661937
v -1257.360010 59201.940455 503.901935
v -918.840007 59309.820456 719.661937
v -915.120007 59309.820456 708.501937
v -1116.000009 59201.940455 362.541934
v -1257.360010 59201.940455 503.901935
v -915.120007 59309.820456 708.501937
v -1116.000009 59201.940455 362.541934
v -915.120007 59309.820456 708.501937
v -907.680007 59309.820456 704.781937
v -918.840007 59201.940455 306.741934
v -1116.000009 59201.940455 362.541934
v -907.680007 59309.820456 704.781937
v -918.840007 59201.940455 306.741934
v -907.680007 59309.820456 704.781937
v -900.240007 59309.820456 701.061937
v 918.840007 59201.940455 306.741934
v -918.840007 59201.940455 306.741934
v -900.240007 59309.820456 701.061937
v 918.840007 59201.940455 306.741934
v -900.240007 59309.820456 701.061937
v 900.240007 59309.820456 701.061937
v 1116.000009 59201.940455 362.541934
v 918.840007 59201.940455 306.741934
v 900.240007 59309.820456 701.061937
v 1116.000009 59201.940455 362.541934
v 900.240007 59309.820456 701.061937
v 907.680007 59309.820456 704.781937
v 1257.360010 59201.940455 503.901935
v 1116.000009 59201.940455 362.541934
v 907.680007 59309.820456 704.781937
v 1257.360010 59201.940455 503.901935
v 907.680007 59309.820456 704.781937
v 915.120007 59309.820456 708.501937
v 1309.440010 59201.940455 701.061937
v 1257.360010 59201.940455 503.901935
v 915.120007 59309.820456 708.501937
v 1309.440010 59201.940455 701.061937
v 915.120007 59309.820456 708.501937
v 918.840007 59309.820456 719.661937
v 1309.440010 59201.940455 768.021937
v 1309.440010 59201.940455 701.061937
v 918.840007 59309.820456 719.661937
v 1309.440010 59201.940455 768.021937
v 918.840007 59309.820456 719.661937
v 918.840007 59309.820456 749.421937
v 0.000000 54064.620416 734.541937
v 918.840007 54064.620416 749.421937
v 915.120007 54064.620416 760.581937
v 0.000000 54064.620416 734.541937
v 915.120007 54064.620416 760.581937
v 907.680007 54064.620416 764.301937
v 0.000000 54064.620416 734.541937
v 907.680007 54064.620416 764.301937
v 900.240007 54064.620416 768.021937
v 0.000000 54064.620416 734.541937
v 900.240007 54064.620416 768.021937
v -900.240007 54064.620416 768.021937
v 0.000000 54064.620416 734.541937
v -900.240007 54064.620416 768.021937
v -907.680007 54064.620416 764.301937
v 0.000000 54064.620416 734.541937
v -907.680007 54064.620416 764.301937
v -915.120007 54064.620416 760.581937
v 0.000000 54064.620416 734.541937
v -915.120007 54064.620416 760.581937
v -918.840007 54064.620416 749.421937
v 0.000000 54064.620416 734.541937
v -918.840007 54064.620416 749.421937
v -918.840007 54064.620416 719.661937
v 0.000000 54064.620416 734.541937
v -918.840007 54064.620416 719.661937
v -915.120007 54064.620416 708.501937
v 0.000000 54064.620416 734.541937
v -915.120007 54064.620416 708.501937
v -907.680007 54064.620416 704.781937
v 0.000000 54064.620416 734.541937
v -907.680007 54064.620416 704.781937
v -900.240007 54064.620416 701.061937
v 0.000000 54064.620416 734.541937
v -900.240007 54064.620416 701.061937
v 900.240007 54064.620416 701.061937
v 0.000000 54064.620416 734.541937
v 900.240007 54064.620416 701.061937
v 907.680007 54064.620416 704.781937
v 0.000000 54064.620416 734.541937
v 907.680007 54064.620416 704.781937
v 915.120007 54064.620416 708.501937
v 0.000000 54064.620416 734.541937
v 915.120007 54064.620416 708.501937
v 918.840007 54064.620416 719.661937
v 0.000000 54064.620416 734.541937
v 918.840007 54064.620416 719.661937
v 918.840007 54064.620416 749.421937
v 0.000000 59309.820456 734.541937
v 915.120007 59309.820456 760.581937
v 918.840007 59309.820456 749.421937
v 0.000000 59309.820456 734.541937
v 907.680007 59309.820456 764.301937
v 915.120007 59309.820456 760.581937
v 0.000000 59309.820456 734.541937
v 900.240007 59309.820456 768.021937
v 907.680007 59309.820456 764.301937
v 0.000000 59309.820456 734.541937
v -900.240007 59309.820456 768.021937
v 900.240007 59309.820456 768.021937
v 0.000000 59309.820456 734.541937
v -907.680007 59309.820456 764.301937
v -900.240007 59309.820456 768.021937
v 0.000000 59309.820456 734.541937
v -915.120007 59309.820456 760.581937
v -907.680007 59309.820456 764.301937
v 0.000000 59309.820456 734.541937
v -918.840007 59309.820456 749.421937
v -915.120007 59309.820456 760.581937
v 0.000000 59309.820456 734.541937
v -918.840007 59309.820456 719.661937
v -918.840007 59309.820456 749.421937
v 0.000000 59309.820456 734.541937
v -915.120007 59309.820456 708.501937
v -918.840007 59309.820456 719.661937
v 0.000000 59309.820456 734.541937
v -907.680007 59309.820456 704.781937
v -915.120007 59309.820456 708.501937
v 0.000000 59309.820456 734.541937
v -900.240007 59309.820456 701.061937
v -907.680007 59309.820456 704.781937
v 0.000000 59309.820456 734.541937
v 900.240007 59309.820456 701.061937
v -900.240007 59309.820456 701.061937
v 0.000000 59309.820456 734.541937
v 907.680007 59309.820456 704.781937
v 900.240007 59309.820456 701.061937
v 0.000000 59309.820456 734.541937
v 915.120007 59309.820456 708.501937
v 907.680007 59309.820456 704.781937
v 0.000000 59309.820456 734.541937
v 918.840007 59309.820456 719.661937
v 915.120007 59309.820456 708.501937
v 0.000000 59309.820456 734.541937
v 918.840007 59309.820456 749.421937
v 918.840007 59309.820456 719.661937
v -4356.120034 47319.330364 -1765.298082
v -4136.640032 47326.770364 -768.338075
v -4594.200035 44189.880340 -675.338074
v -4356.120034 47319.330364 -1765.298082
v -4594.200035 44189.880340 -675.338074
v -4795.080037 44182.440340 -1586.738081
v -4973.640038 47360.250364 -2386.538087
v -4356.120034 47319.330364 -1765.298082
v -4795.080037 44182.440340 -1586.738081
v -4973.640038 47360.250364 -2386.538087
v -4795.080037 44182.440340 -1586.738081
v -5364.240041 44219.640340 -2155.898085
v -5963.160046 47453.250365 -2606.018089
v -4973.640038 47360.250364 -2386.538087
v -5364.240041 44219.640340 -2155.898085
v -5963.160046 47453.250365 -2606.018089
v -5364.240041 44219.640340 -2155.898085
v -6279.360048 44308.920341 -2360.498087
v -6956.400054 47561.130366 -2393.978087
v -5963.160046 47453.250365 -2606.018089
v -6279.360048 44308.920341 -2360.498087
v -6956.400054 47561.130366 -2393.978087
v -6279.360048 44308.920341 -2360.498087
v -7194.480055 44405.640342 -2163.338085
v -7573.920058 47639.250366 -1776.458082
v -6956.400054 47561.130366 -2393.978087
v -7194.480055 44405.640342 -2163.338085
v -7573.920058 47639.250366 -1776.458082
v -7194.480055 44405.640342 -2163.338085
v -7764.570060 44480.040342 -1597.898081
v -7790.610060 47691.330367 -779.498075
v -7573.920058 47639.250366 -1776.458082
v -7764.570060 44480.040342 -1597.898081
v -7790.610060 47691.330367 -779.498075
v -7764.570060 44480.040342 -1597.898081
v -7965.450061 44528.400342 -682.778074
v -7573.920058 47698.770367 217.461933
v -7790.610060 47691.330367 -779.498075
v -7965.450061 44528.400342 -682.778074
v -7573.920058 47698.770367 217.461933
v -7965.450061 44528.400342 -682.778074
v -7764.570060 44532.120342 232.341933
v -6956.400054 47657.850367 838.701938
v -7573.920058 47698.770367 217.461933
v -7764.570060 44532.120342 232.341933
v -6956.400054 47657.850367 838.701938
v -7764.570060 44532.120342 232.341933
v -7194.480055 44494.920342 801.501937
v -5963.160046 47564.850366 1061.901939
v -6956.400054 47657.850367 838.701938
v -7194.480055 44494.920342 801.501937
v -5963.160046 47564.850366 1061.901939
v -7194.480055 44494.920342 801.501937
v -6279.360048 44409.360342 1002.381939
v -4973.640038 47456.970365 846.141938
v -5963.160046 47564.850366 1061.901939
v -6279.360048 44409.360342 1002.381939
v -4973.640038 47456.970365 846.141938
v -6279.360048 44409.360342 1002.381939
v -5364.240041 44308.920341 805.221937
v -4356.120034 47378.850364 228.621933
v -4973.640038 47456.970365 846.141938
v -5364.240041 44308.920341 805.221937
v -4356.120034 47378.850364 228.621933
v -5364.240041 44308.920341 805.221937
v -4795.080037 44234.520340 239.781933
v -4136.640032 47326.770364 -768.338075
v -4356.120034 47378.850364 228.621933
v -4795.080037 44234.520340 239.781933
v -4136.640032 47326.770364 -768.338075
v -4795.080037 44234.520340 239.781933
v -4594.200035 44189.880340 -675.338074
v -4795.080037 44182.440340 -1586.738081
v -4594.200035 44189.880340 -675.338074
v -5051.760039 41053.920316 -578.618073
v -4795.080037 44182.440340 -1586.738081
v -5051.760039 41053.920316 -578.618073
v -5237.760040 41046.480316 -1411.898080
v -5364.240041 44219.640340 -2155.898085
v -4795.080037 44182.440340 -1586.738081
v -5237.760040 41046.480316 -1411.898080
v -5364.240041 44219.640340 -2155.898085
v -5237.760040 41046.480316 -1411.898080
v -5758.560044 41083.680316 -1928.978084
v -6279.360048 44308.920341 -2360.498087
v -5364.240041 44219.640340 -2155.898085
v -5758.560044 41083.680316 -1928.978084
v -6279.360048 44308.920341 -2360.498087
v -5758.560044 41083.680316 -1928.978084
v -6595.560051 41161.800317 -2111.258085
v -7194.480055 44405.640342 -2163.338085
v -6279.360048 44308.920341 -2360.498087
v -6595.560051 41161.800317 -2111.258085
v -7194.480055 44405.640342 -2163.338085
v -6595.560051 41161.800317 -2111.258085
v -7436.280057 41251.080317 -1932.698084
v -7764.570060 44480.040342 -1597.898081
v -7194.480055 44405.640342 -2163.338085
v -7436.280057 41251.080317 -1932.698084
v -7764.570060 44480.040342 -1597.898081
v -7436.280057 41251.080317 -1932.698084
v -7958.010061 41318.040318 -1419.338080
v -7965.450061 44528.400342 -682.778074
v -7764.570060 44480.040342 -1597.898081
v -7958.010061 41318.040318 -1419.338080
v -7965.450061 44528.400342 -682.778074
v -7958.010061 41318.040318 -1419.338080
v -8140.290063 41362.680318 -589.778073
v -7764.570060 44532.120342 232.341933
v -7965.450061 44528.400342 -682.778074
v -8140.290063 41362.680318 -589.778073
v -7764.570060 44532.120342 232.341933
v -8140.290063 41362.680318 -589.778073
v -7958.010061 41366.400318 243.501933
v -7194.480055 44494.920342 801.501937
v -7764.570060 44532.120342 232.341933
v -7958.010061 41366.400318 243.501933
v -7194.480055 44494.920342 801.501937
v -7958.010061 41366.400318 243.501933
v -7436.280057 41332.920318 760.581937
v -6279.360048 44409.360342 1002.381939
v -7194.480055 44494.920342 801.501937
v -7436.280057 41332.920318 760.581937
v -6279.360048 44409.360342 1002.381939
v -7436.280057 41332.920318 760.581937
v -6595.560051 41251.080317 942.861938
v -5364.240041 44308.920341 805.221937
v -6279.360048 44409.360342 1002.381939
v -6595.560051 41251.080317 942.861938
v -5364.240041 44308.920341 805.221937
v -6595.560051 41251.080317 942.861938
v -5758.560044 41161.800317 764.301937
v -4795.080037 44234.520340 239.781933
v -5364.240041 44308.920341 805.221937
v -5758.560044 41161.800317 764.301937
v -4795.080037 44234.520340 239.781933
v -5758.560044 41161.800317 764.301937
v -5237.760040 41094.840316 250.941933
v -4594.200035 44189.880340 -675.338074
v -4795.080037 44234.520340 239.781933
v -5237.760040 41094.840316 250.941933
v -4594.200035 44189.880340 -675.338074
v -5237.760040 41094.840316 250.941933
v -5051.760039 41053.920316 -578.618073
v -5237.760040 41046.480316 -1411.898080
v -5051.760039 41053.920316 -578.618073
v -5509.320042 37935.630292 -485.618073
v -5237.760040 41046.480316 -1411.898080
v -5509.320042 37935.630292 -485.618073
v -5680.440044 37876.110291 -1233.338078
v -5758.560044 41083.680316 -1928.978084
v -5237.760040 41046.480316 -1411.898080
v -5680.440044 37876.110291 -1233.338078
v -5758.560044 41083.680316 -1928.978084
v -5680.440044 37876.110291 -1233.338078
v -6156.600047 37872.390291 -1694.618082
v -6595.560051 41161.800317 -2111.258085
v -5758.560044 41083.680316 -1928.978084
v -6156.600047 37872.390291 -1694.618082
v -6595.560051 41161.800317 -2111.258085
v -6156.600047 37872.390291 -1694.618082
v -6922.920053 37924.470292 -1858.298083
v -7436.280057 41251.080317 -1932.698084
v -6595.560051 41161.800317 -2111.258085
v -6922.920053 37924.470292 -1858.298083
v -7436.280057 41251.080317 -1932.698084
v -6922.920053 37924.470292 -1858.298083
v -7686.450059 38006.310292 -1698.338082
v -7958.010061 41318.040318 -1419.338080
v -7436.280057 41251.080317 -1932.698084
v -7686.450059 38006.310292 -1698.338082
v -7958.010061 41318.040318 -1419.338080
v -7686.450059 38006.310292 -1698.338082
v -8155.170063 38092.800293 -1237.058078
v -8140.290063 41362.680318 -589.778073
v -7958.010061 41318.040318 -1419.338080
v -8155.170063 38092.800293 -1237.058078
v -8140.290063 41362.680318 -589.778073
v -8155.170063 38092.800293 -1237.058078
v -8318.850064 38178.360294 -493.058073
v -7958.010061 41366.400318 243.501933
v -8140.290063 41362.680318 -589.778073
v -8318.850064 38178.360294 -493.058073
v -7958.010061 41366.400318 243.501933
v -8318.850064 38178.360294 -493.058073
v -8147.730063 38234.160294 254.661933
v -7436.280057 41332.920318 760.581937
v -7958.010061 41366.400318 243.501933
v -8147.730063 38234.160294 254.661933
v -7436.280057 41332.920318 760.581937
v -8147.730063 38234.160294 254.661933
v -7667.850059 38237.880294 715.941937
v -6595.560051 41251.080317 942.861938
v -7436.280057 41332.920318 760.581937
v -7667.850059 38237.880294 715.941937
v -6595.560051 41251.080317 942.861938
v -7667.850059 38237.880294 715.941937
v -6904.320053 38189.520294 879.621938
v -5758.560044 41161.800317 764.301937
v -6595.560051 41251.080317 942.861938
v -6904.320053 38189.520294 879.621938
v -5758.560044 41161.800317 764.301937
v -6904.320053 38189.520294 879.621938
v -6141.720047 38107.680293 719.661937
v -5237.760040 41094.840316 250.941933
v -5758.560044 41161.800317 764.301937
v -6141.720047 38107.680293 719.661937
v -5237.760040 41094.840316 250.941933
v -6141.720047 38107.680293 719.661937
v -5673.000044 38021.190292 258.381933
v -5051.760039 41053.920316 -578.618073
v -5237.760040 41094.840316 250.941933
v -5673.000044 38021.190292 258.381933
v -5051.760039 41053.920316 -578.618073
v -5673.000044 38021.190292 258.381933
v -5509.320042 37935.630292 -485.618073
v -5680.440044 37876.110291 -1233.338078
v -5509.320042 37935.630292 -485.618073
v -5859.000045 35171.670271 -9.458069
v -5680.440044 37876.110291 -1233.338078
v -5859.000045 35171.670271 -9.458069
v -6015.240046 35074.950270 -660.458074
v -6156.600047 37872.390291 -1694.618082
v -5680.440044 37876.110291 -1233.338078
v -6015.240046 35074.950270 -660.458074
v -6156.600047 37872.390291 -1694.618082
v -6015.240046 35074.950270 -660.458074
v -6443.040050 35034.030269 -1062.218077
v -6922.920053 37924.470292 -1858.298083
v -6156.600047 37872.390291 -1694.618082
v -6443.040050 35034.030269 -1062.218077
v -6922.920053 37924.470292 -1858.298083
v -6443.040050 35034.030269 -1062.218077
v -7127.520055 35060.070270 -1203.578078
v -7686.450059 38006.310292 -1698.338082
v -6922.920053 37924.470292 -1858.298083
v -7127.520055 35060.070270 -1203.578078
v -7686.450059 38006.310292 -1698.338082
v -7127.520055 35060.070270 -1203.578078
v -7809.210060 35130.750270 -1062.218077
v -8155.170063 38092.800293 -1237.058078
v -7686.450059 38006.310292 -1698.338082
v -7809.210060 35130.750270 -1062.218077
v -8155.170063 38092.800293 -1237.058078
v -7809.210060 35130.750270 -1062.218077
v -8225.850063 35231.190271 -656.738074
v -8318.850064 38178.360294 -493.058073
v -8155.170063 38092.800293 -1237.058078
v -8225.850063 35231.190271 -656.738074
v -8318.850064 38178.360294 -493.058073
v -8225.850063 35231.190271 -656.738074
v -8367.210064 35353.950272 -9.458069
v -8147.730063 38234.160294 254.661933
v -8318.850064 38178.360294 -493.058073
v -8367.210064 35353.950272 -9.458069
v -8147.730063 38234.160294 254.661933
v -8367.210064 35353.950272 -9.458069
v -8207.250063 35450.670273 641.541936
v -7667.850059 38237.880294 715.941937
v -8147.730063 38234.160294 254.661933
v -8207.250063 35450.670273 641.541936
v -7667.850059 38237.880294 715.941937
v -8207.250063 35450.670273 641.541936
v -7779.450060 35491.590273 1043.301939
v -6904.320053 38189.520294 879.621938
v -7667.850059 38237.880294 715.941937
v -7779.450060 35491.590273 1043.301939
v -6904.320053 38189.520294 879.621938
v -7779.450060 35491.590273 1043.301939
v -7097.760055 35465.550273 1184.661940
v -6141.720047 38107.680293 719.661937
v -6904.320053 38189.520294 879.621938
v -7097.760055 35465.550273 1184.661940
v -6141.720047 38107.680293 719.661937
v -7097.760055 35465.550273 1184.661940
v -6417.000049 35394.870272 1043.301939
v -5673.000044 38021.190292 258.381933
v -6141.720047 38107.680293 719.661937
v -6417.000049 35394.870272 1043.301939
v -5673.000044 38021.190292 258.381933
v -6417.000049 35394.870272 1043.301939
v -6000.360046 35294.430271 637.821936
v -5509.320042 37935.630292 -485.618073
v -5673.000044 38021.190292 258.381933
v -6000.360046 35294.430271 637.821936
v -5509.320042 37935.630292 -485.618073
v -6000.360046 35294.430271 637.821936
v -5859.000045 35171.670271 -9.458069
v -6015.240046 35074.950270 -660.458074
v -5859.000045 35171.670271 -9.458069
v -6208.680048 32392.830249 466.701935
v -6015.240046 35074.950270 -660.458074
v -6208.680048 32392.830249 466.701935
v -6350.040049 32303.550248 -95.018070
v -6443.040050 35034.030269 -1062.218077
v -6015.240046 35074.950270 -660.458074
v -6350.040049 32303.550248 -95.018070
v -6443.040050 35034.030269 -1062.218077
v -6350.040049 32303.550248 -95.018070
v -6725.760052 32273.790248 -440.978072
v -7127.520055 35060.070270 -1203.578078
v -6443.040050 35034.030269 -1062.218077
v -6725.760052 32273.790248 -440.978072
v -7127.520055 35060.070270 -1203.578078
v -6725.760052 32273.790248 -440.978072
v -7324.680056 32292.390248 -563.738073
v -7809.210060 35130.750270 -1062.218077
v -7127.520055 35060.070270 -1203.578078
v -7324.680056 32292.390248 -563.738073
v -7809.210060 35130.750270 -1062.218077
v -7324.680056 32292.390248 -563.738073
v -7920.810061 32359.350249 -440.978072
v -8225.850063 35231.190271 -656.738074
v -7809.210060 35130.750270 -1062.218077
v -7920.810061 32359.350249 -440.978072
v -8225.850063 35231.190271 -656.738074
v -7920.810061 32359.350249 -440.978072
v -8289.090064 32444.910250 -91.298070
v -8367.210064 35353.950272 -9.458069
v -8225.850063 35231.190271 -656.738074
v -8289.090064 32444.910250 -91.298070
v -8367.210064 35353.950272 -9.458069
v -8289.090064 32444.910250 -91.298070
v -8411.850065 32549.070250 470.421935
v -8207.250063 35450.670273 641.541936
v -8367.210064 35353.950272 -9.458069
v -8411.850065 32549.070250 470.421935
v -8207.250063 35450.670273 641.541936
v -8411.850065 32549.070250 470.421935
v -8274.210064 32634.630251 1032.141939
v -7779.450060 35491.590273 1043.301939
v -8207.250063 35450.670273 641.541936
v -8274.210064 32634.630251 1032.141939
v -7779.450060 35491.590273 1043.301939
v -8274.210064 32634.630251 1032.141939
v -7898.490061 32668.110251 1381.821942
v -7097.760055 35465.550273 1184.661940
v -7779.450060 35491.590273 1043.301939
v -7898.490061 32668.110251 1381.821942
v -7097.760055 35465.550273 1184.661940
v -7898.490061 32668.110251 1381.821942
v -7298.640056 32645.790251 1504.581943
v -6417.000049 35394.870272 1043.301939
v -7097.760055 35465.550273 1184.661940
v -7298.640056 32645.790251 1504.581943
v -6417.000049 35394.870272 1043.301939
v -7298.640056 32645.790251 1504.581943
v -6699.720052 32582.550251 1378.101942
v -6000.360046 35294.430271 637.821936
v -6417.000049 35394.870272 1043.301939
v -6699.720052 32582.550251 1378.101942
v -6000.360046 35294.430271 637.821936
v -6699.720052 32582.550251 1378.101942
v -6335.160049 32496.990250 1028.421939
v -5859.000045 35171.670271 -9.458069
v -6000.360046 35294.430271 637.821936
v -6335.160049 32496.990250 1028.421939
v -5859.000045 35171.670271 -9.458069
v -6335.160049 32496.990250 1028.421939
v -6208.680048 32392.830249 466.701935
v -6350.040049 32303.550248 -95.018070
v -6208.680048 32392.830249 466.701935
v -6562.080050 29610.270228 946.581938
v -6350.040049 32303.550248 -95.018070
v -6562.080050 29610.270228 946.581938
v -6681.120051 29535.870227 474.141935
v -6725.760052 32273.790248 -440.978072
v -6350.040049 32303.550248 -95.018070
v -6681.120051 29535.870227 474.141935
v -6725.760052 32273.790248 -440.978072
v -6681.120051 29535.870227 474.141935
v -7004.760054 29509.830227 180.261933
v -7324.680056 32292.390248 -563.738073
v -6725.760052 32273.790248 -440.978072
v -7004.760054 29509.830227 180.261933
v -7324.680056 32292.390248 -563.738073
v -7004.760054 29509.830227 180.261933
v -7521.840058 29528.430227 76.101932
v -7920.810061 32359.350249 -440.978072
v -7324.680056 32292.390248 -563.738073
v -7521.840058 29528.430227 76.101932
v -7920.810061 32359.350249 -440.978072
v -7521.840058 29528.430227 76.101932
v -8036.130062 29584.230228 180.261933
v -8289.090064 32444.910250 -91.298070
v -7920.810061 32359.350249 -440.978072
v -8036.130062 29584.230228 180.261933
v -8289.090064 32444.910250 -91.298070
v -8036.130062 29584.230228 180.261933
v -8352.330064 29654.910228 474.141935
v -8411.850065 32549.070250 470.421935
v -8289.090064 32444.910250 -91.298070
v -8352.330064 29654.910228 474.141935
v -8411.850065 32549.070250 470.421935
v -8352.330064 29654.910228 474.141935
v -8456.490065 29744.190229 950.301938
v -8274.210064 32634.630251 1032.141939
v -8411.850065 32549.070250 470.421935
v -8456.490065 29744.190229 950.301938
v -8274.210064 32634.630251 1032.141939
v -8456.490065 29744.190229 950.301938
v -8337.450064 29818.590229 1422.741942
v -7898.490061 32668.110251 1381.821942
v -8274.210064 32634.630251 1032.141939
v -8337.450064 29818.590229 1422.741942
v -7898.490061 32668.110251 1381.821942
v -8337.450064 29818.590229 1422.741942
v -8013.810062 29844.630230 1716.621944
v -7298.640056 32645.790251 1504.581943
v -7898.490061 32668.110251 1381.821942
v -8013.810062 29844.630230 1716.621944
v -7298.640056 32645.790251 1504.581943
v -8013.810062 29844.630230 1716.621944
v -7499.520058 29826.030229 1820.781945
v -6699.720052 32582.550251 1378.101942
v -7298.640056 32645.790251 1504.581943
v -7499.520058 29826.030229 1820.781945
v -6699.720052 32582.550251 1378.101942
v -7499.520058 29826.030229 1820.781945
v -6982.440054 29773.950229 1716.621944
v -6335.160049 32496.990250 1028.421939
v -6699.720052 32582.550251 1378.101942
v -6982.440054 29773.950229 1716.621944
v -6335.160049 32496.990250 1028.421939
v -6982.440054 29773.950229 1716.621944
v -6666.240051 29699.550228 1422.741942
v -6208.680048 32392.830249 466.701935
v -6335.160049 32496.990250 1028.421939
v -6666.240051 29699.550228 1422.741942
v -6208.680048 32392.830249 466.701935
v -6666.240051 29699.550228 1422.741942
v -6562.080050 29610.270228 946.581938
v -5963.160046 47509.050365 -772.058075
v -4136.640032 47326.770364 -768.338075
v -4356.120034 47319.330364 -1765.298082
v -5963.160046 47509.050365 -772.058075
v -4356.120034 47319.330364 -1765.298082
v -4973.640038 47360.250364 -2386.538087
v -5963.160046 47509.050365 -772.058075
v -4973.640038 47360.250364 -2386.538087
v -5963.160046 47453.250365 -2606.018089
v -5963.160046 47509.050365 -772.058075
v -5963.160046 47453.250365 -2606.018089
v -6956.400054 47561.130366 -2393.978087
v -5963.160046 47509.050365 -772.058075
v -6956.400054 47561.130366 -2393.978087
v -7573.920058 47639.250366 -1776.458082
v -5963.160046 47509.050365 -772.058075
v -7573.920058 47639.250366 -1776.458082
v -7790.610060 47691.330367 -779.498075
v -5963.160046 47509.050365 -772.058075
v -7790.610060 47691.330367 -779.498075
v -7573.920058 47698.770367 217.461933
v -5963.160046 47509.050365 -772.058075
v -7573.920058 47698.770367 217.461933
v -6956.400054 47657.850367 838.701938
v -5963.160046 47509.050365 -772.058075
v -6956.400054 47657.850367 838.701938
v -5963.160046 47564.850366 1061.901939
v -5963.160046 47509.050365 -772.058075
v -5963.160046 47564.850366 1061.901939
v -4973.640038 47456.970365 846.141938
v -5963.160046 47509.050365 -772.058075
v -4973.640038 47456.970365 846.141938
v -4356.120034 47378.850364 228.621933
v -5963.160046 47509.050365 -772.058075
v -4356.120034 47378.850364 228.621933
v -4136.640032 47326.770364 -768.338075
v -7510.680058 29677.230228 950.301938
v -6681.120051 29535.870227 474.141935
v -6562.080050 29610.270228 946.581938
v -7510.680058 29677.230228 950.301938
v -7004.760054 29509.830227 180.261933
v -6681.120051 29535.870227 474.141935
v -7510.680058 29677.230228 950.301938
v -7521.840058 29528.430227 76.101932
v -7004.760054 29509.830227 180.261933
v -7510.680058 29677.230228 950.301938
v -8036.130062 29584.230228 180.261933
v -7521.840058 29528.430227 76.101932
v -7510.680058 29677.230228 950.301938
v -8352.330064 29654.910228 474.141935
v -8036.130062 29584.230228 180.261933
v -7510.680058 29677.230228 950.301938
v -8456.490065 29744.190229 950.301938
v -8352.330064 29654.910228 474.141935
v -7510.680058 29677.230228 950.301938
v -8337.450064 29818.590229 1422.741942
v -8456.490065 29744.190229 950.301938
v -7510.680058 29677.230228 950.301938
v -8013.810062 29844.630230 1716.621944
v -8337.450064 29818.590229 1422.741942
v -7510.680058 29677.230228 950.301938
v -7499.520058 29826.030229 1820.781945
v -8013.810062 29844.630230 1716.621944
v -7510.680058 29677.230228 950.301938
v -6982.440054 29773.950229 1716.621944
v -7499.520058 29826.030229 1820.781945
v -7510.680058 29677.230228 950.301938
v -6666.240051 29699.550228 1422.741942
v -6982.440054 29773.950229 1716.621944
v -7510.680058 29677.230228 950.301938
v -6562.080050 29610.270228 946.581938
v -6666.240051 29699.550228 1422.741942
v -6792.720052 29558.190227 555.981935
v -6658.800051 29617.710228 957.741939
v -6565.800050 28155.750217 1210.701940
v -6792.720052 29558.190227 555.981935
v -6565.800050 28155.750217 1210.701940
v -6729.480052 28092.510216 764.301937
v -7175.880055 29554.470227 362.541934
v -6792.720052 29558.190227 555.981935
v -6729.480052 28092.510216 764.301937
v -7175.880055 29554.470227 362.541934
v -6729.480052 28092.510216 764.301937
v -7201.920055 28088.790216 552.261935
v -7842.690060 29599.110228 355.101934
v -7175.880055 29554.470227 362.541934
v -7201.920055 28088.790216 552.261935
v -7842.690060 29599.110228 355.101934
v -7201.920055 28088.790216 552.261935
v -8021.250062 28144.590216 541.101935
v -8225.850063 29658.630228 537.381935
v -7842.690060 29599.110228 355.101934
v -8021.250062 28144.590216 541.101935
v -8225.850063 29658.630228 537.381935
v -8021.250062 28144.590216 541.101935
v -8497.410065 28211.550217 741.981937
v -8359.770064 29736.750229 939.141938
v -8225.850063 29658.630228 537.381935
v -8497.410065 28211.550217 741.981937
v -8359.770064 29736.750229 939.141938
v -8497.410065 28211.550217 741.981937
v -8661.090067 28300.830218 1184.661940
v -8225.850063 29796.270229 1340.901941
v -8359.770064 29736.750229 939.141938
v -8661.090067 28300.830218 1184.661940
v -8225.850063 29796.270229 1340.901941
v -8661.090067 28300.830218 1184.661940
v -8497.410065 28364.070218 1631.061944
v -7842.690060 29803.710229 1534.341943
v -8225.850063 29796.270229 1340.901941
v -8497.410065 28364.070218 1631.061944
v -7842.690060 29803.710229 1534.341943
v -8497.410065 28364.070218 1631.061944
v -8021.250062 28367.790218 1843.101945
v -7175.880055 29755.350229 1541.781943
v -7842.690060 29803.710229 1534.341943
v -8021.250062 28367.790218 1843.101945
v -7175.880055 29755.350229 1541.781943
v -8021.250062 28367.790218 1843.101945
v -7201.920055 28311.990218 1854.261945
v -6792.720052 29695.830228 1359.501942
v -7175.880055 29755.350229 1541.781943
v -7201.920055 28311.990218 1854.261945
v -6792.720052 29695.830228 1359.501942
v -7201.920055 28311.990218 1854.261945
v -6729.480052 28245.030217 1649.661944
v -6658.800051 29617.710228 957.741939
v -6792.720052 29695.830228 1359.501942
v -6729.480052 28245.030217 1649.661944
v -6658.800051 29617.710228 957.741939
v -6729.480052 28245.030217 1649.661944
v -6565.800050 28155.750217 1210.701940
v -6729.480052 28092.510216 764.301937
v -6565.800050 28155.750217 1210.701940
v -6625.320051 26377.590203 1515.741943
v -6729.480052 28092.510216 764.301937
v -6625.320051 26377.590203 1515.741943
v -6800.160052 26321.790202 1110.261940
v -7201.920055 28088.790216 552.261935
v -6729.480052 28092.510216 764.301937
v -6800.160052 26321.790202 1110.261940
v -7201.920055 28088.790216 552.261935
v -6800.160052 26321.790202 1110.261940
v -7302.360056 26325.510202 916.821938
v -8021.250062 28144.590216 541.101935
v -7201.920055 28088.790216 552.261935
v -7302.360056 26325.510202 916.821938
v -8021.250062 28144.590216 541.101935
v -7302.360056 26325.510202 916.821938
v -8173.770063 26385.030203 905.661938
v -8497.410065 28211.550217 741.981937
v -8021.250062 28144.590216 541.101935
v -8173.770063 26385.030203 905.661938
v -8497.410065 28211.550217 741.981937
v -8173.770063 26385.030203 905.661938
v -8675.970067 26451.990203 1087.941940
v -8661.090067 28300.830218 1184.661940
v -8497.410065 28211.550217 741.981937
v -8675.970067 26451.990203 1087.941940
v -8661.090067 28300.830218 1184.661940
v -8675.970067 26451.990203 1087.941940
v -8850.810068 26533.830204 1489.701943
v -8497.410065 28364.070218 1631.061944
v -8661.090067 28300.830218 1184.661940
v -8850.810068 26533.830204 1489.701943
v -8497.410065 28364.070218 1631.061944
v -8850.810068 26533.830204 1489.701943
v -8675.970067 26589.630204 1891.461946
v -8021.250062 28367.790218 1843.101945
v -8497.410065 28364.070218 1631.061944
v -8675.970067 26589.630204 1891.461946
v -8021.250062 28367.790218 1843.101945
v -8675.970067 26589.630204 1891.461946
v -8173.770063 26585.910204 2084.901947
v -7201.920055 28311.990218 1854.261945
v -8021.250062 28367.790218 1843.101945
v -8173.770063 26585.910204 2084.901947
v -7201.920055 28311.990218 1854.261945
v -8173.770063 26585.910204 2084.901947
v -7302.360056 26526.390204 2096.061947
v -6729.480052 28245.030217 1649.661944
v -7201.920055 28311.990218 1854.261945
v -7302.360056 26526.390204 2096.061947
v -6729.480052 28245.030217 1649.661944
v -7302.360056 26526.390204 2096.061947
v -6800.160052 26459.430203 1913.781946
v -6565.800050 28155.750217 1210.701940
v -6729.480052 28245.030217 1649.661944
v -6800.160052 26459.430203 1913.781946
v -6565.800050 28155.750217 1210.701940
v -6800.160052 26459.430203 1913.781946
v -6625.320051 26377.590203 1515.741943
v -6800.160052 26321.790202 1110.261940
v -6625.320051 26377.590203 1515.741943
v -6937.800053 24781.710191 1787.301945
v -6800.160052 26321.790202 1110.261940
v -6937.800053 24781.710191 1787.301945
v -7079.160054 24740.790190 1493.421943
v -7302.360056 26325.510202 916.821938
v -6800.160052 26321.790202 1110.261940
v -7079.160054 24740.790190 1493.421943
v -7302.360056 26325.510202 916.821938
v -7079.160054 24740.790190 1493.421943
v -7495.800058 24744.510190 1348.341942
v -8173.770063 26385.030203 905.661938
v -7302.360056 26325.510202 916.821938
v -7495.800058 24744.510190 1348.341942
v -8173.770063 26385.030203 905.661938
v -7495.800058 24744.510190 1348.341942
v -8210.970063 24796.590191 1340.901941
v -8675.970067 26451.990203 1087.941940
v -8173.770063 26385.030203 905.661938
v -8210.970063 24796.590191 1340.901941
v -8675.970067 26451.990203 1087.941940
v -8210.970063 24796.590191 1340.901941
v -8627.610066 24848.670191 1474.821943
v -8850.810068 26533.830204 1489.701943
v -8675.970067 26451.990203 1087.941940
v -8627.610066 24848.670191 1474.821943
v -8850.810068 26533.830204 1489.701943
v -8627.610066 24848.670191 1474.821943
v -8768.970067 24908.190192 1768.701945
v -8675.970067 26589.630204 1891.461946
v -8850.810068 26533.830204 1489.701943
v -8768.970067 24908.190192 1768.701945
v -8675.970067 26589.630204 1891.461946
v -8768.970067 24908.190192 1768.701945
v -8627.610066 24949.110192 2066.301947
v -8173.770063 26585.910204 2084.901947
v -8675.970067 26589.630204 1891.461946
v -8627.610066 24949.110192 2066.301947
v -8173.770063 26585.910204 2084.901947
v -8627.610066 24949.110192 2066.301947
v -8210.970063 24945.390192 2207.661948
v -7302.360056 26526.390204 2096.061947
v -8173.770063 26585.910204 2084.901947
v -8210.970063 24945.390192 2207.661948
v -7302.360056 26526.390204 2096.061947
v -8210.970063 24945.390192 2207.661948
v -7495.800058 24893.310191 2215.101948
v -6800.160052 26459.430203 1913.781946
v -7302.360056 26526.390204 2096.061947
v -7495.800058 24893.310191 2215.101948
v -6800.160052 26459.430203 1913.781946
v -7495.800058 24893.310191 2215.101948
v -7079.160054 24841.230191 2081.181947
v -6625.320051 26377.590203 1515.741943
v -6800.160052 26459.430203 1913.781946
v -7079.160054 24841.230191 2081.181947
v -6625.320051 26377.590203 1515.741943
v -7079.160054 24841.230191 2081.181947
v -6937.800053 24781.710191 1787.301945
v -7079.160054 24740.790190 1493.421943
v -6937.800053 24781.710191 1787.301945
v -7477.200058 23684.310182 1977.021946
v -7079.160054 24740.790190 1493.421943
v -7477.200058 23684.310182 1977.021946
v -7547.880058 23661.990182 1805.901945
v -7495.800058 24744.510190 1348.341942
v -7079.160054 24740.790190 1493.421943
v -7547.880058 23661.990182 1805.901945
v -7495.800058 24744.510190 1348.341942
v -7547.880058 23661.990182 1805.901945
v -7757.130060 23661.990182 1724.061944
v -8210.970063 24796.590191 1340.901941
v -7495.800058 24744.510190 1348.341942
v -7757.130060 23661.990182 1724.061944
v -8210.970063 24796.590191 1340.901941
v -7757.130060 23661.990182 1724.061944
v -8114.250062 23688.030182 1720.341944
v -8627.610066 24848.670191 1474.821943
v -8210.970063 24796.590191 1340.901941
v -8114.250062 23688.030182 1720.341944
v -8627.610066 24848.670191 1474.821943
v -8114.250062 23688.030182 1720.341944
v -8318.850064 23714.070182 1798.461945
v -8768.970067 24908.190192 1768.701945
v -8627.610066 24848.670191 1474.821943
v -8318.850064 23714.070182 1798.461945
v -8768.970067 24908.190192 1768.701945
v -8318.850064 23714.070182 1798.461945
v -8393.250065 23747.550183 1965.861946
v -8627.610066 24949.110192 2066.301947
v -8768.970067 24908.190192 1768.701945
v -8393.250065 23747.550183 1965.861946
v -8627.610066 24949.110192 2066.301947
v -8393.250065 23747.550183 1965.861946
v -8318.850064 23773.590183 2136.981948
v -8210.970063 24945.390192 2207.661948
v -8627.610066 24949.110192 2066.301947
v -8318.850064 23773.590183 2136.981948
v -8210.970063 24945.390192 2207.661948
v -8318.850064 23773.590183 2136.981948
v -8114.250062 23773.590183 2218.821948
v -7495.800058 24893.310191 2215.101948
v -8210.970063 24945.390192 2207.661948
v -8114.250062 23773.590183 2218.821948
v -7495.800058 24893.310191 2215.101948
v -8114.250062 23773.590183 2218.821948
v -7757.130060 23747.550183 2222.541948
v -7079.160054 24841.230191 2081.181947
v -7495.800058 24893.310191 2215.101948
v -7757.130060 23747.550183 2222.541948
v -7079.160054 24841.230191 2081.181947
v -7757.130060 23747.550183 2222.541948
v -7547.880058 23717.790182 2144.421948
v -6937.800053 24781.710191 1787.301945
v -7079.160054 24841.230191 2081.181947
v -7547.880058 23717.790182 2144.421948
v -6937.800053 24781.710191 1787.301945
v -7547.880058 23717.790182 2144.421948
v -7477.200058 23684.310182 1977.021946
v -7510.680058 29677.230228 950.301938
v -6658.800051 29617.710228 957.741939
v -6792.720052 29558.190227 555.981935
v -7510.680058 29677.230228 950.301938
v -6792.720052 29558.190227 555.981935
v -7175.880055 29554.470227 362.541934
v -7510.680058 29677.230228 950.301938
v -7175.880055 29554.470227 362.541934
v -7842.690060 29599.110228 355.101934
v -7510.680058 29677.230228 950.301938
v -7842.690060 29599.110228 355.101934
v -8225.850063 29658.630228 537.381935
v -7510.680058 29677.230228 950.301938
v -8225.850063 29658.630228 537.381935
v -8359.770064 29736.750229 939.141938
v -7510.680058 29677.230228 950.301938
v -8359.770064 29736.750229 939.141938
v -8225.850063 29796.270229 1340.901941
v -7510.680058 29677.230228 950.301938
v -8225.850063 29796.270229 1340.901941
v -7842.690060 29803.710229 1534.341943
v -7510.680058 29677.230228 950.301938
v -7842.690060 29803.710229 1534.341943
v -7175.880055 29755.350229 1541.781943
v -7510.680058 29677.230228 950.301938
v -7175.880055 29755.350229 1541.781943
v -6792.720052 29695.830228 1359.501942
v -7510.680058 29677.230228 950.301938
v -6792.720052 29695.830228 1359.501942
v -6658.800051 29617.710228 957.741939
v -7935.690061 23717.790182 1973.301946
v -7547.880058 23661.990182 1805.901945
v -7477.200058 23684.310182 1977.021946
v -7935.690061 23717.790182 1973.301946
v -7757.130060 23661.990182 1724.061944
v -7547.880058 23661.990182 1805.901945
v -7935.690061 23717.790182 1973.301946
v -8114.250062 23688.030182 1720.341944
v -7757.130060 23661.990182 1724.061944
v -7935.690061 23717.790182 1973.301946
v -8318.850064 23714.070182 1798.461945
v -8114.250062 23688.030182 1720.341944
v -7935.690061 23717.790182 1973.301946
v -8393.250065 23747.550183 1965.861946
v -8318.850064 23714.070182 1798.461945
v -7935.690061 23717.790182 1973.301946
v -8318.850064 23773.590183 2136.981948
v -8393.250065 23747.550183 1965.861946
v -7935.690061 23717.790182 1973.301946
v -8114.250062 23773.590183 2218.821948
v -8318.850064 23773.590183 2136.981948
v -7935.690061 23717.790182 1973.301946
v -7757.130060 23747.550183 2222.541948
v -8114.250062 23773.590183 2218.821948
v -7935.690061 23717.790182 1973.301946
v -7547.880058 23717.790182 2144.421948
v -7757.130060 23747.550183 2222.541948
v -7935.690061 23717.790182 1973.301946
v -7477.200058 23684.310182 1977.021946
v -7547.880058 23717.790182 2144.421948
v 7573.920058 47639.250366 -1776.458082
v 7790.610060 47691.330367 -779.498075
v 7965.450061 44528.400342 -682.778074
v 7573.920058 47639.250366 -1776.458082
v 7965.450061 44528.400342 -682.778074
v 7764.570060 44480.040342 -1597.898081
v 6956.400054 47561.130366 -2393.978087
v 7573.920058 47639.250366 -1776.458082
v 7764.570060 44480.040342 -1597.898081
v 6956.400054 47561.130366 -2393.978087
v 7764.570060 44480.040342 -1597.898081
v 7194.480055 44405.640342 -2163.338085
v 5963.160046 47453.250365 -2606.018089
v 6956.400054 47561.130366 -2393.978087
v 7194.480055 44405.640342 -2163.338085
v 5963.160046 47453.250365 -2606.018089
v 7194.480055 44405.640342 -2163.338085
v 6279.360048 44308.920341 -2360.498087
v 4973.640038 47360.250364 -2386.538087
v 5963.160046 47453.250365 -2606.018089
v 6279.360048 44308.920341 -2360.498087
v 4973.640038 47360.250364 -2386.538087
v 6279.360048 44308.920341 -2360.498087
v 5364.240041 44219.640340 -2155.898085
v 4356.120034 47319.330364 -1765.298082
v 4973.640038 47360.250364 -2386.538087
v 5364.240041 44219.640340 -2155.898085
v 4356.120034 47319.330364 -1765.298082
v 5364.240041 44219.640340 -2155.898085
v 4795.080037 44182.440340 -1586.738081
v 4136.640032 47326.770364 -768.338075
v 4356.120034 47319.330364 -1765.298082
v 4795.080037 44182.440340 -1586.738081
v 4136.640032 47326.770364 -768.338075
v 4795.080037 44182.440340 -1586.738081
v 4594.200035 44189.880340 -675.338074
v 4356.120034 47378.850364 228.621933
v 4136.640032 47326.770364 -768.338075
v 4594.200035 44189.880340 -675.338074
v 4356.120034 47378.850364 228.621933
v 4594.200035 44189.880340 -675.338074
v 4795.080037 44234.520340 239.781933
v 4973.640038 47456.970365 846.141938
v 4356.120034 47378.850364 228.621933
v 4795.080037 44234.520340 239.781933
v 4973.640038 47456.970365 846.141938
v 4795.080037 44234.520340 239.781933
v 5364.240041 44308.920341 805.221937
v 5963.160046 47564.850366 1061.901939
v 4973.640038 47456.970365 846.141938
v 5364.240041 44308.920341 805.221937
v 5963.160046 47564.850366 1061.901939
v 5364.240041 44308.920341 805.221937
v 6279.360048 44409.360342 1002.381939
v 6956.400054 47657.850367 838.701938
v 5963.160046 47564.850366 1061.901939
v 6279.360048 44409.360342 1002.381939
v 6956.400054 47657.850367 838.701938
v 6279.360048 44409.360342 1002.381939
v 7194.480055 44494.920342 801.501937
v 7573.920058 47698.770367 217.461933
v 6956.400054 47657.850367 838.701938
v 7194.480055 44494.920342 801.501937
v 7573.920058 47698.770367 217.461933
v 7194.480055 44494.920342 801.501937
v 7764.570060 44532.120342 232.341933
v 7790.610060 47691.330367 -779.498075
v 7573.920058 47698.770367 217.461933
v 7764.570060 44532.120342 232.341933
v 7790.610060 47691.330367 -779.498075
v 7764.570060 44532.120342 232.341933
v 7965.450061 44528.400342 -682.778074
v 7764.570060 44480.040342 -1597.898081
v 7965.450061 44528.400342 -682.778074
v 8140.290063 41362.680318 -589.778073
v 7764.570060 44480.040342 -1597.898081
v 8140.290063 41362.680318 -589.778073
v 7958.010061 41318.040318 -1419.338080
v 7194.480055 44405.640342 -2163.338085
v 7764.570060 44480.040342 -1597.898081
v 7958.010061 41318.040318 -1419.338080
v 7194.480055 44405.640342 -2163.338085
v 7958.010061 41318.040318 -1419.338080
v 7436.280057 41251.080317 -1932.698084
v 6279.360048 44308.920341 -2360.498087
v 7194.480055 44405.640342 -2163.338085
v 7436.280057 41251.080317 -1932.698084
v 6279.360048 44308.920341 -2360.498087
v 7436.280057 41251.080317 -1932.698084
v 6595.560051 41161.800317 -2111.258085
v 5364.240041 44219.640340 -2155.898085
v 6279.360048 44308.920341 -2360.498087
v 6595.560051 41161.800317 -2111.258085
v 5364.240041 44219.640340 -2155.898085
v 6595.560051 41161.800317 -2111.258085
v 5758.560044 41083.680316 -1928.978084
v 4795.080037 44182.440340 -1586.738081
v 5364.240041 44219.640340 -2155.898085
v 5758.560044 41083.680316 -1928.978084
v 4795.080037 44182.440340 -1586.738081
v 5758.560044 41083.680316 -1928.978084
v 5237.760040 41046.480316 -1411.898080
v 4594.200035 44189.880340 -675.338074
v 4795.080037 44182.440340 -1586.738081
v 5237.760040 41046.480316 -1411.898080
v 4594.200035 44189.880340 -675.338074
v 5237.760040 41046.480316 -1411.898080
v 5051.760039 41053.920316 -578.618073
v 4795.080037 44234.520340 239.781933
v 4594.200035 44189.880340 -675.338074
v 5051.760039 41053.920316 -578.618073
v 4795.080037 44234.520340 239.781933
v 5051.760039 41053.920316 -578.618073
v 5237.760040 41094.840316 250.941933
v 5364.240041 44308.920341 805.221937
v 4795.080037 44234.520340 239.781933
v 5237.760040 41094.840316 250.941933
v 5364.240041 44308.920341 805.221937
v 5237.760040 41094.840316 250.941933
v 5758.560044 41161.800317 764.301937
v 6279.360048 44409.360342 1002.381939
v 5364.240041 44308.920341 805.221937
v 5758.560044 41161.800317 764.301937
v 6279.360048 44409.360342 1002.381939
v 5758.560044 41161.800317 764.301937
v 6595.560051 41251.080317 942.861938
v 7194.480055 44494.920342 801.501937
v 6279.360048 44409.360342 1002.381939
v 6595.560051 41251.080317 942.861938
v 7194.480055 44494.920342 801.501937
v 6595.560051 41251.080317 942.861938
v 7436.280057 41332.920318 760.581937
v 7764.570060 44532.120342 232.341933
v 7194.480055 44494.920342 801.501937
v 7436.280057 41332.920318 760.581937
v 7764.570060 44532.120342 232.341933
v 7436.280057 41332.920318 760.581937
v 7958.010061 41366.400318 243.501933
v 7965.450061 44528.400342 -682.778074
v 7764.570060 44532.120342 232.341933
v 7958.010061 41366.400318 243.501933
v 7965.450061 44528.400342 -682.778074
v 7958.010061 41366.400318 243.501933
v 8140.290063 41362.680318 -589.778073
v 7958.010061 41318.040318 -1419.338080
v 8140.290063 41362.680318 -589.778073
v 8318.850064 38178.360294 -493.058073
v 7958.010061 41318.040318 -1419.338080
v 8318.850064 38178.360294 -493.058073
v 8155.170063 38092.800293 -1237.058078
v 7436.280057 41251.080317 -1932.698084
v 7958.010061 41318.040318 -1419.338080
v 8155.170063 38092.800293 -1237.058078
v 7436.280057 41251.080317 -1932.698084
v 8155.170063 38092.800293 -1237.058078
v 7686.450059 38006.310292 -1698.338082
v 6595.560051 41161.800317 -2111.258085
v 7436.280057 41251.080317 -1932.698084
v 7686.450059 38006.310292 -1698.338082
v 6595.560051 41161.800317 -2111.258085
v 7686.450059 38006.310292 -1698.338082
v 6922.920053 37924.470292 -1858.298083
v 5758.560044 41083.680316 -1928.978084
v 6595.560051 41161.800317 -2111.258085
v 6922.920053 37924.470292 -1858.298083
v 5758.560044 41083.680316 -1928.978084
v 6922.920053 37924.470292 -1858.298083
v 6156.600047 37872.390291 -1694.618082
v 5237.760040 41046.480316 -1411.898080
v 5758.560044 41083.680316 -1928.978084
v 6156.600047 37872.390291 -1694.618082
v 5237.760040 41046.480316 -1411.898080
v 6156.600047 37872.390291 -1694.618082
v 5680.440044 37876.110291 -1233.338078
v 5051.760039 41053.920316 -578.618073
v 5237.760040 41046.480316 -1411.898080
v 5680.440044 37876.110291 -1233.338078
v 5051.760039 41053.920316 -578.618073
v 5680.440044 37876.110291 -1233.338078
v 5509.320042 37935.630292 -485.618073
v 5237.760040 41094.840316 250.941933
v 5051.760039 41053.920316 -578.618073
v 5509.320042 37935.630292 -485.618073
v 5237.760040 41094.840316 250.941933
v 5509.320042 37935.630292 -485.618073
v 5673.000044 38021.190292 258.381933
v 5758.560044 41161.800317 764.301937
v 5237.760040 41094.840316 250.941933
v 5673.000044 38021.190292 258.381933
v 5758.560044 41161.800317 764.301937
v 5673.000044 38021.190292 258.381933
v 6141.720047 38107.680293 719.661937
v 6595.560051 41251.080317 942.861938
v 5758.560044 41161.800317 764.301937
v 6141.720047 38107.680293 719.661937
v 6595.560051 41251.080317 942.861938
v 6141.720047 38107.680293 719.661937
v 6904.320053 38189.520294 879.621938
v 7436.280057 41332.920318 760.581937
v 6595.560051 41251.080317 942.861938
v 6904.320053 38189.520294 879.621938
v 7436.280057 41332.920318 760.581937
v 6904.320053 38189.520294 879.621938
v 7667.850059 38237.880294 715.941937
v 7958.010061 41366.400318 243.501933
v 7436.280057 41332.920318 760.581937
v 7667.850059 38237.880294 715.941937
v 7958.010061 41366.400318 243.501933
v 7667.850059 38237.880294 715.941937
v 8147.730063 38234.160294 254.661933
v 8140.290063 41362.680318 -589.778073
v 7958.010061 41366.400318 243.501933
v 8147.730063 38234.160294 254.661933
v 8140.290063 41362.680318 -589.778073
v 8147.730063 38234.160294 254.661933
v 8318.850064 38178.360294 -493.058073
v 8155.170063 38092.800293 -1237.058078
v 8318.850064 38178.360294 -493.058073
v 8367.210064 35353.950272 -9.458069
v 8155.170063 38092.800293 -1237.058078
v 8367.210064 35353.950272 -9.458069
v 8225.850063 35231.190271 -656.738074
v 7686.450059 38006.310292 -1698.338082
v 8155.170063 38092.800293 -1237.058078
v 8225.850063 35231.190271 -656.738074
v 7686.450059 38006.310292 -1698.338082
v 8225.850063 35231.190271 -656.738074
v 7809.210060 35130.750270 -1062.218077
v 6922.920053 37924.470292 -1858.298083
v 7686.450059 38006.310292 -1698.338082
v 7809.210060 35130.750270 -1062.218077
v 6922.920053 37924.470292 -1858.298083
v 7809.210060 35130.750270 -1062.218077
v 7127.520055 35060.070270 -1203.578078
v 6156.600047 37872.390291 -1694.618082
v 6922.920053 37924.470292 -1858.298083
v 7127.520055 35060.070270 -1203.578078
v 6156.600047 37872.390291 -1694.618082
v 7127.520055 35060.070270 -1203.578078
v 6443.040050 35034.030269 -1062.218077
v 5680.440044 37876.110291 -1233.338078
v 6156.600047 37872.390291 -1694.618082
v 6443.040050 35034.030269 -1062.218077
v 5680.440044 37876.110291 -1233.338078
v 6443.040050 35034.030269 -1062.218077
v 6015.240046 35074.950270 -660.458074
v 5509.320042 37935.630292 -485.618073
v 5680.440044 37876.110291 -1233.338078
v 6015.240046 35074.950270 -660.458074
v 5509.320042 37935.630292 -485.618073
v 6015.240046 35074.950270 -660.458074
v 5859.000045 35171.670271 -9.458069
v 5673.000044 38021.190292 258.381933
v 5509.320042 37935.630292 -485.618073
v 5859.000045 35171.670271 -9.458069
v 5673.000044 38021.190292 258.381933
v 5859.000045 35171.670271 -9.458069
v 6000.360046 35294.430271 637.821936
v 6141.720047 38107.680293 719.661937
v 5673.000044 38021.190292 258.381933
v 6000.360046 35294.430271 637.821936
v 6141.720047 38107.680293 719.661937
v 6000.360046 35294.430271 637.821936
v 6417.000049 35394.870272 1043.301939
v 6904.320053 38189.520294 879.621938
v 6141.720047 38107.680293 719.661937
v 6417.000049 35394.870272 1043.301939
v 6904.320053 38189.520294 879.621938
v 6417.000049 35394.870272 1043.301939
v 7097.760055 35465.550273 1184.661940
v 7667.850059 38237.880294 715.941937
v 6904.320053 38189.520294 879.621938
v 7097.760055 35465.550273 1184.661940
v 7667.850059 38237.880294 715.941937
v 7097.760055 35465.550273 1184.661940
v 7779.450060 35491.590273 1043.301939
v 8147.730063 38234.160294 254.661933
v 7667.850059 38237.880294 715.941937
v 7779.450060 35491.590273 1043.301939
v 8147.730063 38234.160294 254.661933
v 7779.450060 35491.590273 1043.301939
v 8207.250063 35450.670273 641.541936
v 8318.850064 38178.360294 -493.058073
v 8147.730063 38234.160294 254.661933
v 8207.250063 35450.670273 641.541936
v 8318.850064 38178.360294 -493.058073
v 8207.250063 35450.670273 641.541936
v 8367.210064 35353.950272 -9.458069
v 8225.850063 35231.190271 -656.738074
v 8367.210064 35353.950272 -9.458069
v 8411.850065 32549.070250 470.421935
v 8225.850063 35231.190271 -656.738074
v 8411.850065 32549.070250 470.421935
v 8289.090064 32444.910250 -91.298070
v 7809.210060 35130.750270 -1062.218077
v 8225.850063 35231.190271 -656.738074
v 8289.090064 32444.910250 -91.298070
v 7809.210060 35130.750270 -1062.218077
v 8289.090064 32444.910250 -91.298070
v 7920.810061 32359.350249 -440.978072
v 7127.520055 35060.070270 -1203.578078
v 7809.210060 35130.750270 -1062.218077
v 7920.810061 32359.350249 -440.978072
v 7127.520055 35060.070270 -1203.578078
v 7920.810061 32359.350249 -440.978072
v 7324.680056 32292.390248 -563.738073
v 6443.040050 35034.030269 -1062.218077
v 7127.520055 35060.070270 -1203.578078
v 7324.680056 32292.390248 -563.738073
v 6443.040050 35034.030269 -1062.218077
v 7324.680056 32292.390248 -563.738073
v 6725.760052 32273.790248 -440.978072
v 6015.240046 35074.950270 -660.458074
v 6443.040050 35034.030269 -1062.218077
v 6725.760052 32273.790248 -440.978072
v 6015.240046 35074.950270 -660.458074
v 6725.760052 32273.790248 -440.978072
v 6350.040049 32303.550248 -95.018070
v 5859.000045 35171.670271 -9.458069
v 6015.240046 35074.950270 -660.458074
v 6350.040049 32303.550248 -95.018070
v 5859.000045 35171.670271 -9.458069
v 6350.040049 32303.550248 -95.018070
v 6208.680048 32392.830249 466.701935
v 6000.360046 35294.430271 637.821936
v 5859.000045 35171.670271 -9.458069
v 6208.680048 32392.830249 466.701935
v 6000.360046 35294.430271 637.821936
v 6208.680048 32392.830249 466.701935
v 6335.160049 32496.990250 1028.421939
v 6417.000049 35394.870272 1043.301939
v 6000.360046 35294.430271 637.821936
v 6335.160049 32496.990250 1028.421939
v 6417.000049 35394.870272 1043.301939
v 6335.160049 32496.990250 1028.421939
v 6699.720052 32582.550251 1378.101942
v 7097.760055 35465.550273 1184.661940
v 6417.000049 35394.870272 1043.301939
v 6699.720052 32582.550251 1378.101942
v 7097.760055 35465.550273 1184.661940
v 6699.720052 32582.550251 1378.101942
v 7298.640056 32645.790251 1504.581943
v 7779.450060 35491.590273 1043.301939
v 7097.760055 35465.550273 1184.661940
v 7298.640056 32645.790251 1504.581943
v 7779.450060 35491.590273 1043.301939
v 7298.640056 32645.790251 1504.581943
v 7898.490061 32668.110251 1381.821942
v 8207.250063 35450.670273 641.541936
v 7779.450060 35491.590273 1043.301939
v 7898.490061 32668.110251 1381.821942
v 8207.250063 35450.670273 641.541936
v 7898.490061 32668.110251 1381.821942
v 8274.210064 32634.630251 1032.141939
v 8367.210064 35353.950272 -9.458069
v 8207.250063 35450.670273 641.541936
v 8274.210064 32634.630251 1032.141939
v 8367.210064 35353.950272 -9.458069
v 8274.210064 32634.630251 1032.141939
v 8411.850065 32549.070250 470.421935
v 8289.090064 32444.910250 -91.298070
v 8411.850065 32549.070250 470.421935
v 8456.490065 29744.190229 950.301938
v 8289.090064 32444.910250 -91.298070
v 8456.490065 29744.190229 950.301938
v 8352.330064 29654.910228 474.141935
v 7920.810061 32359.350249 -440.978072
v 8289.090064 32444.910250 -91.298070
v 8352.330064 29654.910228 474.141935
v 7920.810061 32359.350249 -440.978072
v 8352.330064 29654.910228 474.141935
v 8036.130062 29584.230228 180.261933
v 7324.680056 32292.390248 -563.738073
v 7920.810061 32359.350249 -440.978072
v 8036.130062 29584.230228 180.261933
v 7324.680056 32292.390248 -563.738073
v 8036.130062 29584.230228 180.261933
v 7521.840058 29528.430227 76.101932
v 6725.760052 32273.790248 -440.978072
v 7324.680056 32292.390248 -563.738073
v 7521.840058 29528.430227 76.101932
v 6725.760052 32273.790248 -440.978072
v 7521.840058 29528.430227 76.101932
v 7004.760054 29509.830227 180.261933
v 6350.040049 32303.550248 -95.018070
v 6725.760052 32273.790248 -440.978072
v 7004.760054 29509.830227 180.261933
v 6350.040049 32303.550248 -95.018070
v 7004.760054 29509.830227 180.261933
v 6681.120051 29535.870227 474.141935
v 6208.680048 32392.830249 466.701935
v 6350.040049 32303.550248 -95.018070
v 6681.120051 29535.870227 474.141935
v 6208.680048 32392.830249 466.701935
v 6681.120051 29535.870227 474.141935
v 6562.080050 29610.270228 946.581938
v 6335.160049 32496.990250 1028.421939
v 6208.680048 32392.830249 466.701935
v 6562.080050 29610.270228 946.581938
v 6335.160049 32496.990250 1028.421939
v 6562.080050 29610.270228 946.581938
v 6666.240051 29699.550228 1422.741942
v 6699.720052 32582.550251 1378.101942
v 6335.160049 32496.990250 1028.421939
v 6666.240051 29699.550228 1422.741942
v 6699.720052 32582.550251 1378.101942
v 6666.240051 29699.550228 1422.741942
v 6982.440054 29773.950229 1716.621944
v 7298.640056 32645.790251 1504.581943
v 6699.720052 32582.550251 1378.101942
v 6982.440054 29773.950229 1716.621944
v 7298.640056 32645.790251 1504.581943
v 6982.440054 29773.950229 1716.621944
v 7499.520058 29826.030229 1820.781945
v 7898.490061 32668.110251 1381.821942
v 7298.640056 32645.790251 1504.581943
v 7499.520058 29826.030229 1820.781945
v 7898.490061 32668.110251 1381.821942
v 7499.520058 29826.030229 1820.781945
v 8013.810062 29844.630230 1716.621944
v 8274.210064 32634.630251 1032.141939
v 7898.490061 32668.110251 1381.821942
v 8013.810062 29844.630230 1716.621944
v 8274.210064 32634.630251 1032.141939
v 8013.810062 29844.630230 1716.621944
v 8337.450064 29818.590229 1422.741942
v 8411.850065 32549.070250 470.421935
v 8274.210064 32634.630251 1032.141939
v 8337.450064 29818.590229 1422.741942
v 8411.850065 32549.070250 470.421935
v 8337.450064 29818.590229 1422.741942
v 8456.490065 29744.190229 950.301938
v 5963.160046 47509.050365 -772.058075
v 7790.610060 47691.330367 -779.498075
v 7573.920058 47639.250366 -1776.458082
v 5963.160046 47509.050365 -772.058075
v 7573.920058 47639.250366 -1776.458082
v 6956.400054 47561.130366 -2393.978087
v 5963.160046 47509.050365 -772.058075
v 6956.400054 47561.130366 -2393.978087
v 5963.160046 47453.250365 -2606.018089
v 5963.160046 47509.050365 -772.058075
v 5963.160046 47453.250365 -2606.018089
v 4973.640038 47360.250364 -2386.538087
v 5963.160046 47509.050365 -772.058075
v 4973.640038 47360.250364 -2386.538087
v 4356.120034 47319.330364 -1765.298082
v 5963.160046 47509.050365 -772.058075
v 4356.120034 47319.330364 -1765.298082
v 4136.640032 47326.770364 -768.338075
v 5963.160046 47509.050365 -772.058075
v 4136.640032 47326.770364 -768.338075
v 4356.120034 47378.850364 228.621933
v 5963.160046 47509.050365 -772.058075
v 4356.120034 47378.850364 228.621933
v 4973.640038 47456.970365 846.141938
v 5963.160046 47509.050365 -772.058075
v 4973.640038 47456.970365 846.141938
v 5963.160046 47564.850366 1061.901939
v 5963.160046 47509.050365 -772.058075
v 5963.160046 47564.850366 1061.901939
v 6956.400054 47657.850367 838.701938
v 5963.160046 47509.050365 -772.058075
v 6956.400054 47657.850367 838.701938
v 7573.920058 47698.770367 217.461933
v 5963.160046 47509.050365 -772.058075
v 7573.920058 47698.770367 217.461933
v 7790.610060 47691.330367 -779.498075
v 7510.680058 29677.230228 950.301938
v 8352.330064 29654.910228 474.141935
v 8456.490065 29744.190229 950.301938
v 7510.680058 29677.230228 950.301938
v 8036.130062 29584.230228 180.261933
v 8352.330064 29654.910228 474.141935
v 7510.680058 29677.230228 950.301938
v 7521.840058 29528.430227 76.101932
v 8036.130062 29584.230228 180.261933
v 7510.680058 29677.230228 950.301938
v 7004.760054 29509.830227 180.261933
v 7521.840058 29528.430227 76.101932
v 7510.680058 29677.230228 950.301938
v 6681.120051 29535.870227 474.141935
v 7004.760054 29509.830227 180.261933
v 7510.680058 29677.230228 950.301938
v 6562.080050 29610.270228 946.581938
v 6681.120051 29535.870227 474.141935
v 7510.680058 29677.230228 950.301938
v 6666.240051 29699.550228 1422.741942
v 6562.080050 29610.270228 946.581938
v 7510.680058 29677.230228 950.301938
v 6982.440054 29773.950229 1716.621944
v 6666.240051 29699.550228 1422.741942
v 7510.680058 29677.230228 950.301938
v 7499.520058 29826.030229 1820.781945
v 6982.440054 29773.950229 1716.621944
v 7510.680058 29677.230228 950.301938
v 8013.810062 29844.630230 1716.621944
v 7499.520058 29826.030229 1820.781945
v 7510.680058 29677.230228 950.301938
v 8337.450064 29818.590229 1422.741942
v 8013.810062 29844.630230 1716.621944
v 7510.680058 29677.230228 950.301938
v 8456.490065 29744.190229 950.301938
v 8337.450064 29818.590229 1422.741942
v 8225.850063 29658.630228 537.381935
v 8359.770064 29736.750229 939.141938
v 8661.090067 28300.830218 1184.661940
v 8225.850063 29658.630228 537.381935
v 8661.090067 28300.830218 1184.661940
v 8497.410065 28211.550217 741.981937
v 7842.690060 29599.110228 355.101934
v 8225.850063 29658.630228 537.381935
v 8497.410065 28211.550217 741.981937
v 7842.690060 29599.110228 355.101934
v 8497.410065 28211.550217 741.981937
v 8021.250062 28144.590216 541.101935
v 7175.880055 29554.470227 362.541934
v 7842.690060 29599.110228 355.101934
v 8021.250062 28144.590216 541.101935
v 7175.880055 29554.470227 362.541934
v 8021.250062 28144.590216 541.101935
v 7201.920055 28088.790216 552.261935
v 6792.720052 29558.190227 555.981935
v 7175.880055 29554.470227 362.541934
v 7201.920055 28088.790216 552.261935
v 6792.720052 29558.190227 555.981935
v 7201.920055 28088.790216 552.261935
v 6729.480052 28092.510216 764.301937
v 6658.800051 29617.710228 957.741939
v 6792.720052 29558.190227 555.981935
v 6729.480052 28092.510216 764.301937
v 6658.800051 29617.710228 957.741939
v 6729.480052 28092.510216 764.301937
v 6565.800050 28155.750217 1210.701940
v 6792.720052 29695.830228 1359.501942
v 6658.800051 29617.710228 957.741939
v 6565.800050 28155.750217 1210.701940
v 6792.720052 29695.830228 1359.501942
v 6565.800050 28155.750217 1210.701940
v 6729.480052 28245.030217 1649.661944
v 7175.880055 29755.350229 1541.781943
v 6792.720052 29695.830228 1359.501942
v 6729.480052 28245.030217 1649.661944
v 7175.880055 29755.350229 1541.781943
v 6729.480052 28245.030217 1649.661944
v 7201.920055 28311.990218 1854.261945
v 7842.690060 29803.710229 1534.341943
v 7175.880055 29755.350229 1541.781943
v 7201.920055 28311.990218 1854.261945
v 7842.690060 29803.710229 1534.341943
v 7201.920055 28311.990218 1854.261945
v 8021.250062 28367.790218 1843.101945
v 8225.850063 29796.270229 1340.901941
v 7842.690060 29803.710229 1534.341943
v 8021.250062 28367.790218 1843.101945
v 8225.850063 29796.270229 1340.901941
v 8021.250062 28367.790218 1843.101945
v 8497.410065 28364.070218 1631.061944
v 8359.770064 29736.750229 939.141938
v 8225.850063 29796.270229 1340.901941
v 8497.410065 28364.070218 1631.061944
v 8359.770064 29736.750229 939.141938
v 8497.410065 28364.070218 1631.061944
v 8661.090067 28300.830218 1184.661940
v 8497.410065 28211.550217 741.981937
v 8661.090067 28300.830218 1184.661940
v 8850.810068 26533.830204 1489.701943
v 8497.410065 28211.550217 741.981937
v 8850.810068 26533.830204 1489.701943
v 8675.970067 26451.990203 1087.941940
v 8021.250062 28144.590216 541.101935
v 8497.410065 28211.550217 741.981937
v 8675.970067 26451.990203 1087.941940
v 8021.250062 28144.590216 541.101935
v 8675.970067 26451.990203 1087.941940
v 8173.770063 26385.030203 905.661938
v 7201.920055 28088.790216 552.261935
v 8021.250062 28144.590216 541.101935
v 8173.770063 26385.030203 905.661938
v 7201.920055 28088.790216 552.261935
v 8173.770063 26385.030203 905.661938
v 7302.360056 26325.510202 916.821938
v 6729.480052 28092.510216 764.301937
v 7201.920055 28088.790216 552.261935
v 7302.360056 26325.510202 916.821938
v 6729.480052 28092.510216 764.301937
v 7302.360056 26325.510202 916.821938
v 6800.160052 26321.790202 1110.261940
v 6565.800050 28155.750217 1210.701940
v 6729.480052 28092.510216 764.301937
v 6800.160052 26321.790202 1110.261940
v 6565.800050 28155.750217 1210.701940
v 6800.160052 26321.790202 1110.261940
v 6625.320051 26377.590203 1515.741943
v 6729.480052 28245.030217 1649.661944
v 6565.800050 28155.750217 1210.701940
v 6625.320051 26377.590203 1515.741943
v 6729.480052 28245.030217 1649.661944
v 6625.320051 26377.590203 1515.741943
v 6800.160052 26459.430203 1913.781946
v 7201.920055 28311.990218 1854.261945
v 6729.480052 28245.030217 1649.661944
v 6800.160052 26459.430203 1913.781946
v 7201.920055 28311.990218 1854.261945
v 6800.160052 26459.430203 1913.781946
v 7302.360056 26526.390204 2096.061947
v 8021.250062 28367.790218 1843.101945
v 7201.920055 28311.990218 1854.261945
v 7302.360056 26526.390204 2096.061947
v 8021.250062 28367.790218 1843.101945
v 7302.360056 26526.390204 2096.061947
v 8173.770063 26585.910204 2084.901947
v 8497.410065 28364.070218 1631.061944
v 8021.250062 28367.790218 1843.101945
v 8173.770063 26585.910204 2084.901947
v 8497.410065 28364.070218 1631.061944
v 8173.770063 26585.910204 2084.901947
v 8675.970067 26589.630204 1891.461946
v 8661.090067 28300.830218 1184.661940
v 8497.410065 28364.070218 1631.061944
v 8675.970067 26589.630204 1891.461946
v 8661.090067 28300.830218 1184.661940
v 8675.970067 26589.630204 1891.461946
v 8850.810068 26533.830204 1489.701943
v 8675.970067 26451.990203 1087.941940
v 8850.810068 26533.830204 1489.701943
v 8768.970067 24908.190192 1768.701945
v 8675.970067 26451.990203 1087.941940
v 8768.970067 24908.190192 1768.701945
v 8627.610066 24848.670191 1474.821943
v 8173.770063 26385.030203 905.661938
v 8675.970067 26451.990203 1087.941940
v 8627.610066 24848.670191 1474.821943
v 8173.770063 26385.030203 905.661938
v 8627.610066 24848.670191 1474.821943
v 8210.970063 24796.590191 1340.901941
v 7302.360056 26325.510202 916.821938
v 8173.770063 26385.030203 905.661938
v 8210.970063 24796.590191 1340.901941
v 7302.360056 26325.510202 916.821938
v 8210.970063 24796.590191 1340.901941
v 7495.800058 24744.510190 1348.341942
v 6800.160052 26321.790202 1110.261940
v 7302.360056 26325.510202 916.821938
v 7495.800058 24744.510190 1348.341942
v 6800.160052 26321.790202 1110.261940
v 7495.800058 24744.510190 1348.341942
v 7079.160054 24740.790190 1493.421943
v 6625.320051 26377.590203 1515.741943
v 6800.160052 26321.790202 1110.261940
v 7079.160054 24740.790190 1493.421943
v 6625.320051 26377.590203 1515.741943
v 7079.160054 24740.790190 1493.421943
v 6937.800053 24781.710191 1787.301945
v 6800.160052 26459.430203 1913.781946
v 6625.320051 26377.590203 1515.741943
v 6937.800053 24781.710191 1787.301945
v 6800.160052 26459.430203 1913.781946
v 6937.800053 24781.710191 1787.301945
v 7079.160054 24841.230191 2081.181947
v 7302.360056 26526.390204 2096.061947
v 6800.160052 26459.430203 1913.781946
v 7079.160054 24841.230191 2081.181947
v 7302.360056 26526.390204 2096.061947
v 7079.160054 24841.230191 2081.181947
v 7495.800058 24893.310191 2215.101948
v 8173.770063 26585.910204 2084.901947
v 7302.360056 26526.390204 2096.061947
v 7495.800058 24893.310191 2215.101948
v 8173.770063 26585.910204 2084.901947
v 7495.800058 24893.310191 2215.101948
v 8210.970063 24945.390192 2207.661948
v 8675.970067 26589.630204 1891.461946
v 8173.770063 26585.910204 2084.901947
v 8210.970063 24945.390192 2207.661948
v 8675.970067 26589.630204 1891.461946
v 8210.970063 24945.390192 2207.661948
v 8627.610066 24949.110192 2066.301947
v 8850.810068 26533.830204 1489.701943
v 8675.970067 26589.630204 1891.461946
v 8627.610066 24949.110192 2066.301947
v 8850.810068 26533.830204 1489.701943
v 8627.610066 24949.110192 2066.301947
v 8768.970067 24908.190192 1768.701945
v 8627.610066 24848.670191 1474.821943
v 8768.970067 24908.190192 1768.701945
v 8393.250065 23747.550183 1965.861946
v 8627.610066 24848.670191 1474.821943
v 8393.250065 23747.550183 1965.861946
v 8318.850064 23714.070182 1798.461945
v 8210.970063 24796.590191 1340.901941
v 8627.610066 24848.670191 1474.821943
v 8318.850064 23714.070182 1798.461945
v 8210.970063 24796.590191 1340.901941
v 8318.850064 23714.070182 1798.461945
v 8114.250062 23688.030182 1720.341944
v 7495.800058 24744.510190 1348.341942
v 8210.970063 24796.590191 1340.901941
v 8114.250062 23688.030182 1720.341944
v 7495.800058 24744.510190 1348.341942
v 8114.250062 23688.030182 1720.341944
v 7757.130060 23661.990182 1724.061944
v 7079.160054 24740.790190 1493.421943
v 7495.800058 24744.510190 1348.341942
v 7757.130060 23661.990182 1724.061944
v 7079.160054 24740.790190 1493.421943
v 7757.130060 23661.990182 1724.061944
v 7547.880058 23661.990182 1805.901945
v 6937.800053 24781.710191 1787.301945
v 7079.160054 24740.790190 1493.421943
v 7547.880058 23661.990182 1805.901945
v 6937.800053 24781.710191 1787.301945
v 7547.880058 23661.990182 1805.901945
v 7477.200058 23684.310182 1977.021946
v 7079.160054 24841.230191 2081.181947
v 6937.800053 24781.710191 1787.301945
v 7477.200058 23684.310182 1977.021946
v 7079.160054 24841.230191 2081.181947
v 7477.200058 23684.310182 1977.021946
v 7547.880058 23717.790182 2144.421948
v 7495.800058 24893.310191 2215.101948
v 7079.160054 24841.230191 2081.181947
v 7547.880058 23717.790182 2144.421948
v 7495.800058 24893.310191 2215.101948
v 7547.880058 23717.790182 2144.421948
v 7757.130060 23747.550183 2222.541948
v 8210.970063 24945.390192 2207.661948
v 7495.800058 24893.310191 2215.101948
v 7757.130060 23747.550183 2222.541948
v 8210.970063 24945.390192 2207.661948
v 7757.130060 23747.550183 2222.541948
v 8114.250062 23773.590183 2218.821948
v 8627.610066 24949.110192 2066.301947
v 8210.970063 24945.390192 2207.661948
v 8114.250062 23773.590183 2218.821948
v 8627.610066 24949.110192 2066.301947
v 8114.250062 23773.590183 2218.821948
v 8318.850064 23773.590183 2136.981948
v 8768.970067 24908.190192 1768.701945
v 8627.610066 24949.110192 2066.301947
v 8318.850064 23773.590183 2136.981948
v 8768.970067 24908.190192 1768.701945
v 8318.850064 23773.590183 2136.981948
v 8393.250065 23747.550183 1965.861946
v 7510.680058 29677.230228 950.301938
v 8359.770064 29736.750229 939.141938
v 8225.850063 29658.630228 537.381935
v 7510.680058 29677.230228 950.301938
v 8225.850063 29658.630228 537.381935
v 7842.690060 29599.110228 355.101934
v 7510.680058 29677.230228 950.301938
v 7842.690060 29599.110228 355.101934
v 7175.880055 29554.470227 362.541934
v 7510.680058 29677.230228 950.301938
v 7175.880055 29554.470227 362.541934
v 6792.720052 29558.190227 555.981935
v 7510.680058 29677.230228 950.301938
v 6792.720052 29558.190227 555.981935
v 6658.800051 29617.710228 957.741939
v 7510.680058 29677.230228 950.301938
v 6658.800051 29617.710228 957.741939
v 6792.720052 29695.830228 1359.501942
v 7510.680058 29677.230228 950.301938
v 6792.720052 29695.830228 1359.501942
v 7175.880055 29755.350229 1541.781943
v 7510.680058 29677.230228 950.301938
v 7175.880055 29755.350229 1541.781943
v 7842.690060 29803.710229 1534.341943
v 7510.680058 29677.230228 950.301938
v 7842.690060 29803.710229 1534.341943
v 8225.850063 29796.270229 1340.901941
v 7510.680058 29677.230228 950.301938
v 8225.850063 29796.270229 1340.901941
v 8359.770064 29736.750229 939.141938
v 7935.690061 23717.790182 1973.301946
v 8318.850064 23714.070182 1798.461945
v 8393.250065 23747.550183 1965.861946
v 7935.690061 23717.790182 1973.301946
v 8114.250062 23688.030182 1720.341944
v 8318.850064 23714.070182 1798.461945
v 7935.690061 23717.790182 1973.301946
v 7757.130060 23661.990182 1724.061944
v 8114.250062 23688.030182 1720.341944
v 7935.690061 23717.790182 1973.301946
v 7547.880058 23661.990182 1805.901945
v 7757.130060 23661.990182 1724.061944
v 7935.690061 23717.790182 1973.301946
v 7477.200058 23684.310182 1977.021946
v 7547.880058 23661.990182 1805.901945
v 7935.690061 23717.790182 1973.301946
v 7547.880058 23717.790182 2144.421948
v 7477.200058 23684.310182 1977.021946
v 7935.690061 23717.790182 1973.301946
v 7757.130060 23747.550183 2222.541948
v 7547.880058 23717.790182 2144.421948
v 7935.690061 23717.790182 1973.301946
v 8114.250062 23773.590183 2218.821948
v 7757.130060 23747.550183 2222.541948
v 7935.690061 23717.790182 1973.301946
v 8318.850064 23773.590183 2136.981948
v 8114.250062 23773.590183 2218.821948
v 7935.690061 23717.790182 1973.301946
v 8393.250065 23747.550183 1965.861946
v 8318.850064 23773.590183 2136.981948
v -104.160001 30994.110238 -2278.658086
v 163.680001 31016.430239 -772.058075
v -368.280003 26225.070202 -675.338074
v -104.160001 30994.110238 -2278.658086
v -368.280003 26225.070202 -675.338074
v -602.640005 26206.470202 -2010.818084
v -874.200007 31001.550238 -3305.378094
v -104.160001 30994.110238 -2278.658086
v -602.640005 26206.470202 -2010.818084
v -874.200007 31001.550238 -3305.378094
v -602.640005 26206.470202 -2010.818084
v -1279.680010 26210.190202 -2918.498091
v -2072.040016 31031.310239 -3848.498098
v -874.200007 31001.550238 -3305.378094
v -1279.680010 26210.190202 -2918.498091
v -2072.040016 31031.310239 -3848.498098
v -1279.680010 26210.190202 -2918.498091
v -2336.160018 26239.950202 -3398.378095
v -3693.960028 31087.110239 -3848.498098
v -2072.040016 31031.310239 -3848.498098
v -2336.160018 26239.950202 -3398.378095
v -3693.960028 31087.110239 -3848.498098
v -2336.160018 26239.950202 -3398.378095
v -3768.360029 26288.310202 -3402.098095
v -4895.520038 31142.910240 -3309.098094
v -3693.960028 31087.110239 -3848.498098
v -3768.360029 26288.310202 -3402.098095
v -4895.520038 31142.910240 -3309.098094
v -3768.360029 26288.310202 -3402.098095
v -4824.840037 26336.670203 -2922.218091
v -5661.840044 31187.550240 -2282.378086
v -4895.520038 31142.910240 -3309.098094
v -4824.840037 26336.670203 -2922.218091
v -5661.840044 31187.550240 -2282.378086
v -4824.840037 26336.670203 -2922.218091
v -5501.880042 26377.590203 -2014.538084
v -5929.680046 31228.470240 -775.778075
v -5661.840044 31187.550240 -2282.378086
v -5501.880042 26377.590203 -2014.538084
v -5929.680046 31228.470240 -775.778075
v -5501.880042 26377.590203 -2014.538084
v -5736.240044 26411.070203 -679.058074
v -5661.840044 31247.070240 734.541937
v -5929.680046 31228.470240 -775.778075
v -5736.240044 26411.070203 -679.058074
v -5661.840044 31247.070240 734.541937
v -5736.240044 26411.070203 -679.058074
v -5501.880042 26429.670203 656.421936
v -4895.520038 31243.350240 1757.541945
v -5661.840044 31247.070240 734.541937
v -5501.880042 26429.670203 656.421936
v -4895.520038 31243.350240 1757.541945
v -5501.880042 26429.670203 656.421936
v -4824.840037 26425.950203 1564.101943
v -3693.960028 31209.870240 2300.661949
v -4895.520038 31243.350240 1757.541945
v -4824.840037 26425.950203 1564.101943
v -3693.960028 31209.870240 2300.661949
v -4824.840037 26425.950203 1564.101943
v -3768.360029 26399.910203 2047.701947
v -2072.040016 31154.070240 2304.381949
v -3693.960028 31209.870240 2300.661949
v -3768.360029 26399.910203 2047.701947
v -2072.040016 31154.070240 2304.381949
v -3768.360029 26399.910203 2047.701947
v -2336.160018 26347.830203 2047.701947
v -874.200007 31101.990239 1761.261945
v -2072.040016 31154.070240 2304.381949
v -2336.160018 26347.830203 2047.701947
v -874.200007 31101.990239 1761.261945
v -2336.160018 26347.830203 2047.701947
v -1279.680010 26303.190202 1567.821943
v -104.160001 31053.630239 738.261937
v -874.200007 31101.990239 1761.261945
v -1279.680010 26303.190202 1567.821943
v -104.160001 31053.630239 738.261937
v -1279.680010 26303.190202 1567.821943
v -602.640005 26258.550202 660.141936
v 163.680001 31016.430239 -772.058075
v -104.160001 31053.630239 738.261937
v -602.640005 26258.550202 660.141936
v 163.680001 31016.430239 -772.058075
v -602.640005 26258.550202 660.141936
v -368.280003 26225.070202 -675.338074
v -602.640005 26206.470202 -2010.818084
v -368.280003 26225.070202 -675.338074
v -896.520007 21432.780165 -578.618073
v -602.640005 26206.470202 -2010.818084
v -896.520007 21432.780165 -578.618073
v -1097.400008 21417.900165 -1742.978082
v -1279.680010 26210.190202 -2918.498091
v -602.640005 26206.470202 -2010.818084
v -1097.400008 21417.900165 -1742.978082
v -1279.680010 26210.190202 -2918.498091
v -1097.400008 21417.900165 -1742.978082
v -1685.160013 21421.620165 -2531.618088
v -2336.160018 26239.950202 -3398.378095
v -1279.680010 26210.190202 -2918.498091
v -1685.160013 21421.620165 -2531.618088
v -2336.160018 26239.950202 -3398.378095
v -1685.160013 21421.620165 -2531.618088
v -2600.280020 21447.660165 -2951.978092
v -3768.360029 26288.310202 -3402.098095
v -2336.160018 26239.950202 -3398.378095
v -2600.280020 21447.660165 -2951.978092
v -3768.360029 26288.310202 -3402.098095
v -2600.280020 21447.660165 -2951.978092
v -3839.040030 21488.580165 -2951.978092
v -4824.840037 26336.670203 -2922.218091
v -3768.360029 26288.310202 -3402.098095
v -3839.040030 21488.580165 -2951.978092
v -4824.840037 26336.670203 -2922.218091
v -3839.040030 21488.580165 -2951.978092
v -4754.160037 21529.500166 -2535.338088
v -5501.880042 26377.590203 -2014.538084
v -4824.840037 26336.670203 -2922.218091
v -4754.160037 21529.500166 -2535.338088
v -5501.880042 26377.590203 -2014.538084
v -4754.160037 21529.500166 -2535.338088
v -5341.920041 21566.700166 -1746.698082
v -5736.240044 26411.070203 -679.058074
v -5501.880042 26377.590203 -2014.538084
v -5341.920041 21566.700166 -1746.698082
v -5736.240044 26411.070203 -679.058074
v -5341.920041 21566.700166 -1746.698082
v -5546.520043 21596.460166 -582.338073
v -5501.880042 26429.670203 656.421936
v -5736.240044 26411.070203 -679.058074
v -5546.520043 21596.460166 -582.338073
v -5501.880042 26429.670203 656.421936
v -5546.520043 21596.460166 -582.338073
v -5341.920041 21611.340166 582.021936
v -4824.840037 26425.950203 1564.101943
v -5501.880042 26429.670203 656.421936
v -5341.920041 21611.340166 582.021936
v -4824.840037 26425.950203 1564.101943
v -5341.920041 21611.340166 582.021936
v -4754.160037 21607.620166 1370.661942
v -3768.360029 26399.910203 2047.701947
v -4824.840037 26425.950203 1564.101943
v -4754.160037 21607.620166 1370.661942
v -3768.360029 26399.910203 2047.701947
v -4754.160037 21607.620166 1370.661942
v -3839.040030 21585.300166 1791.021945
v -2336.160018 26347.830203 2047.701947
v -3768.360029 26399.910203 2047.701947
v -3839.040030 21585.300166 1791.021945
v -2336.160018 26347.830203 2047.701947
v -3839.040030 21585.300166 1791.021945
v -2600.280020 21540.660166 1791.021945
v -1279.680010 26303.190202 1567.821943
v -2336.160018 26347.830203 2047.701947
v -2600.280020 21540.660166 1791.021945
v -1279.680010 26303.190202 1567.821943
v -2600.280020 21540.660166 1791.021945
v -1685.160013 21499.740165 1374.381942
v -602.640005 26258.550202 660.141936
v -1279.680010 26303.190202 1567.821943
v -1685.160013 21499.740165 1374.381942
v -602.640005 26258.550202 660.141936
v -1685.160013 21499.740165 1374.381942
v -1097.400008 21462.540165 582.021936
v -368.280003 26225.070202 -675.338074
v -602.640005 26258.550202 660.141936
v -1097.400008 21462.540165 582.021936
v -368.280003 26225.070202 -675.338074
v -1097.400008 21462.540165 582.021936
v -896.520007 21432.780165 -578.618073
v -1097.400008 21417.900165 -1742.978082
v -896.520007 21432.780165 -578.618073
v -1421.040011 16671.180128 -485.618073
v -1097.400008 21417.900165 -1742.978082
v -1421.040011 16671.180128 -485.618073
v -1595.880012 16667.460128 -1475.138080
v -1685.160013 21421.620165 -2531.618088
v -1097.400008 21417.900165 -1742.978082
v -1595.880012 16667.460128 -1475.138080
v -1685.160013 21421.620165 -2531.618088
v -1595.880012 16667.460128 -1475.138080
v -2090.640016 16667.460128 -2148.458085
v -2600.280020 21447.660165 -2951.978092
v -1685.160013 21421.620165 -2531.618088
v -2090.640016 16667.460128 -2148.458085
v -2600.280020 21447.660165 -2951.978092
v -2090.640016 16667.460128 -2148.458085
v -2864.400022 16682.340128 -2501.858088
v -3839.040030 21488.580165 -2951.978092
v -2600.280020 21447.660165 -2951.978092
v -2864.400022 16682.340128 -2501.858088
v -3839.040030 21488.580165 -2951.978092
v -2864.400022 16682.340128 -2501.858088
v -3913.440030 16700.940128 -2505.578088
v -4754.160037 21529.500166 -2535.338088
v -3839.040030 21488.580165 -2951.978092
v -3913.440030 16700.940128 -2505.578088
v -4754.160037 21529.500166 -2535.338088
v -3913.440030 16700.940128 -2505.578088
v -4683.480036 16723.260129 -2148.458085
v -5341.920041 21566.700166 -1746.698082
v -4754.160037 21529.500166 -2535.338088
v -4683.480036 16723.260129 -2148.458085
v -5341.920041 21566.700166 -1746.698082
v -4683.480036 16723.260129 -2148.458085
v -5181.960040 16738.140129 -1475.138080
v -5546.520043 21596.460166 -582.338073
v -5341.920041 21566.700166 -1746.698082
v -5181.960040 16738.140129 -1475.138080
v -5546.520043 21596.460166 -582.338073
v -5181.960040 16738.140129 -1475.138080
v -5353.080041 16753.020129 -485.618073
v -5341.920041 21611.340166 582.021936
v -5546.520043 21596.460166 -582.338073
v -5353.080041 16753.020129 -485.618073
v -5341.920041 21611.340166 582.021936
v -5353.080041 16753.020129 -485.618073
v -5181.960040 16760.460129 503.901935
v -4754.160037 21607.620166 1370.661942
v -5341.920041 21611.340166 582.021936
v -5181.960040 16760.460129 503.901935
v -4754.160037 21607.620166 1370.661942
v -5181.960040 16760.460129 503.901935
v -4687.200036 16756.740129 1177.221940
v -3839.040030 21585.300166 1791.021945
v -4754.160037 21607.620166 1370.661942
v -4687.200036 16756.740129 1177.221940
v -3839.040030 21585.300166 1791.021945
v -4687.200036 16756.740129 1177.221940
v -3913.440030 16745.580129 1534.341943
v -2600.280020 21540.660166 1791.021945
v -3839.040030 21585.300166 1791.021945
v -3913.440030 16745.580129 1534.341943
v -2600.280020 21540.660166 1791.021945
v -3913.440030 16745.580129 1534.341943
v -2864.400022 16723.260129 1534.341943
v -1685.160013 21499.740165 1374.381942
v -2600.280020 21540.660166 1791.021945
v -2864.400022 16723.260129 1534.341943
v -1685.160013 21499.740165 1374.381942
v -2864.400022 16723.260129 1534.341943
v -2090.640016 16704.660128 1177.221940
v -1097.400008 21462.540165 582.021936
v -1685.160013 21499.740165 1374.381942
v -2090.640016 16704.660128 1177.221940
v -1097.400008 21462.540165 582.021936
v -2090.640016 16704.660128 1177.221940
v -1595.880012 16686.060128 507.621935
v -896.520007 21432.780165 -578.618073
v -1097.400008 21462.540165 582.021936
v -1595.880012 16686.060128 507.621935
v -896.520007 21432.780165 -578.618073
v -1595.880012 16686.060128 507.621935
v -1421.040011 16671.180128 -485.618073
v -1595.880012 16667.460128 -1475.138080
v -1421.040011 16671.180128 -485.618073
v -1674.000013 12113.250093 -485.618073
v -1595.880012 16667.460128 -1475.138080
v -1674.000013 12113.250093 -485.618073
v -1826.520014 12116.970093 -1359.818079
v -2090.640016 16667.460128 -2148.458085
v -1595.880012 16667.460128 -1475.138080
v -1826.520014 12116.970093 -1359.818079
v -2090.640016 16667.460128 -2148.458085
v -1826.520014 12116.970093 -1359.818079
v -2265.480017 12116.970093 -1955.018084
v -2864.400022 16682.340128 -2501.858088
v -2090.640016 16667.460128 -2148.458085
v -2265.480017 12116.970093 -1955.018084
v -2864.400022 16682.340128 -2501.858088
v -2265.480017 12116.970093 -1955.018084
v -2946.240023 12120.690093 -2267.498086
v -3913.440030 16700.940128 -2505.578088
v -2864.400022 16682.340128 -2501.858088
v -2946.240023 12120.690093 -2267.498086
v -3913.440030 16700.940128 -2505.578088
v -2946.240023 12120.690093 -2267.498086
v -3872.520030 12124.410093 -2267.498086
v -4683.480036 16723.260129 -2148.458085
v -3913.440030 16700.940128 -2505.578088
v -3872.520030 12124.410093 -2267.498086
v -4683.480036 16723.260129 -2148.458085
v -3872.520030 12124.410093 -2267.498086
v -4557.000035 12128.130093 -1955.018084
v -5181.960040 16738.140129 -1475.138080
v -4683.480036 16723.260129 -2148.458085
v -4557.000035 12128.130093 -1955.018084
v -5181.960040 16738.140129 -1475.138080
v -4557.000035 12128.130093 -1955.018084
v -4995.960038 12131.850093 -1359.818079
v -5353.080041 16753.020129 -485.618073
v -5181.960040 16738.140129 -1475.138080
v -4995.960038 12131.850093 -1359.818079
v -5353.080041 16753.020129 -485.618073
v -4995.960038 12131.850093 -1359.818079
v -5148.480040 12131.850093 -485.618073
v -5181.960040 16760.460129 503.901935
v -5353.080041 16753.020129 -485.618073
v -5148.480040 12131.850093 -485.618073
v -5181.960040 16760.460129 503.901935
v -5148.480040 12131.850093 -485.618073
v -4995.960038 12131.850093 388.581934
v -4687.200036 16756.740129 1177.221940
v -5181.960040 16760.460129 503.901935
v -4995.960038 12131.850093 388.581934
v -4687.200036 16756.740129 1177.221940
v -4995.960038 12131.850093 388.581934
v -4557.000035 12128.130093 983.781939
v -3913.440030 16745.580129 1534.341943
v -4687.200036 16756.740129 1177.221940
v -4557.000035 12128.130093 983.781939
v -3913.440030 16745.580129 1534.341943
v -4557.000035 12128.130093 983.781939
v -3876.240030 12124.410093 1299.981941
v -2864.400022 16723.260129 1534.341943
v -3913.440030 16745.580129 1534.341943
v -3876.240030 12124.410093 1299.981941
v -2864.400022 16723.260129 1534.341943
v -3876.240030 12124.410093 1299.981941
v -2949.960023 12120.690093 1299.981941
v -2090.640016 16704.660128 1177.221940
v -2864.400022 16723.260129 1534.341943
v -2949.960023 12120.690093 1299.981941
v -2090.640016 16704.660128 1177.221940
v -2949.960023 12120.690093 1299.981941
v -2265.480017 12116.970093 983.781939
v -1595.880012 16686.060128 507.621935
v -2090.640016 16704.660128 1177.221940
v -2265.480017 12116.970093 983.781939
v -1595.880012 16686.060128 507.621935
v -2265.480017 12116.970093 983.781939
v -1826.520014 12116.970093 392.301934
v -1421.040011 16671.180128 -485.618073
v -1595.880012 16686.060128 507.621935
v -1826.520014 12116.970093 392.301934
v -1421.040011 16671.180128 -485.618073
v -1826.520014 12116.970093 392.301934
v -1674.000013 12113.250093 -485.618073
v -1826.520014 12116.970093 -1359.818079
v -1674.000013 12113.250093 -485.618073
v -1926.960015 7525.560058 -485.618073
v -1826.520014 12116.970093 -1359.818079
v -1926.960015 7525.560058 -485.618073
v -2057.160016 7529.280058 -1244.498078
v -2265.480017 12116.970093 -1955.018084
v -1826.520014 12116.970093 -1359.818079
v -2057.160016 7529.280058 -1244.498078
v -2265.480017 12116.970093 -1955.018084
v -2057.160016 7529.280058 -1244.498078
v -2440.320019 7529.280058 -1761.578082
v -2946.240023 12120.690093 -2267.498086
v -2265.480017 12116.970093 -1955.018084
v -2440.320019 7529.280058 -1761.578082
v -2946.240023 12120.690093 -2267.498086
v -2440.320019 7529.280058 -1761.578082
v -3031.800023 7533.000058 -2033.138084
v -3872.520030 12124.410093 -2267.498086
v -2946.240023 12120.690093 -2267.498086
v -3031.800023 7533.000058 -2033.138084
v -3872.520030 12124.410093 -2267.498086
v -3031.800023 7533.000058 -2033.138084
v -3835.320029 7536.720058 -2033.138084
v -4557.000035 12128.130093 -1955.018084
v -3872.520030 12124.410093 -2267.498086
v -3835.320029 7536.720058 -2033.138084
v -4557.000035 12128.130093 -1955.018084
v -3835.320029 7536.720058 -2033.138084
v -4426.800034 7540.440058 -1761.578082
v -4995.960038 12131.850093 -1359.818079
v -4557.000035 12128.130093 -1955.018084
v -4426.800034 7540.440058 -1761.578082
v -4995.960038 12131.850093 -1359.818079
v -4426.800034 7540.440058 -1761.578082
v -4809.960037 7540.440058 -1244.498078
v -5148.480040 12131.850093 -485.618073
v -4995.960038 12131.850093 -1359.818079
v -4809.960037 7540.440058 -1244.498078
v -5148.480040 12131.850093 -485.618073
v -4809.960037 7540.440058 -1244.498078
v -4940.160038 7544.160058 -485.618073
v -4995.960038 12131.850093 388.581934
v -5148.480040 12131.850093 -485.618073
v -4940.160038 7544.160058 -485.618073
v -4995.960038 12131.850093 388.581934
v -4940.160038 7544.160058 -485.618073
v -4809.960037 7540.440058 273.261933
v -4557.000035 12128.130093 983.781939
v -4995.960038 12131.850093 388.581934
v -4809.960037 7540.440058 273.261933
v -4557.000035 12128.130093 983.781939
v -4809.960037 7540.440058 273.261933
v -4430.520034 7540.440058 790.341937
v -3876.240030 12124.410093 1299.981941
v -4557.000035 12128.130093 983.781939
v -4430.520034 7540.440058 790.341937
v -3876.240030 12124.410093 1299.981941
v -4430.520034 7540.440058 790.341937
v -3835.320029 7536.720058 1065.621939
v -2949.960023 12120.690093 1299.981941
v -3876.240030 12124.410093 1299.981941
v -3835.320029 7536.720058 1065.621939
v -2949.960023 12120.690093 1299.981941
v -3835.320029 7536.720058 1065.621939
v -3031.800023 7533.000058 1065.621939
v -2265.480017 12116.970093 983.781939
v -2949.960023 12120.690093 1299.981941
v -3031.800023 7533.000058 1065.621939
v -2265.480017 12116.970093 983.781939
v -3031.800023 7533.000058 1065.621939
v -2440.320019 7529.280058 790.341937
v -1826.520014 12116.970093 392.301934
v -2265.480017 12116.970093 983.781939
v -2440.320019 7529.280058 790.341937
v -1826.520014 12116.970093 392.301934
v -2440.320019 7529.280058 790.341937
v -2060.880016 7529.280058 276.981933
v -1674.000013 12113.250093 -485.618073
v -1826.520014 12116.970093 392.301934
v -2060.880016 7529.280058 276.981933
v -1674.000013 12113.250093 -485.618073
v -2060.880016 7529.280058 276.981933
v -1926.960015 7525.560058 -485.618073
v -2057.160016 7529.280058 -1244.498078
v -1926.960015 7525.560058 -485.618073
v -2179.920017 2938.800023 -485.618073
v -2057.160016 7529.280058 -1244.498078
v -2179.920017 2938.800023 -485.618073
v -2291.520018 2942.520023 -1129.178078
v -2440.320019 7529.280058 -1761.578082
v -2057.160016 7529.280058 -1244.498078
v -2291.520018 2942.520023 -1129.178078
v -2440.320019 7529.280058 -1761.578082
v -2291.520018 2942.520023 -1129.178078
v -2615.160020 2942.520023 -1568.138081
v -3031.800023 7533.000058 -2033.138084
v -2440.320019 7529.280058 -1761.578082
v -2615.160020 2942.520023 -1568.138081
v -3031.800023 7533.000058 -2033.138084
v -2615.160020 2942.520023 -1568.138081
v -3117.360024 2946.240023 -1798.778083
v -3835.320029 7536.720058 -2033.138084
v -3031.800023 7533.000058 -2033.138084
v -3117.360024 2946.240023 -1798.778083
v -3835.320029 7536.720058 -2033.138084
v -3117.360024 2946.240023 -1798.778083
v -3798.120029 2949.960023 -1798.778083
v -4426.800034 7540.440058 -1761.578082
v -3835.320029 7536.720058 -2033.138084
v -3798.120029 2949.960023 -1798.778083
v -4426.800034 7540.440058 -1761.578082
v -3798.120029 2949.960023 -1798.778083
v -4300.320033 2949.960023 -1568.138081
v -4809.960037 7540.440058 -1244.498078
v -4426.800034 7540.440058 -1761.578082
v -4300.320033 2949.960023 -1568.138081
v -4809.960037 7540.440058 -1244.498078
v -4300.320033 2949.960023 -1568.138081
v -4623.960036 2953.680023 -1129.178078
v -4940.160038 7544.160058 -485.618073
v -4809.960037 7540.440058 -1244.498078
v -4623.960036 2953.680023 -1129.178078
v -4940.160038 7544.160058 -485.618073
v -4623.960036 2953.680023 -1129.178078
v -4735.560036 2953.680023 -485.618073
v -4809.960037 7540.440058 273.261933
v -4940.160038 7544.160058 -485.618073
v -4735.560036 2953.680023 -485.618073
v -4809.960037 7540.440058 273.261933
v -4735.560036 2953.680023 -485.618073
v -4623.960036 2953.680023 157.941932
v -4430.520034 7540.440058 790.341937
v -4809.960037 7540.440058 273.261933
v -4623.960036 2953.680023 157.941932
v -4430.520034 7540.440058 790.341937
v -4623.960036 2953.680023 157.941932
v -4300.320033 2949.960023 596.901936
v -3835.320029 7536.720058 1065.621939
v -4430.520034 7540.440058 790.341937
v -4300.320033 2949.960023 596.901936
v -3835.320029 7536.720058 1065.621939
v -4300.320033 2949.960023 596.901936
v -3798.120029 2949.960023 827.541938
v -3031.800023 7533.000058 1065.621939
v -3835.320029 7536.720058 1065.621939
v -3798.120029 2949.960023 827.541938
v -3031.800023 7533.000058 1065.621939
v -3798.120029 2949.960023 827.541938
v -3117.360024 2946.240023 827.541938
v -2440.320019 7529.280058 790.341937
v -3031.800023 7533.000058 1065.621939
v -3117.360024 2946.240023 827.541938
v -2440.320019 7529.280058 790.341937
v -3117.360024 2946.240023 827.541938
v -2615.160020 2942.520023 596.901936
v -2060.880016 7529.280058 276.981933
v -2440.320019 7529.280058 790.341937
v -2615.160020 2942.520023 596.901936
v -2060.880016 7529.280058 276.981933
v -2615.160020 2942.520023 596.901936
v -2291.520018 2942.520023 161.661932
v -1926.960015 7525.560058 -485.618073
v -2060.880016 7529.280058 276.981933
v -2291.520018 2942.520023 161.661932
v -1926.960015 7525.560058 -485.618073
v -2291.520018 2942.520023 161.661932
v -2179.920017 2938.800023 -485.618073
v -2883.000022 31120.590239 -772.058075
v 163.680001 31016.430239 -772.058075
v -104.160001 30994.110238 -2278.658086
v -2883.000022 31120.590239 -772.058075
v -104.160001 30994.110238 -2278.658086
v -874.200007 31001.550238 -3305.378094
v -2883.000022 31120.590239 -772.058075
v -874.200007 31001.550238 -3305.378094
v -2072.040016 31031.310239 -3848.498098
v -2883.000022 31120.590239 -772.058075
v -2072.040016 31031.310239 -3848.498098
v -3693.960028 31087.110239 -3848.498098
v -2883.000022 31120.590239 -772.058075
v -3693.960028 31087.110239 -3848.498098
v -4895.520038 31142.910240 -3309.098094
v -2883.000022 31120.590239 -772.058075
v -4895.520038 31142.910240 -3309.098094
v -5661.840044 31187.550240 -2282.378086
v -2883.000022 31120.590239 -772.058075
v -5661.840044 31187.550240 -2282.378086
v -5929.680046 31228.470240 -775.778075
v -2883.000022 31120.590239 -772.058075
v -5929.680046 31228.470240 -775.778075
v -5661.840044 31247.070240 734.541937
v -2883.000022 31120.590239 -772.058075
v -5661.840044 31247.070240 734.541937
v -4895.520038 31243.350240 1757.541945
v -2883.000022 31120.590239 -772.058075
v -4895.520038 31243.350240 1757.541945
v -3693.960028 31209.870240 2300.661949
v -2883.000022 31120.590239 -772.058075
v -3693.960028 31209.870240 2300.661949
v -2072.040016 31154.070240 2304.381949
v -2883.000022 31120.590239 -772.058075
v -2072.040016 31154.070240 2304.381949
v -874.200007 31101.990239 1761.261945
v -2883.000022 31120.590239 -772.058075
v -874.200007 31101.990239 1761.261945
v -104.160001 31053.630239 738.261937
v -2883.000022 31120.590239 -772.058075
v -104.160001 31053.630239 738.261937
v 163.680001 31016.430239 -772.058075
v -3455.880027 2946.240023 -485.618073
v -2291.520018 2942.520023 -1129.178078
v -2179.920017 2938.800023 -485.618073
v -3455.880027 2946.240023 -485.618073
v -2615.160020 2942.520023 -1568.138081
v -2291.520018 2942.520023 -1129.178078
v -3455.880027 2946.240023 -485.618073
v -3117.360024 2946.240023 -1798.778083
v -2615.160020 2942.520023 -1568.138081
v -3455.880027 2946.240023 -485.618073
v -3798.120029 2949.960023 -1798.778083
v -3117.360024 2946.240023 -1798.778083
v -3455.880027 2946.240023 -485.618073
v -4300.320033 2949.960023 -1568.138081
v -3798.120029 2949.960023 -1798.778083
v -3455.880027 2946.240023 -485.618073
v -4623.960036 2953.680023 -1129.178078
v -4300.320033 2949.960023 -1568.138081
v -3455.880027 2946.240023 -485.618073
v -4735.560036 2953.680023 -485.618073
v -4623.960036 2953.680023 -1129.178078
v -3455.880027 2946.240023 -485.618073
v -4623.960036 2953.680023 157.941932
v -4735.560036 2953.680023 -485.618073
v -3455.880027 2946.240023 -485.618073
v -4300.320033 2949.960023 596.901936
v -4623.960036 2953.680023 157.941932
v -3455.880027 2946.240023 -485.618073
v -3798.120029 2949.960023 827.541938
v -4300.320033 2949.960023 596.901936
v -3455.880027 2946.240023 -485.618073
v -3117.360024 2946.240023 827.541938
v -3798.120029 2949.960023 827.541938
v -3455.880027 2946.240023 -485.618073
v -2615.160020 2942.520023 596.901936
v -3117.360024 2946.240023 827.541938
v -3455.880027 2946.240023 -485.618073
v -2291.520018 2942.520023 161.661932
v -2615.160020 2942.520023 596.901936
v -3455.880027 2946.240023 -485.618073
v -2179.920017 2938.800023 -485.618073
v -2291.520018 2942.520023 161.661932
v -2444.040019 3467.040027 -2111.258085
v -2310.120018 3340.560026 -1467.698080
v -2179.920017 2027.400016 -1731.818082
v -2444.040019 3467.040027 -2111.258085
v -2179.920017 2027.400016 -1731.818082
v -2317.560018 1640.520013 -2416.298087
v -2819.760022 3545.160027 -2490.698088
v -2444.040019 3467.040027 -2111.258085
v -2317.560018 1640.520013 -2416.298087
v -2819.760022 3545.160027 -2490.698088
v -2317.560018 1640.520013 -2416.298087
v -2723.040021 1424.760011 -2795.738090
v -3455.880027 3571.200027 -2624.618089
v -2819.760022 3545.160027 -2490.698088
v -2723.040021 1424.760011 -2795.738090
v -3455.880027 3571.200027 -2624.618089
v -2723.040021 1424.760011 -2795.738090
v -3455.880027 1350.360010 -2925.938091
v -4092.000031 3545.160027 -2490.698088
v -3455.880027 3571.200027 -2624.618089
v -3455.880027 1350.360010 -2925.938091
v -4092.000031 3545.160027 -2490.698088
v -3455.880027 1350.360010 -2925.938091
v -4192.440032 1424.760011 -2795.738090
v -4471.440034 3467.040027 -2111.258085
v -4092.000031 3545.160027 -2490.698088
v -4192.440032 1424.760011 -2795.738090
v -4471.440034 3467.040027 -2111.258085
v -4192.440032 1424.760011 -2795.738090
v -4597.920035 1640.520013 -2416.298087
v -4605.360035 3340.560026 -1467.698080
v -4471.440034 3467.040027 -2111.258085
v -4597.920035 1640.520013 -2416.298087
v -4605.360035 3340.560026 -1467.698080
v -4597.920035 1640.520013 -2416.298087
v -4735.560036 2027.400016 -1731.818082
v -4471.440034 3210.360025 -827.858075
v -4605.360035 3340.560026 -1467.698080
v -4735.560036 2027.400016 -1731.818082
v -4471.440034 3210.360025 -827.858075
v -4735.560036 2027.400016 -1731.818082
v -4597.920035 2418.000019 -1043.618077
v -4092.000031 3135.960024 -444.698072
v -4471.440034 3210.360025 -827.858075
v -4597.920035 2418.000019 -1043.618077
v -4092.000031 3135.960024 -444.698072
v -4597.920035 2418.000019 -1043.618077
v -4192.440032 2633.760020 -664.178074
v -3455.880027 3109.920024 -310.778071
v -4092.000031 3135.960024 -444.698072
v -4192.440032 2633.760020 -664.178074
v -3455.880027 3109.920024 -310.778071
v -4192.440032 2633.760020 -664.178074
v -3455.880027 2708.160021 -533.978073
v -2819.760022 3135.960024 -444.698072
v -3455.880027 3109.920024 -310.778071
v -3455.880027 2708.160021 -533.978073
v -2819.760022 3135.960024 -444.698072
v -3455.880027 2708.160021 -533.978073
v -2723.040021 2633.760020 -664.178074
v -2444.040019 3210.360025 -827.858075
v -2819.760022 3135.960024 -444.698072
v -2723.040021 2633.760020 -664.178074
v -2444.040019 3210.360025 -827.858075
v -2723.040021 2633.760020 -664.178074
v -2317.560018 2418.000019 -1043.618077
v -2310.120018 3340.560026 -1467.698080
v -2444.040019 3210.360025 -827.858075
v -2317.560018 2418.000019 -1043.618077
v -2310.120018 3340.560026 -1467.698080
v -2317.560018 2418.000019 -1043.618077
v -2179.920017 2027.400016 -1731.818082
v -2317.560018 1640.520013 -2416.298087
v -2179.920017 2027.400016 -1731.818082
v -2112.960016 903.960007 -54.098069
v -2317.560018 1640.520013 -2416.298087
v -2112.960016 903.960007 -54.098069
v -2261.760017 398.040003 -206.618070
v -2723.040021 1424.760011 -2795.738090
v -2317.560018 1640.520013 -2416.298087
v -2261.760017 398.040003 -206.618070
v -2723.040021 1424.760011 -2795.738090
v -2261.760017 398.040003 -206.618070
v -2685.840021 122.760001 -299.618071
v -3455.880027 1350.360010 -2925.938091
v -2723.040021 1424.760011 -2795.738090
v -2685.840021 122.760001 -299.618071
v -3455.880027 1350.360010 -2925.938091
v -2685.840021 122.760001 -299.618071
v -3455.880027 33.480000 -347.978071
v -4192.440032 1424.760011 -2795.738090
v -3455.880027 1350.360010 -2925.938091
v -3455.880027 33.480000 -347.978071
v -4192.440032 1424.760011 -2795.738090
v -3455.880027 33.480000 -347.978071
v -4229.640033 137.640001 -344.258071
v -4597.920035 1640.520013 -2416.298087
v -4192.440032 1424.760011 -2795.738090
v -4229.640033 137.640001 -344.258071
v -4597.920035 1640.520013 -2416.298087
v -4229.640033 137.640001 -344.258071
v -4653.720036 420.360003 -273.578071
v -4735.560036 2027.400016 -1731.818082
v -4597.920035 1640.520013 -2416.298087
v -4653.720036 420.360003 -273.578071
v -4735.560036 2027.400016 -1731.818082
v -4653.720036 420.360003 -273.578071
v -4798.800037 926.280007 -128.498070
v -4597.920035 2418.000019 -1043.618077
v -4735.560036 2027.400016 -1731.818082
v -4798.800037 926.280007 -128.498070
v -4597.920035 2418.000019 -1043.618077
v -4798.800037 926.280007 -128.498070
v -4653.720036 1432.200011 24.021931
v -4192.440032 2633.760020 -664.178074
v -4597.920035 2418.000019 -1043.618077
v -4653.720036 1432.200011 24.021931
v -4192.440032 2633.760020 -664.178074
v -4653.720036 1432.200011 24.021931
v -4229.640033 1707.480013 117.021932
v -3455.880027 2708.160021 -533.978073
v -4192.440032 2633.760020 -664.178074
v -4229.640033 1707.480013 117.021932
v -3455.880027 2708.160021 -533.978073
v -4229.640033 1707.480013 117.021932
v -3455.880027 1796.760014 165.381932
v -2723.040021 2633.760020 -664.178074
v -3455.880027 2708.160021 -533.978073
v -3455.880027 1796.760014 165.381932
v -2723.040021 2633.760020 -664.178074
v -3455.880027 1796.760014 165.381932
v -2685.840021 1692.600013 157.941932
v -2317.560018 2418.000019 -1043.618077
v -2723.040021 2633.760020 -664.178074
v -2685.840021 1692.600013 157.941932
v -2317.560018 2418.000019 -1043.618077
v -2685.840021 1692.600013 157.941932
v -2261.760017 1409.880011 90.981932
v -2179.920017 2027.400016 -1731.818082
v -2317.560018 2418.000019 -1043.618077
v -2261.760017 1409.880011 90.981932
v -2179.920017 2027.400016 -1731.818082
v -2261.760017 1409.880011 90.981932
v -2112.960016 903.960007 -54.098069
v -2261.760017 398.040003 -206.618070
v -2112.960016 903.960007 -54.098069
v -2213.400017 770.040006 2587.101951
v -2261.760017 398.040003 -206.618070
v -2213.400017 770.040006 2587.101951
v -2365.920018 323.640002 2542.461951
v -2685.840021 122.760001 -299.618071
v -2261.760017 398.040003 -206.618070
v -2365.920018 323.640002 2542.461951
v -2685.840021 122.760001 -299.618071
v -2365.920018 323.640002 2542.461951
v -2801.160022 78.120001 2505.261950
v -3455.880027 33.480000 -347.978071
v -2685.840021 122.760001 -299.618071
v -2801.160022 78.120001 2505.261950
v -3455.880027 33.480000 -347.978071
v -2801.160022 78.120001 2505.261950
v -3593.520028 0.000000 2464.341950
v -4229.640033 137.640001 -344.258071
v -3455.880027 33.480000 -347.978071
v -3593.520028 0.000000 2464.341950
v -4229.640033 137.640001 -344.258071
v -3593.520028 0.000000 2464.341950
v -4382.160034 93.000001 2442.021950
v -4653.720036 420.360003 -273.578071
v -4229.640033 137.640001 -344.258071
v -4382.160034 93.000001 2442.021950
v -4653.720036 420.360003 -273.578071
v -4382.160034 93.000001 2442.021950
v -4817.400037 345.960003 2442.021950
v -4798.800037 926.280007 -128.498070
v -4653.720036 420.360003 -273.578071
v -4817.400037 345.960003 2442.021950
v -4798.800037 926.280007 -128.498070
v -4817.400037 345.960003 2442.021950
v -4962.480038 796.080006 2475.501950
v -4653.720036 1432.200011 24.021931
v -4798.800037 926.280007 -128.498070
v -4962.480038 796.080006 2475.501950
v -4653.720036 1432.200011 24.021931
v -4962.480038 796.080006 2475.501950
v -4809.960037 1246.200010 2516.421951
v -4229.640033 1707.480013 117.021932
v -4653.720036 1432.200011 24.021931
v -4809.960037 1246.200010 2516.421951
v -4229.640033 1707.480013 117.021932
v -4809.960037 1246.200010 2516.421951
v -4374.720034 1488.000011 2557.341951
v -3455.880027 1796.760014 165.381932
v -4229.640033 1707.480013 117.021932
v -4374.720034 1488.000011 2557.341951
v -3455.880027 1796.760014 165.381932
v -4374.720034 1488.000011 2557.341951
v -3582.360028 1566.120012 2594.541951
v -2685.840021 1692.600013 157.941932
v -3455.880027 1796.760014 165.381932
v -3582.360028 1566.120012 2594.541951
v -2685.840021 1692.600013 157.941932
v -3582.360028 1566.120012 2594.541951
v -2793.720021 1476.840011 2620.581951
v -2261.760017 1409.880011 90.981932
v -2685.840021 1692.600013 157.941932
v -2793.720021 1476.840011 2620.581951
v -2261.760017 1409.880011 90.981932
v -2793.720021 1476.840011 2620.581951
v -2358.480018 1223.880009 2616.861951
v -2112.960016 903.960007 -54.098069
v -2261.760017 1409.880011 90.981932
v -2358.480018 1223.880009 2616.861951
v -2112.960016 903.960007 -54.098069
v -2358.480018 1223.880009 2616.861951
v -2213.400017 770.040006 2587.101951
v -2365.920018 323.640002 2542.461951
v -2213.400017 770.040006 2587.101951
v -2604.000020 513.360004 4714.941967
v -2365.920018 323.640002 2542.461951
v -2604.000020 513.360004 4714.941967
v -2719.320021 219.480002 4666.581967
v -2801.160022 78.120001 2505.261950
v -2365.920018 323.640002 2542.461951
v -2719.320021 219.480002 4666.581967
v -2801.160022 78.120001 2505.261950
v -2719.320021 219.480002 4666.581967
v -3054.120023 55.800000 4636.821967
v -3593.520028 0.000000 2464.341950
v -2801.160022 78.120001 2505.261950
v -3054.120023 55.800000 4636.821967
v -3593.520028 0.000000 2464.341950
v -3054.120023 55.800000 4636.821967
v -3656.760028 3.720000 4618.221967
v -4382.160034 93.000001 2442.021950
v -3593.520028 0.000000 2464.341950
v -3656.760028 3.720000 4618.221967
v -4382.160034 93.000001 2442.021950
v -3656.760028 3.720000 4618.221967
v -4259.400033 63.240000 4614.501967
v -4817.400037 345.960003 2442.021950
v -4382.160034 93.000001 2442.021950
v -4259.400033 63.240000 4614.501967
v -4817.400037 345.960003 2442.021950
v -4259.400033 63.240000 4614.501967
v -4590.480035 230.640002 4629.381967
v -4962.480038 796.080006 2475.501950
v -4817.400037 345.960003 2442.021950
v -4590.480035 230.640002 4629.381967
v -4962.480038 796.080006 2475.501950
v -4590.480035 230.640002 4629.381967
v -4702.080036 528.240004 4670.301967
v -4809.960037 1246.200010 2516.421951
v -4962.480038 796.080006 2475.501950
v -4702.080036 528.240004 4670.301967
v -4809.960037 1246.200010 2516.421951
v -4702.080036 528.240004 4670.301967
v -4586.760035 825.840006 4718.661967
v -4374.720034 1488.000011 2557.341951
v -4809.960037 1246.200010 2516.421951
v -4586.760035 825.840006 4718.661967
v -4374.720034 1488.000011 2557.341951
v -4586.760035 825.840006 4718.661967
v -4255.680033 989.520008 4748.421968
v -3582.360028 1566.120012 2594.541951
v -4374.720034 1488.000011 2557.341951
v -4255.680033 989.520008 4748.421968
v -3582.360028 1566.120012 2594.541951
v -4255.680033 989.520008 4748.421968
v -3653.040028 1041.600008 4767.021968
v -2793.720021 1476.840011 2620.581951
v -3582.360028 1566.120012 2594.541951
v -3653.040028 1041.600008 4767.021968
v -2793.720021 1476.840011 2620.581951
v -3653.040028 1041.600008 4767.021968
v -3050.400023 982.080008 4770.741968
v -2358.480018 1223.880009 2616.861951
v -2793.720021 1476.840011 2620.581951
v -3050.400023 982.080008 4770.741968
v -2358.480018 1223.880009 2616.861951
v -3050.400023 982.080008 4770.741968
v -2719.320021 814.680006 4755.861968
v -2213.400017 770.040006 2587.101951
v -2358.480018 1223.880009 2616.861951
v -2719.320021 814.680006 4755.861968
v -2213.400017 770.040006 2587.101951
v -2719.320021 814.680006 4755.861968
v -2604.000020 513.360004 4714.941967
v -2719.320021 219.480002 4666.581967
v -2604.000020 513.360004 4714.941967
v -3128.520024 323.640002 5674.701975
v -2719.320021 219.480002 4666.581967
v -3128.520024 323.640002 5674.701975
v -3188.040025 174.840001 5644.941975
v -3054.120023 55.800000 4636.821967
v -2719.320021 219.480002 4666.581967
v -3188.040025 174.840001 5644.941975
v -3054.120023 55.800000 4636.821967
v -3188.040025 174.840001 5644.941975
v -3351.720026 96.720001 5630.061974
v -3656.760028 3.720000 4618.221967
v -3054.120023 55.800000 4636.821967
v -3351.720026 96.720001 5630.061974
v -3656.760028 3.720000 4618.221967
v -3351.720026 96.720001 5630.061974
v -3653.040028 66.960001 5626.341974
v -4259.400033 63.240000 4614.501967
v -3656.760028 3.720000 4618.221967
v -3653.040028 66.960001 5626.341974
v -4259.400033 63.240000 4614.501967
v -3653.040028 66.960001 5626.341974
v -3954.360030 96.720001 5630.061974
v -4590.480035 230.640002 4629.381967
v -4259.400033 63.240000 4614.501967
v -3954.360030 96.720001 5630.061974
v -4590.480035 230.640002 4629.381967
v -3954.360030 96.720001 5630.061974
v -4121.760032 178.560001 5648.661975
v -4702.080036 528.240004 4670.301967
v -4590.480035 230.640002 4629.381967
v -4121.760032 178.560001 5648.661975
v -4702.080036 528.240004 4670.301967
v -4121.760032 178.560001 5648.661975
v -4177.560032 327.360003 5674.701975
v -4586.760035 825.840006 4718.661967
v -4702.080036 528.240004 4670.301967
v -4177.560032 327.360003 5674.701975
v -4586.760035 825.840006 4718.661967
v -4177.560032 327.360003 5674.701975
v -4121.760032 472.440004 5704.461975
v -4255.680033 989.520008 4748.421968
v -4586.760035 825.840006 4718.661967
v -4121.760032 472.440004 5704.461975
v -4255.680033 989.520008 4748.421968
v -4121.760032 472.440004 5704.461975
v -3954.360030 554.280004 5723.061975
v -3653.040028 1041.600008 4767.021968
v -4255.680033 989.520008 4748.421968
v -3954.360030 554.280004 5723.061975
v -3653.040028 1041.600008 4767.021968
v -3954.360030 554.280004 5723.061975
v -3653.040028 580.320004 5726.781975
v -3050.400023 982.080008 4770.741968
v -3653.040028 1041.600008 4767.021968
v -3653.040028 580.320004 5726.781975
v -3050.400023 982.080008 4770.741968
v -3653.040028 580.320004 5726.781975
v -3351.720026 554.280004 5723.061975
v -2719.320021 814.680006 4755.861968
v -3050.400023 982.080008 4770.741968
v -3351.720026 554.280004 5723.061975
v -2719.320021 814.680006 4755.861968
v -3351.720026 554.280004 5723.061975
v -3188.040025 472.440004 5704.461975
v -2604.000020 513.360004 4714.941967
v -2719.320021 814.680006 4755.861968
v -3188.040025 472.440004 5704.461975
v -2604.000020 513.360004 4714.941967
v -3188.040025 472.440004 5704.461975
v -3128.520024 323.640002 5674.701975
v -3455.880027 3340.560026 -1467.698080
v -2310.120018 3340.560026 -1467.698080
v -2444.040019 3467.040027 -2111.258085
v -3455.880027 3340.560026 -1467.698080
v -2444.040019 3467.040027 -2111.258085
v -2819.760022 3545.160027 -2490.698088
v -3455.880027 3340.560026 -1467.698080
v -2819.760022 3545.160027 -2490.698088
v -3455.880027 3571.200027 -2624.618089
v -3455.880027 3340.560026 -1467.698080
v -3455.880027 3571.200027 -2624.618089
v -4092.000031 3545.160027 -2490.698088
v -3455.880027 3340.560026 -1467.698080
v -4092.000031 3545.160027 -2490.698088
v -4471.440034 3467.040027 -2111.258085
v -3455.880027 3340.560026 -1467.698080
v -4471.440034 3467.040027 -2111.258085
v -4605.360035 3340.560026 -1467.698080
v -3455.880027 3340.560026 -1467.698080
v -4605.360035 3340.560026 -1467.698080
v -4471.440034 3210.360025 -827.858075
v -3455.880027 3340.560026 -1467.698080
v -4471.440034 3210.360025 -827.858075
v -4092.000031 3135.960024 -444.698072
v -3455.880027 3340.560026 -1467.698080
v -4092.000031 3135.960024 -444.698072
v -3455.880027 3109.920024 -310.778071
v -3455.880027 3340.560026 -1467.698080
v -3455.880027 3109.920024 -310.778071
v -2819.760022 3135.960024 -444.698072
v -3455.880027 3340.560026 -1467.698080
v -2819.760022 3135.960024 -444.698072
v -2444.040019 3210.360025 -827.858075
v -3455.880027 3340.560026 -1467.698080
v -2444.040019 3210.360025 -827.858075
v -2310.120018 3340.560026 -1467.698080
v -3653.040028 323.640002 5674.701975
v -3188.040025 174.840001 5644.941975
v -3128.520024 323.640002 5674.701975
v -3653.040028 323.640002 5674.701975
v -3351.720026 96.720001 5630.061974
v -3188.040025 174.840001 5644.941975
v -3653.040028 323.640002 5674.701975
v -3653.040028 66.960001 5626.341974
v -3351.720026 96.720001 5630.061974
v -3653.040028 323.640002 5674.701975
v -3954.360030 96.720001 5630.061974
v -3653.040028 66.960001 5626.341974
v -3653.040028 323.640002 5674.701975
v -4121.760032 178.560001 5648.661975
v -3954.360030 96.720001 5630.061974
v -3653.040028 323.640002 5674.701975
v -4177.560032 327.360003 5674.701975
v -4121.760032 178.560001 5648.661975
v -3653.040028 323.640002 5674.701975
v -4121.760032 472.440004 5704.461975
v -4177.560032 327.360003 5674.701975
v -3653.040028 323.640002 5674.701975
v -3954.360030 554.280004 5723.061975
v -4121.760032 472.440004 5704.461975
v -3653.040028 323.640002 5674.701975
v -3653.040028 580.320004 5726.781975
v -3954.360030 554.280004 5723.061975
v -3653.040028 323.640002 5674.701975
v -3351.720026 554.280004 5723.061975
v -3653.040028 580.320004 5726.781975
v -3653.040028 323.640002 5674.701975
v -3188.040025 472.440004 5704.461975
v -3351.720026 554.280004 5723.061975
v -3653.040028 323.640002 5674.701975
v -3128.520024 323.640002 5674.701975
v -3188.040025 472.440004 5704.461975
v 5661.840044 31187.550240 -2282.378086
v 5929.680046 31228.470240 -775.778075
v 5736.240044 26411.070203 -679.058074
v 5661.840044 31187.550240 -2282.378086
v 5736.240044 26411.070203 -679.058074
v 5501.880042 26377.590203 -2014.538084
v 4895.520038 31142.910240 -3309.098094
v 5661.840044 31187.550240 -2282.378086
v 5501.880042 26377.590203 -2014.538084
v 4895.520038 31142.910240 -3309.098094
v 5501.880042 26377.590203 -2014.538084
v 4824.840037 26336.670203 -2922.218091
v 3693.960028 31087.110239 -3848.498098
v 4895.520038 31142.910240 -3309.098094
v 4824.840037 26336.670203 -2922.218091
v 3693.960028 31087.110239 -3848.498098
v 4824.840037 26336.670203 -2922.218091
v 3768.360029 26288.310202 -3402.098095
v 2072.040016 31031.310239 -3848.498098
v 3693.960028 31087.110239 -3848.498098
v 3768.360029 26288.310202 -3402.098095
v 2072.040016 31031.310239 -3848.498098
v 3768.360029 26288.310202 -3402.098095
v 2336.160018 26239.950202 -3398.378095
v 874.200007 31001.550238 -3305.378094
v 2072.040016 31031.310239 -3848.498098
v 2336.160018 26239.950202 -3398.378095
v 874.200007 31001.550238 -3305.378094
v 2336.160018 26239.950202 -3398.378095
v 1279.680010 26210.190202 -2918.498091
v 104.160001 30994.110238 -2278.658086
v 874.200007 31001.550238 -3305.378094
v 1279.680010 26210.190202 -2918.498091
v 104.160001 30994.110238 -2278.658086
v 1279.680010 26210.190202 -2918.498091
v 602.640005 26206.470202 -2010.818084
v -163.680001 31016.430239 -772.058075
v 104.160001 30994.110238 -2278.658086
v 602.640005 26206.470202 -2010.818084
v -163.680001 31016.430239 -772.058075
v 602.640005 26206.470202 -2010.818084
v 368.280003 26225.070202 -675.338074
v 104.160001 31053.630239 738.261937
v -163.680001 31016.430239 -772.058075
v 368.280003 26225.070202 -675.338074
v 104.160001 31053.630239 738.261937
v 368.280003 26225.070202 -675.338074
v 602.640005 26258.550202 660.141936
v 874.200007 31101.990239 1761.261945
v 104.160001 31053.630239 738.261937
v 602.640005 26258.550202 660.141936
v 874.200007 31101.990239 1761.261945
v 602.640005 26258.550202 660.141936
v 1279.680010 26303.190202 1567.821943
v 2072.040016 31154.070240 2304.381949
v 874.200007 31101.990239 1761.261945
v 1279.680010 26303.190202 1567.821943
v 2072.040016 31154.070240 2304.381949
v 1279.680010 26303.190202 1567.821943
v 2336.160018 26347.830203 2047.701947
v 3693.960028 31209.870240 2300.661949
v 2072.040016 31154.070240 2304.381949
v 2336.160018 26347.830203 2047.701947
v 3693.960028 31209.870240 2300.661949
v 2336.160018 26347.830203 2047.701947
v 3768.360029 26399.910203 2047.701947
v 4895.520038 31243.350240 1757.541945
v 3693.960028 31209.870240 2300.661949
v 3768.360029 26399.910203 2047.701947
v 4895.520038 31243.350240 1757.541945
v 3768.360029 26399.910203 2047.701947
v 4824.840037 26425.950203 1564.101943
v 5661.840044 31247.070240 734.541937
v 4895.520038 31243.350240 1757.541945
v 4824.840037 26425.950203 1564.101943
v 5661.840044 31247.070240 734.541937
v 4824.840037 26425.950203 1564.101943
v 5501.880042 26429.670203 656.421936
v 5929.680046 31228.470240 -775.778075
v 5661.840044 31247.070240 734.541937
v 5501.880042 26429.670203 656.421936
v 5929.680046 31228.470240 -775.778075
v 5501.880042 26429.670203 656.421936
v 5736.240044 26411.070203 -679.058074
v 5501.880042 26377.590203 -2014.538084
v 5736.240044 26411.070203 -679.058074
v 5546.520043 21596.460166 -582.338073
v 5501.880042 26377.590203 -2014.538084
v 5546.520043 21596.460166 -582.338073
v 5341.920041 21566.700166 -1746.698082
v 4824.840037 26336.670203 -2922.218091
v 5501.880042 26377.590203 -2014.538084
v 5341.920041 21566.700166 -1746.698082
v 4824.840037 26336.670203 -2922.218091
v 5341.920041 21566.700166 -1746.698082
v 4754.160037 21529.500166 -2535.338088
v 3768.360029 26288.310202 -3402.098095
v 4824.840037 26336.670203 -2922.218091
v 4754.160037 21529.500166 -2535.338088
v 3768.360029 26288.310202 -3402.098095
v 4754.160037 21529.500166 -2535.338088
v 3839.040030 21488.580165 -2951.978092
v 2336.160018 26239.950202 -3398.378095
v 3768.360029 26288.310202 -3402.098095
v 3839.040030 21488.580165 -2951.978092
v 2336.160018 26239.950202 -3398.378095
v 3839.040030 21488.580165 -2951.978092
v 2600.280020 21447.660165 -2951.978092
v 1279.680010 26210.190202 -2918.498091
v 2336.160018 26239.950202 -3398.378095
v 2600.280020 21447.660165 -2951.978092
v 1279.680010 26210.190202 -2918.498091
v 2600.280020 21447.660165 -2951.978092
v 1685.160013 21421.620165 -2531.618088
v 602.640005 26206.470202 -2010.818084
v 1279.680010 26210.190202 -2918.498091
v 1685.160013 21421.620165 -2531.618088
v 602.640005 26206.470202 -2010.818084
v 1685.160013 21421.620165 -2531.618088
v 1097.400008 21417.900165 -1742.978082
v 368.280003 26225.070202 -675.338074
v 602.640005 26206.470202 -2010.818084
v 1097.400008 21417.900165 -1742.978082
v 368.280003 26225.070202 -675.338074
v 1097.400008 21417.900165 -1742.978082
v 896.520007 21432.780165 -578.618073
v 602.640005 26258.550202 660.141936
v 368.280003 26225.070202 -675.338074
v 896.520007 21432.780165 -578.618073
v 602.640005 26258.550202 660.141936
v 896.520007 21432.780165 -578.618073
v 1097.400008 21462.540165 582.021936
v 1279.680010 26303.190202 1567.821943
v 602.640005 26258.550202 660.141936
v 1097.400008 21462.540165 582.021936
v 1279.680010 26303.190202 1567.821943
v 1097.400008 21462.540165 582.021936
v 1685.160013 21499.740165 1374.381942
v 2336.160018 26347.830203 2047.701947
v 1279.680010 26303.190202 1567.821943
v 1685.160013 21499.740165 1374.381942
v 2336.160018 26347.830203 2047.701947
v 1685.160013 21499.740165 1374.381942
v 2600.280020 21540.660166 1791.021945
v 3768.360029 26399.910203 2047.701947
v 2336.160018 26347.830203 2047.701947
v 2600.280020 21540.660166 1791.021945
v 3768.360029 26399.910203 2047.701947
v 2600.280020 21540.660166 1791.021945
v 3839.040030 21585.300166 1791.021945
v 4824.840037 26425.950203 1564.101943
v 3768.360029 26399.910203 2047.701947
v 3839.040030 21585.300166 1791.021945
v 4824.840037 26425.950203 1564.101943
v 3839.040030 21585.300166 1791.021945
v 4754.160037 21607.620166 1370.661942
v 5501.880042 26429.670203 656.421936
v 4824.840037 26425.950203 1564.101943
v 4754.160037 21607.620166 1370.661942
v 5501.880042 26429.670203 656.421936
v 4754.160037 21607.620166 1370.661942
v 5341.920041 21611.340166 582.021936
v 5736.240044 26411.070203 -679.058074
v 5501.880042 26429.670203 656.421936
v 5341.920041 21611.340166 582.021936
v 5736.240044 26411.070203 -679.058074
v 5341.920041 21611.340166 582.021936
v 5546.520043 21596.460166 -582.338073
v 5341.920041 21566.700166 -1746.698082
v 5546.520043 21596.460166 -582.338073
v 5353.080041 16753.020129 -485.618073
v 5341.920041 21566.700166 -1746.698082
v 5353.080041 16753.020129 -485.618073
v 5181.960040 16738.140129 -1475.138080
v 4754.160037 21529.500166 -2535.338088
v 5341.920041 21566.700166 -1746.698082
v 5181.960040 16738.140129 -1475.138080
v 4754.160037 21529.500166 -2535.338088
v 5181.960040 16738.140129 -1475.138080
v 4683.480036 16723.260129 -2148.458085
v 3839.040030 21488.580165 -2951.978092
v 4754.160037 21529.500166 -2535.338088
v 4683.480036 16723.260129 -2148.458085
v 3839.040030 21488.580165 -2951.978092
v 4683.480036 16723.260129 -2148.458085
v 3913.440030 16700.940128 -2505.578088
v 2600.280020 21447.660165 -2951.978092
v 3839.040030 21488.580165 -2951.978092
v 3913.440030 16700.940128 -2505.578088
v 2600.280020 21447.660165 -2951.978092
v 3913.440030 16700.940128 -2505.578088
v 2864.400022 16682.340128 -2501.858088
v 1685.160013 21421.620165 -2531.618088
v 2600.280020 21447.660165 -2951.978092
v 2864.400022 16682.340128 -2501.858088
v 1685.160013 21421.620165 -2531.618088
v 2864.400022 16682.340128 -2501.858088
v 2090.640016 16667.460128 -2148.458085
v 1097.400008 21417.900165 -1742.978082
v 1685.160013 21421.620165 -2531.618088
v 2090.640016 16667.460128 -2148.458085
v 1097.400008 21417.900165 -1742.978082
v 2090.640016 16667.460128 -2148.458085
v 1595.880012 16667.460128 -1475.138080
v 896.520007 21432.780165 -578.618073
v 1097.400008 21417.900165 -1742.978082
v 1595.880012 16667.460128 -1475.138080
v 896.520007 21432.780165 -578.618073
v 1595.880012 16667.460128 -1475.138080
v 1421.040011 16671.180128 -485.618073
v 1097.400008 21462.540165 582.021936
v 896.520007 21432.780165 -578.618073
v 1421.040011 16671.180128 -485.618073
v 1097.400008 21462.540165 582.021936
v 1421.040011 16671.180128 -485.618073
v 1595.880012 16686.060128 507.621935
v 1685.160013 21499.740165 1374.381942
v 1097.400008 21462.540165 582.021936
v 1595.880012 16686.060128 507.621935
v 1685.160013 21499.740165 1374.381942
v 1595.880012 16686.060128 507.621935
v 2090.640016 16704.660128 1177.221940
v 2600.280020 21540.660166 1791.021945
v 1685.160013 21499.740165 1374.381942
v 2090.640016 16704.660128 1177.221940
v 2600.280020 21540.660166 1791.021945
v 2090.640016 16704.660128 1177.221940
v 2864.400022 16723.260129 1534.341943
v 3839.040030 21585.300166 1791.021945
v 2600.280020 21540.660166 1791.021945
v 2864.400022 16723.260129 1534.341943
v 3839.040030 21585.300166 1791.021945
v 2864.400022 16723.260129 1534.341943
v 3913.440030 16745.580129 1534.341943
v 4754.160037 21607.620166 1370.661942
v 3839.040030 21585.300166 1791.021945
v 3913.440030 16745.580129 1534.341943
v 4754.160037 21607.620166 1370.661942
v 3913.440030 16745.580129 1534.341943
v 4687.200036 16756.740129 1177.221940
v 5341.920041 21611.340166 582.021936
v 4754.160037 21607.620166 1370.661942
v 4687.200036 16756.740129 1177.221940
v 5341.920041 21611.340166 582.021936
v 4687.200036 16756.740129 1177.221940
v 5181.960040 16760.460129 503.901935
v 5546.520043 21596.460166 -582.338073
v 5341.920041 21611.340166 582.021936
v 5181.960040 16760.460129 503.901935
v 5546.520043 21596.460166 -582.338073
v 5181.960040 16760.460129 503.901935
v 5353.080041 16753.020129 -485.618073
v 5181.960040 16738.140129 -1475.138080
v 5353.080041 16753.020129 -485.618073
v 5148.480040 12131.850093 -485.618073
v 5181.960040 16738.140129 -1475.138080
v 5148.480040 12131.850093 -485.618073
v 4995.960038 12131.850093 -1359.818079
v 4683.480036 16723.260129 -2148.458085
v 5181.960040 16738.140129 -1475.138080
v 4995.960038 12131.850093 -1359.818079
v 4683.480036 16723.260129 -2148.458085
v 4995.960038 12131.850093 -1359.818079
v 4557.000035 12128.130093 -1955.018084
v 3913.440030 16700.940128 -2505.578088
v 4683.480036 16723.260129 -2148.458085
v 4557.000035 12128.130093 -1955.018084
v 3913.440030 16700.940128 -2505.578088
v 4557.000035 12128.130093 -1955.018084
v 3872.520030 12124.410093 -2267.498086
v 2864.400022 16682.340128 -2501.858088
v 3913.440030 16700.940128 -2505.578088
v 3872.520030 12124.410093 -2267.498086
v 2864.400022 16682.340128 -2501.858088
v 3872.520030 12124.410093 -2267.498086
v 2946.240023 12120.690093 -2267.498086
v 2090.640016 16667.460128 -2148.458085
v 2864.400022 16682.340128 -2501.858088
v 2946.240023 12120.690093 -2267.498086
v 2090.640016 16667.460128 -2148.458085
v 2946.240023 12120.690093 -2267.498086
v 2265.480017 12116.970093 -1955.018084
v 1595.880012 16667.460128 -1475.138080
v 2090.640016 16667.460128 -2148.458085
v 2265.480017 12116.970093 -1955.018084
v 1595.880012 16667.460128 -1475.138080
v 2265.480017 12116.970093 -1955.018084
v 1826.520014 12116.970093 -1359.818079
v 1421.040011 16671.180128 -485.618073
v 1595.880012 16667.460128 -1475.138080
v 1826.520014 12116.970093 -1359.818079
v 1421.040011 16671.180128 -485.618073
v 1826.520014 12116.970093 -1359.818079
v 1674.000013 12113.250093 -485.618073
v 1595.880012 16686.060128 507.621935
v 1421.040011 16671.180128 -485.618073
v 1674.000013 12113.250093 -485.618073
v 1595.880012 16686.060128 507.621935
v 1674.000013 12113.250093 -485.618073
v 1826.520014 12116.970093 392.301934
v 2090.640016 16704.660128 1177.221940
v 1595.880012 16686.060128 507.621935
v 1826.520014 12116.970093 392.301934
v 2090.640016 16704.660128 1177.221940
v 1826.520014 12116.970093 392.301934
v 2265.480017 12116.970093 983.781939
v 2864.400022 16723.260129 1534.341943
v 2090.640016 16704.660128 1177.221940
v 2265.480017 12116.970093 983.781939
v 2864.400022 16723.260129 1534.341943
v 2265.480017 12116.970093 983.781939
v 2949.960023 12120.690093 1299.981941
v 3913.440030 16745.580129 1534.341943
v 2864.400022 16723.260129 1534.341943
v 2949.960023 12120.690093 1299.981941
v 3913.440030 16745.580129 1534.341943
v 2949.960023 12120.690093 1299.981941
v 3876.240030 12124.410093 1299.981941
v 4687.200036 16756.740129 1177.221940
v 3913.440030 16745.580129 1534.341943
v 3876.240030 12124.410093 1299.981941
v 4687.200036 16756.740129 1177.221940
v 3876.240030 12124.410093 1299.981941
v 4557.000035 12128.130093 983.781939
v 5181.960040 16760.460129 503.901935
v 4687.200036 16756.740129 1177.221940
v 4557.000035 12128.130093 983.781939
v 5181.960040 16760.460129 503.901935
v 4557.000035 12128.130093 983.781939
v 4995.960038 12131.850093 388.581934
v 5353.080041 16753.020129 -485.618073
v 5181.960040 16760.460129 503.901935
v 4995.960038 12131.850093 388.581934
v 5353.080041 16753.020129 -485.618073
v 4995.960038 12131.850093 388.581934
v 5148.480040 12131.850093 -485.618073
v 4995.960038 12131.850093 -1359.818079
v 5148.480040 12131.850093 -485.618073
v 4940.160038 7544.160058 -485.618073
v 4995.960038 12131.850093 -1359.818079
v 4940.160038 7544.160058 -485.618073
v 4809.960037 7540.440058 -1244.498078
v 4557.000035 12128.130093 -1955.018084
v 4995.960038 12131.850093 -1359.818079
v 4809.960037 7540.440058 -1244.498078
v 4557.000035 12128.130093 -1955.018084
v 4809.960037 7540.440058 -1244.498078
v 4426.800034 7540.440058 -1761.578082
v 3872.520030 12124.410093 -2267.498086
v 4557.000035 12128.130093 -1955.018084
v 4426.800034 7540.440058 -1761.578082
v 3872.520030 12124.410093 -2267.498086
v 4426.800034 7540.440058 -1761.578082
v 3835.320029 7536.720058 -2033.138084
v 2946.240023 12120.690093 -2267.498086
v 3872.520030 12124.410093 -2267.498086
v 3835.320029 7536.720058 -2033.138084
v 2946.240023 12120.690093 -2267.498086
v 3835.320029 7536.720058 -2033.138084
v 3031.800023 7533.000058 -2033.138084
v 2265.480017 12116.970093 -1955.018084
v 2946.240023 12120.690093 -2267.498086
v 3031.800023 7533.000058 -2033.138084
v 2265.480017 12116.970093 -1955.018084
v 3031.800023 7533.000058 -2033.138084
v 2440.320019 7529.280058 -1761.578082
v 1826.520014 12116.970093 -1359.818079
v 2265.480017 12116.970093 -1955.018084
v 2440.320019 7529.280058 -1761.578082
v 1826.520014 12116.970093 -1359.818079
v 2440.320019 7529.280058 -1761.578082
v 2057.160016 7529.280058 -1244.498078
v 1674.000013 12113.250093 -485.618073
v 1826.520014 12116.970093 -1359.818079
v 2057.160016 7529.280058 -1244.498078
v 1674.000013 12113.250093 -485.618073
v 2057.160016 7529.280058 -1244.498078
v 1926.960015 7525.560058 -485.618073
v 1826.520014 12116.970093 392.301934
v 1674.000013 12113.250093 -485.618073
v 1926.960015 7525.560058 -485.618073
v 1826.520014 12116.970093 392.301934
v 1926.960015 7525.560058 -485.618073
v 2060.880016 7529.280058 276.981933
v 2265.480017 12116.970093 983.781939
v 1826.520014 12116.970093 392.301934
v 2060.880016 7529.280058 276.981933
v 2265.480017 12116.970093 983.781939
v 2060.880016 7529.280058 276.981933
v 2440.320019 7529.280058 790.341937
v 2949.960023 12120.690093 1299.981941
v 2265.480017 12116.970093 983.781939
v 2440.320019 7529.280058 790.341937
v 2949.960023 12120.690093 1299.981941
v 2440.320019 7529.280058 790.341937
v 3031.800023 7533.000058 1065.621939
v 3876.240030 12124.410093 1299.981941
v 2949.960023 12120.690093 1299.981941
v 3031.800023 7533.000058 1065.621939
v 3876.240030 12124.410093 1299.981941
v 3031.800023 7533.000058 1065.621939
v 3835.320029 7536.720058 1065.621939
v 4557.000035 12128.130093 983.781939
v 3876.240030 12124.410093 1299.981941
v 3835.320029 7536.720058 1065.621939
v 4557.000035 12128.130093 983.781939
v 3835.320029 7536.720058 1065.621939
v 4430.520034 7540.440058 790.341937
v 4995.960038 12131.850093 388.581934
v 4557.000035 12128.130093 983.781939
v 4430.520034 7540.440058 790.341937
v 4995.960038 12131.850093 388.581934
v 4430.520034 7540.440058 790.341937
v 4809.960037 7540.440058 273.261933
v 5148.480040 12131.850093 -485.618073
v 4995.960038 12131.850093 388.581934
v 4809.960037 7540.440058 273.261933
v 5148.480040 12131.850093 -485.618073
v 4809.960037 7540.440058 273.261933
v 4940.160038 7544.160058 -485.618073
v 4809.960037 7540.440058 -1244.498078
v 4940.160038 7544.160058 -485.618073
v 4735.560036 2953.680023 -485.618073
v 4809.960037 7540.440058 -1244.498078
v 4735.560036 2953.680023 -485.618073
v 4623.960036 2953.680023 -1129.178078
v 4426.800034 7540.440058 -1761.578082
v 4809.960037 7540.440058 -1244.498078
v 4623.960036 2953.680023 -1129.178078
v 4426.800034 7540.440058 -1761.578082
v 4623.960036 2953.680023 -1129.178078
v 4300.320033 2949.960023 -1568.138081
v 3835.320029 7536.720058 -2033.138084
v 4426.800034 7540.440058 -1761.578082
v 4300.320033 2949.960023 -1568.138081
v 3835.320029 7536.720058 -2033.138084
v 4300.320033 2949.960023 -1568.138081
v 3798.120029 2949.960023 -1798.778083
v 3031.800023 7533.000058 -2033.138084
v 3835.320029 7536.720058 -2033.138084
v 3798.120029 2949.960023 -1798.778083
v 3031.800023 7533.000058 -2033.138084
v 3798.120029 2949.960023 -1798.778083
v 3117.360024 2946.240023 -1798.778083
v 2440.320019 7529.280058 -1761.578082
v 3031.800023 7533.000058 -2033.138084
v 3117.360024 2946.240023 -1798.778083
v 2440.320019 7529.280058 -1761.578082
v 3117.360024 2946.240023 -1798.778083
v 2615.160020 2942.520023 -1568.138081
v 2057.160016 7529.280058 -1244.498078
v 2440.320019 7529.280058 -1761.578082
v 2615.160020 2942.520023 -1568.138081
v 2057.160016 7529.280058 -1244.498078
v 2615.160020 2942.520023 -1568.138081
v 2291.520018 2942.520023 -1129.178078
v 1926.960015 7525.560058 -485.618073
v 2057.160016 7529.280058 -1244.498078
v 2291.520018 2942.520023 -1129.178078
v 1926.960015 7525.560058 -485.618073
v 2291.520018 2942.520023 -1129.178078
v 2179.920017 2938.800023 -485.618073
v 2060.880016 7529.280058 276.981933
v 1926.960015 7525.560058 -485.618073
v 2179.920017 2938.800023 -485.618073
v 2060.880016 7529.280058 276.981933
v 2179.920017 2938.800023 -485.618073
v 2291.520018 2942.520023 161.661932
v 2440.320019 7529.280058 790.341937
v 2060.880016 7529.280058 276.981933
v 2291.520018 2942.520023 161.661932
v 2440.320019 7529.280058 790.341937
v 2291.520018 2942.520023 161.661932
v 2615.160020 2942.520023 596.901936
v 3031.800023 7533.000058 1065.621939
v 2440.320019 7529.280058 790.341937
v 2615.160020 2942.520023 596.901936
v 3031.800023 7533.000058 1065.621939
v 2615.160020 2942.520023 596.901936
v 3117.360024 2946.240023 827.541938
v 3835.320029 7536.720058 1065.621939
v 3031.800023 7533.000058 1065.621939
v 3117.360024 2946.240023 827.541938
v 3835.320029 7536.720058 1065.621939
v 3117.360024 2946.240023 827.541938
v 3798.120029 2949.960023 827.541938
v 4430.520034 7540.440058 790.341937
v 3835.320029 7536.720058 1065.621939
v 3798.120029 2949.960023 827.541938
v 4430.520034 7540.440058 790.341937
v 3798.120029 2949.960023 827.541938
v 4300.320033 2949.960023 596.901936
v 4809.960037 7540.440058 273.261933
v 4430.520034 7540.440058 790.341937
v 4300.320033 2949.960023 596.901936
v 4809.960037 7540.440058 273.261933
v 4300.320033 2949.960023 596.901936
v 4623.960036 2953.680023 157.941932
v 4940.160038 7544.160058 -485.618073
v 4809.960037 7540.440058 273.261933
v 4623.960036 2953.680023 157.941932
v 4940.160038 7544.160058 -485.618073
v 4623.960036 2953.680023 157.941932
v 4735.560036 2953.680023 -485.618073
v 2883.000022 31120.590239 -772.058075
v 5929.680046 31228.470240 -775.778075
v 5661.840044 31187.550240 -2282.378086
v 2883.000022 31120.590239 -772.058075
v 5661.840044 31187.550240 -2282.378086
v 4895.520038 31142.910240 -3309.098094
v 2883.000022 31120.590239 -772.058075
v 4895.520038 31142.910240 -3309.098094
v 3693.960028 31087.110239 -3848.498098
v 2883.000022 31120.590239 -772.058075
v 3693.960028 31087.110239 -3848.498098
v 2072.040016 31031.310239 -3848.498098
v 2883.000022 31120.590239 -772.058075
v 2072.040016 31031.310239 -3848.498098
v 874.200007 31001.550238 -3305.378094
v 2883.000022 31120.590239 -772.058075
v 874.200007 31001.550238 -3305.378094
v 104.160001 30994.110238 -2278.658086
v 2883.000022 31120.590239 -772.058075
v 104.160001 30994.110238 -2278.658086
v -163.680001 31016.430239 -772.058075
v 2883.000022 31120.590239 -772.058075
v -163.680001 31016.430239 -772.058075
v 104.160001 31053.630239 738.261937
v 2883.000022 31120.590239 -772.058075
v 104.160001 31053.630239 738.261937
v 874.200007 31101.990239 1761.261945
v 2883.000022 31120.590239 -772.058075
v 874.200007 31101.990239 1761.261945
v 2072.040016 31154.070240 2304.381949
v 2883.000022 31120.590239 -772.058075
v 2072.040016 31154.070240 2304.381949
v 3693.960028 31209.870240 2300.661949
v 2883.000022 31120.590239 -772.058075
v 3693.960028 31209.870240 2300.661949
v 4895.520038 31243.350240 1757.541945
v 2883.000022 31120.590239 -772.058075
v 4895.520038 31243.350240 1757.541945
v 5661.840044 31247.070240 734.541937
v 2883.000022 31120.590239 -772.058075
v 5661.840044 31247.070240 734.541937
v 5929.680046 31228.470240 -775.778075
v 3455.880027 2946.240023 -485.618073
v 4623.960036 2953.680023 -1129.178078
v 4735.560036 2953.680023 -485.618073
v 3455.880027 2946.240023 -485.618073
v 4300.320033 2949.960023 -1568.138081
v 4623.960036 2953.680023 -1129.178078
v 3455.880027 2946.240023 -485.618073
v 3798.120029 2949.960023 -1798.778083
v 4300.320033 2949.960023 -1568.138081
v 3455.880027 2946.240023 -485.618073
v 3117.360024 2946.240023 -1798.778083
v 3798.120029 2949.960023 -1798.778083
v 3455.880027 2946.240023 -485.618073
v 2615.160020 2942.520023 -1568.138081
v 3117.360024 2946.240023 -1798.778083
v 3455.880027 2946.240023 -485.618073
v 2291.520018 2942.520023 -1129.178078
v 2615.160020 2942.520023 -1568.138081
v 3455.880027 2946.240023 -485.618073
v 2179.920017 2938.800023 -485.618073
v 2291.520018 2942.520023 -1129.178078
v 3455.880027 2946.240023 -485.618073
v 2291.520018 2942.520023 161.661932
v 2179.920017 2938.800023 -485.618073
v 3455.880027 2946.240023 -485.618073
v 2615.160020 2942.520023 596.901936
v 2291.520018 2942.520023 161.661932
v 3455.880027 2946.240023 -485.618073
v 3117.360024 2946.240023 827.541938
v 2615.160020 2942.520023 596.901936
v 3455.880027 2946.240023 -485.618073
v 3798.120029 2949.960023 827.541938
v 3117.360024 2946.240023 827.541938
v 3455.880027 2946.240023 -485.618073
v 4300.320033 2949.960023 596.901936
v 3798.120029 2949.960023 827.541938
v 3455.880027 2946.240023 -485.618073
v 4623.960036 2953.680023 157.941932
v 4300.320033 2949.960023 596.901936
v 3455.880027 2946.240023 -485.618073
v 4735.560036 2953.680023 -485.618073
v 4623.960036 2953.680023 157.941932
v 4471.440034 3467.040027 -2111.258085
v 4605.360035 3340.560026 -1467.698080
v 4735.560036 2027.400016 -1731.818082
v 4471.440034 3467.040027 -2111.258085
v 4735.560036 2027.400016 -1731.818082
v 4597.920035 1640.520013 -2416.298087
v 4092.000031 3545.160027 -2490.698088
v 4471.440034 3467.040027 -2111.258085
v 4597.920035 1640.520013 -2416.298087
v 4092.000031 3545.160027 -2490.698088
v 4597.920035 1640.520013 -2416.298087
v 4192.440032 1424.760011 -2795.738090
v 3455.880027 3571.200027 -2624.618089
v 4092.000031 3545.160027 -2490.698088
v 4192.440032 1424.760011 -2795.738090
v 3455.880027 3571.200027 -2624.618089
v 4192.440032 1424.760011 -2795.738090
v 3455.880027 1350.360010 -2925.938091
v 2819.760022 3545.160027 -2490.698088
v 3455.880027 3571.200027 -2624.618089
v 3455.880027 1350.360010 -2925.938091
v 2819.760022 3545.160027 -2490.698088
v 3455.880027 1350.360010 -2925.938091
v 2723.040021 1424.760011 -2795.738090
v 2444.040019 3467.040027 -2111.258085
v 2819.760022 3545.160027 -2490.698088
v 2723.040021 1424.760011 -2795.738090
v 2444.040019 3467.040027 -2111.258085
v 2723.040021 1424.760011 -2795.738090
v 2317.560018 1640.520013 -2416.298087
v 2310.120018 3340.560026 -1467.698080
v 2444.040019 3467.040027 -2111.258085
v 2317.560018 1640.520013 -2416.298087
v 2310.120018 3340.560026 -1467.698080
v 2317.560018 1640.520013 -2416.298087
v 2179.920017 2027.400016 -1731.818082
v 2444.040019 3210.360025 -827.858075
v 2310.120018 3340.560026 -1467.698080
v 2179.920017 2027.400016 -1731.818082
v 2444.040019 3210.360025 -827.858075
v 2179.920017 2027.400016 -1731.818082
v 2317.560018 2418.000019 -1043.618077
v 2819.760022 3135.960024 -444.698072
v 2444.040019 3210.360025 -827.858075
v 2317.560018 2418.000019 -1043.618077
v 2819.760022 3135.960024 -444.698072
v 2317.560018 2418.000019 -1043.618077
v 2723.040021 2633.760020 -664.178074
v 3455.880027 3109.920024 -310.778071
v 2819.760022 3135.960024 -444.698072
v 2723.040021 2633.760020 -664.178074
v 3455.880027 3109.920024 -310.778071
v 2723.040021 2633.760020 -664.178074
v 3455.880027 2708.160021 -533.978073
v 4092.000031 3135.960024 -444.698072
v 3455.880027 3109.920024 -310.778071
v 3455.880027 2708.160021 -533.978073
v 4092.000031 3135.960024 -444.698072
v 3455.880027 2708.160021 -533.978073
v 4192.440032 2633.760020 -664.178074
v 4471.440034 3210.360025 -827.858075
v 4092.000031 3135.960024 -444.698072
v 4192.440032 2633.760020 -664.178074
v 4471.440034 3210.360025 -827.858075
v 4192.440032 2633.760020 -664.178074
v 4597.920035 2418.000019 -1043.618077
v 4605.360035 3340.560026 -1467.698080
v 4471.440034 3210.360025 -827.858075
v 4597.920035 2418.000019 -1043.618077
v 4605.360035 3340.560026 -1467.698080
v 4597.920035 2418.000019 -1043.618077
v 4735.560036 2027.400016 -1731.818082
v 4597.920035 1640.520013 -2416.298087
v 4735.560036 2027.400016 -1731.818082
v 4798.800037 926.280007 -128.498070
v 4597.920035 1640.520013 -2416.298087
v 4798.800037 926.280007 -128.498070
v 4653.720036 420.360003 -273.578071
v 4192.440032 1424.760011 -2795.738090
v 4597.920035 1640.520013 -2416.298087
v 4653.720036 420.360003 -273.578071
v 4192.440032 1424.760011 -2795.738090
v 4653.720036 420.360003 -273.578071
v 4229.640033 137.640001 -344.258071
v 3455.880027 1350.360010 -2925.938091
v 4192.440032 1424.760011 -2795.738090
v 4229.640033 137.640001 -344.258071
v 3455.880027 1350.360010 -2925.938091
v 4229.640033 137.640001 -344.258071
v 3455.880027 33.480000 -347.978071
v 2723.040021 1424.760011 -2795.738090
v 3455.880027 1350.360010 -2925.938091
v 3455.880027 33.480000 -347.978071
v 2723.040021 1424.760011 -2795.738090
v 3455.880027 33.480000 -347.978071
v 2685.840021 122.760001 -299.618071
v 2317.560018 1640.520013 -2416.298087
v 2723.040021 1424.760011 -2795.738090
v 2685.840021 122.760001 -299.618071
v 2317.560018 1640.520013 -2416.298087
v 2685.840021 122.760001 -299.618071
v 2261.760017 398.040003 -206.618070
v 2179.920017 2027.400016 -1731.818082
v 2317.560018 1640.520013 -2416.298087
v 2261.760017 398.040003 -206.618070
v 2179.920017 2027.400016 -1731.818082
v 2261.760017 398.040003 -206.618070
v 2112.960016 903.960007 -54.098069
v 2317.560018 2418.000019 -1043.618077
v 2179.920017 2027.400016 -1731.818082
v 2112.960016 903.960007 -54.098069
v 2317.560018 2418.000019 -1043.618077
v 2112.960016 903.960007 -54.098069
v 2261.760017 1409.880011 90.981932
v 2723.040021 2633.760020 -664.178074
v 2317.560018 2418.000019 -1043.618077
v 2261.760017 1409.880011 90.981932
v 2723.040021 2633.760020 -664.178074
v 2261.760017 1409.880011 90.981932
v 2685.840021 1692.600013 157.941932
v 3455.880027 2708.160021 -533.978073
v 2723.040021 2633.760020 -664.178074
v 2685.840021 1692.600013 157.941932
v 3455.880027 2708.160021 -533.978073
v 2685.840021 1692.600013 157.941932
v 3455.880027 1796.760014 165.381932
v 4192.440032 2633.760020 -664.178074
v 3455.880027 2708.160021 -533.978073
v 3455.880027 1796.760014 165.381932
v 4192.440032 2633.760020 -664.178074
v 3455.880027 1796.760014 165.381932
v 4229.640033 1707.480013 117.021932
v 4597.920035 2418.000019 -1043.618077
v 4192.440032 2633.760020 -664.178074
v 4229.640033 1707.480013 117.021932
v 4597.920035 2418.000019 -1043.618077
v 4229.640033 1707.480013 117.021932
v 4653.720036 1432.200011 24.021931
v 4735.560036 2027.400016 -1731.818082
v 4597.920035 2418.000019 -1043.618077
v 4653.720036 1432.200011 24.021931
v 4735.560036 2027.400016 -1731.818082
v 4653.720036 1432.200011 24.021931
v 4798.800037 926.280007 -128.498070
v 4653.720036 420.360003 -273.578071
v 4798.800037 926.280007 -128.498070
v 4962.480038 796.080006 2475.501950
v 4653.720036 420.360003 -273.578071
v 4962.480038 796.080006 2475.501950
v 4817.400037 345.960003 2442.021950
v 4229.640033 137.640001 -344.258071
v 4653.720036 420.360003 -273.578071
v 4817.400037 345.960003 2442.021950
v 4229.640033 137.640001 -344.258071
v 4817.400037 345.960003 2442.021950
v 4382.160034 93.000001 2442.021950
v 3455.880027 33.480000 -347.978071
v 4229.640033 137.640001 -344.258071
v 4382.160034 93.000001 2442.021950
v 3455.880027 33.480000 -347.978071
v 4382.160034 93.000001 2442.021950
v 3593.520028 0.000000 2464.341950
v 2685.840021 122.760001 -299.618071
v 3455.880027 33.480000 -347.978071
v 3593.520028 0.000000 2464.341950
v 2685.840021 122.760001 -299.618071
v 3593.520028 0.000000 2464.341950
v 2801.160022 78.120001 2505.261950
v 2261.760017 398.040003 -206.618070
v 2685.840021 122.760001 -299.618071
v 2801.160022 78.120001 2505.261950
v 2261.760017 398.040003 -206.618070
v 2801.160022 78.120001 2505.261950
v 2365.920018 323.640002 2542.461951
v 2112.960016 903.960007 -54.098069
v 2261.760017 398.040003 -206.618070
v 2365.920018 323.640002 2542.461951
v 2112.960016 903.960007 -54.098069
v 2365.920018 323.640002 2542.461951
v 2213.400017 770.040006 2587.101951
v 2261.760017 1409.880011 90.981932
v 2112.960016 903.960007 -54.098069
v 2213.400017 770.040006 2587.101951
v 2261.760017 1409.880011 90.981932
v 2213.400017 770.040006 2587.101951
v 2358.480018 1223.880009 2616.861951
v 2685.840021 1692.600013 157.941932
v 2261.760017 1409.880011 90.981932
v 2358.480018 1223.880009 2616.861951
v 2685.840021 1692.600013 157.941932
v 2358.480018 1223.880009 2616.861951
v 2793.720021 1476.840011 2620.581951
v 3455.880027 1796.760014 165.381932
v 2685.840021 1692.600013 157.941932
v 2793.720021 1476.840011 2620.581951
v 3455.880027 1796.760014 165.381932
v 2793.720021 1476.840011 2620.581951
v 3582.360028 1566.120012 2594.541951
v 4229.640033 1707.480013 117.021932
v 3455.880027 1796.760014 165.381932
v 3582.360028 1566.120012 2594.541951
v 4229.640033 1707.480013 117.021932
v 3582.360028 1566.120012 2594.541951
v 4374.720034 1488.000011 2557.341951
v 4653.720036 1432.200011 24.021931
v 4229.640033 1707.480013 117.021932
v 4374.720034 1488.000011 2557.341951
v 4653.720036 1432.200011 24.021931
v 4374.720034 1488.000011 2557.341951
v 4809.960037 1246.200010 2516.421951
v 4798.800037 926.280007 -128.498070
v 4653.720036 1432.200011 24.021931
v 4809.960037 1246.200010 2516.421951
v 4798.800037 926.280007 -128.498070
v 4809.960037 1246.200010 2516.421951
v 4962.480038 796.080006 2475.501950
v 4817.400037 345.960003 2442.021950
v 4962.480038 796.080006 2475.501950
v 4702.080036 528.240004 4670.301967
v 4817.400037 345.960003 2442.021950
v 4702.080036 528.240004 4670.301967
v 4590.480035 230.640002 4629.381967
v 4382.160034 93.000001 2442.021950
v 4817.400037 345.960003 2442.021950
v 4590.480035 230.640002 4629.381967
v 4382.160034 93.000001 2442.021950
v 4590.480035 230.640002 4629.381967
v 4259.400033 63.240000 4614.501967
v 3593.520028 0.000000 2464.341950
v 4382.160034 93.000001 2442.021950
v 4259.400033 63.240000 4614.501967
v 3593.520028 0.000000 2464.341950
v 4259.400033 63.240000 4614.501967
v 3656.760028 3.720000 4618.221967
v 2801.160022 78.120001 2505.261950
v 3593.520028 0.000000 2464.341950
v 3656.760028 3.720000 4618.221967
v 2801.160022 78.120001 2505.261950
v 3656.760028 3.720000 4618.221967
v 3054.120023 55.800000 4636.821967
v 2365.920018 323.640002 2542.461951
v 2801.160022 78.120001 2505.261950
v 3054.120023 55.800000 4636.821967
v 2365.920018 323.640002 2542.461951
v 3054.120023 55.800000 4636.821967
v 2719.320021 219.480002 4666.581967
v 2213.400017 770.040006 2587.101951
v 2365.920018 323.640002 2542.461951
v 2719.320021 219.480002 4666.581967
v 2213.400017 770.040006 2587.101951
v 2719.320021 219.480002 4666.581967
v 2604.000020 513.360004 4714.941967
v 2358.480018 1223.880009 2616.861951
v 2213.400017 770.040006 2587.101951
v 2604.000020 513.360004 4714.941967
v 2358.480018 1223.880009 2616.861951
v 2604.000020 513.360004 4714.941967
v 2719.320021 814.680006 4755.861968
v 2793.720021 1476.840011 2620.581951
v 2358.480018 1223.880009 2616.861951
v 2719.320021 814.680006 4755.861968
v 2793.720021 1476.840011 2620.581951
v 2719.320021 814.680006 4755.861968
v 3050.400023 982.080008 4770.741968
v 3582.360028 1566.120012 2594.541951
v 2793.720021 1476.840011 2620.581951
v 3050.400023 982.080008 4770.741968
v 3582.360028 1566.120012 2594.541951
v 3050.400023 982.080008 4770.741968
v 3653.040028 1041.600008 4767.021968
v 4374.720034 1488.000011 2557.341951
v 3582.360028 1566.120012 2594.541951
v 3653.040028 1041.600008 4767.021968
v 4374.720034 1488.000011 2557.341951
v 3653.040028 1041.600008 4767.021968
v 4255.680033 989.520008 4748.421968
v 4809.960037 1246.200010 2516.421951
v 4374.720034 1488.000011 2557.341951
v 4255.680033 989.520008 4748.421968
v 4809.960037 1246.200010 2516.421951
v 4255.680033 989.520008 4748.421968
v 4586.760035 825.840006 4718.661967
v 4962.480038 796.080006 2475.501950
v 4809.960037 1246.200010 2516.421951
v 4586.760035 825.840006 4718.661967
v 4962.480038 796.080006 2475.501950
v 4586.760035 825.840006 4718.661967
v 4702.080036 528.240004 4670.301967
v 4590.480035 230.640002 4629.381967
v 4702.080036 528.240004 4670.301967
v 4177.560032 327.360003 5674.701975
v 4590.480035 230.640002 4629.381967
v 4177.560032 327.360003 5674.701975
v 4121.760032 178.560001 5648.661975
v 4259.400033 63.240000 4614.501967
v 4590.480035 230.640002 4629.381967
v 4121.760032 178.560001 5648.661975
v 4259.400033 63.240000 4614.501967
v 4121.760032 178.560001 5648.661975
v 3954.360030 96.720001 5630.061974
v 3656.760028 3.720000 4618.221967
v 4259.400033 63.240000 4614.501967
v 3954.360030 96.720001 5630.061974
v 3656.760028 3.720000 4618.221967
v 3954.360030 96.720001 5630.061974
v 3653.040028 66.960001 5626.341974
v 3054.120023 55.800000 4636.821967
v 3656.760028 3.720000 4618.221967
v 3653.040028 66.960001 5626.341974
v 3054.120023 55.800000 4636.821967
v 3653.040028 66.960001 5626.341974
v 3351.720026 96.720001 5630.061974
v 2719.320021 219.480002 4666.581967
v 3054.120023 55.800000 4636.821967
v 3351.720026 96.720001 5630.061974
v 2719.320021 219.480002 4666.581967
v 3351.720026 96.720001 5630.061974
v 3188.040025 174.840001 5644.941975
v 2604.000020 513.360004 4714.941967
v 2719.320021 219.480002 4666.581967
v 3188.040025 174.840001 5644.941975
v 2604.000020 513.360004 4714.941967
v 3188.040025 174.840001 5644.941975
v 3128.520024 323.640002 5674.701975
v 2719.320021 814.680006 4755.861968
v 2604.000020 513.360004 4714.941967
v 3128.520024 323.640002 5674.701975
v 2719.320021 814.680006 4755.861968
v 3128.520024 323.640002 5674.701975
v 3188.040025 472.440004 5704.461975
v 3050.400023 982.080008 4770.741968
v 2719.320021 814.680006 4755.861968
v 3188.040025 472.440004 5704.461975
v 3050.400023 982.080008 4770.741968
v 3188.040025 472.440004 5704.461975
v 3351.720026 554.280004 5723.061975
v 3653.040028 1041.600008 4767.021968
v 3050.400023 982.080008 4770.741968
v 3351.720026 554.280004 5723.061975
v 3653.040028 1041.600008 4767.021968
v 3351.720026 554.280004 5723.061975
v 3653.040028 580.320004 5726.781975
v 4255.680033 989.520008 4748.421968
v 3653.040028 1041.600008 4767.021968
v 3653.040028 580.320004 5726.781975
v 4255.680033 989.520008 4748.421968
v 3653.040028 580.320004 5726.781975
v 3954.360030 554.280004 5723.061975
v 4586.760035 825.840006 4718.661967
v 4255.680033 989.520008 4748.421968
v 3954.360030 554.280004 5723.061975
v 4586.760035 825.840006 4718.661967
v 3954.360030 554.280004 5723.061975
v 4121.760032 472.440004 5704.461975
v 4702.080036 528.240004 4670.301967
v 4586.760035 825.840006 4718.661967
v 4121.760032 472.440004 5704.461975
v 4702.080036 528.240004 4670.301967
v 4121.760032 472.440004 5704.461975
v 4177.560032 327.360003 5674.701975
v 3455.880027 3340.560026 -1467.698080
v 4605.360035 3340.560026 -1467.698080
v 4471.440034 3467.040027 -2111.258085
v 3455.880027 3340.560026 -1467.698080
v 4471.440034 3467.040027 -2111.258085
v 4092.000031 3545.160027 -2490.698088
v 3455.880027 3340.560026 -1467.698080
v 4092.000031 3545.160027 -2490.698088
v 3455.880027 3571.200027 -2624.618089
v 3455.880027 3340.560026 -1467.698080
v 3455.880027 3571.200027 -2624.618089
v 2819.760022 3545.160027 -2490.698088
v 3455.880027 3340.560026 -1467.698080
v 2819.760022 3545.160027 -2490.698088
v 2444.040019 3467.040027 -2111.258085
v 3455.880027 3340.560026 -1467.698080
v 2444.040019 3467.040027 -2111.258085
v 2310.120018 3340.560026 -1467.698080
v 3455.880027 3340.560026 -1467.698080
v 2310.120018 3340.560026 -1467.698080
v 2444.040019 3210.360025 -827.858075
v 3455.880027 3340.560026 -1467.698080
v 2444.040019 3210.360025 -827.858075
v 2819.760022 3135.960024 -444.698072
v 3455.880027 3340.560026 -1467.698080
v 2819.760022 3135.960024 -444.698072
v 3455.880027 3109.920024 -310.778071
v 3455.880027 3340.560026 -1467.698080
v 3455.880027 3109.920024 -310.778071
v 4092.000031 3135.960024 -444.698072
v 3455.880027 3340.560026 -1467.698080
v 4092.000031 3135.960024 -444.698072
v 4471.440034 3210.360025 -827.858075
v 3455.880027 3340.560026 -1467.698080
v 4471.440034 3210.360025 -827.858075
v 4605.360035 3340.560026 -1467.698080
v 3653.040028 323.640002 5674.701975
v 4121.760032 178.560001 5648.661975
v 4177.560032 327.360003 5674.701975
v 3653.040028 323.640002 5674.701975
v 3954.360030 96.720001 5630.061974
v 4121.760032 178.560001 5648.661975
v 3653.040028 323.640002 5674.701975
v 3653.040028 66.960001 5626.341974
v 3954.360030 96.720001 5630.061974
v 3653.040028 323.640002 5674.701975
v 3351.720026 96.720001 5630.061974
v 3653.040028 66.960001 5626.341974
v 3653.040028 323.640002 5674.701975
v 3188.040025 174.840001 5644.941975
v 3351.720026 96.720001 5630.061974
v 3653.040028 323.640002 5674.701975
v 3128.520024 323.640002 5674.701975
v 3188.040025 174.840001 5644.941975
v 3653.040028 323.640002 5674.701975
v 3188.040025 472.440004 5704.461975
v 3128.520024 323.640002 5674.701975
v 3653.040028 323.640002 5674.701975
v 3351.720026 554.280004 5723.061975
v 3188.040025 472.440004 5704.461975
v 3653.040028 323.640002 5674.701975
v 3653.040028 580.320004 5726.781975
v 3351.720026 554.280004 5723.061975
v 3653.040028 323.640002 5674.701975
v 3954.360030 554.280004 5723.061975
v 3653.040028 580.320004 5726.781975
v 3653.040028 323.640002 5674.701975
v 4121.760032 472.440004 5704.461975
v 3954.360030 554.280004 5723.061975
v 3653.040028 323.640002 5674.701975
v 4177.560032 327.360003 5674.701975
v 4121.760032 472.440004 5704.461975
v 5409.841926 25556.495826 1736.544386
v 5571.720584 25556.495826 403.426023
v 5571.720584 26014.925304 403.426023
v 5409.841926 25556.495826 1736.544386
v 5571.720584 26014.925304 403.426023
v 5409.841926 26014.925304 1736.544386
v 4933.728225 25556.495826 2992.974434
v 5409.841926 25556.495826 1736.544386
v 5409.841926 26014.925304 1736.544386
v 4933.728225 25556.495826 2992.974434
v 5409.841926 26014.925304 1736.544386
v 4933.728225 26014.925304 2992.974434
v 4170.415938 25556.495826 4098.408423
v 4933.728225 25556.495826 2992.974434
v 4933.728225 26014.925304 2992.974434
v 4170.415938 25556.495826 4098.408423
v 4933.728225 26014.925304 2992.974434
v 4170.415938 26014.925304 4098.408423
v 3165.135867 25556.495826 4988.911084
v 4170.415938 25556.495826 4098.408423
v 4170.415938 26014.925304 4098.408423
v 3165.135867 25556.495826 4988.911084
v 4170.415938 26014.925304 4098.408423
v 3165.135867 26014.925304 4988.911084
v 1976.041899 25556.495826 5613.300195
v 3165.135867 25556.495826 4988.911084
v 3165.135867 26014.925304 4988.911084
v 1976.041899 25556.495826 5613.300195
v 3165.135867 26014.925304 4988.911084
v 1976.041899 26014.925304 5613.300195
v 671.320318 25556.495826 5934.336862
v 1976.041899 25556.495826 5613.300195
v 1976.041899 26014.925304 5613.300195
v 671.320318 25556.495826 5934.336862
v 1976.041899 26014.925304 5613.300195
v 671.320318 26014.925304 5934.336862
v -671.320318 25556.495826 5934.336862
v 671.320318 25556.495826 5934.336862
v 671.320318 26014.925304 5934.336862
v -671.320318 25556.495826 5934.336862
v 671.320318 26014.925304 5934.336862
v -671.320318 26014.925304 5934.336862
v -1976.041899 25556.495826 5613.300195
v -671.320318 25556.495826 5934.336862
v -671.320318 26014.925304 5934.336862
v -1976.041899 25556.495826 5613.300195
v -671.320318 26014.925304 5934.336862
v -1976.041899 26014.925304 5613.300195
v -3165.135867 25556.495826 4988.911084
v -1976.041899 25556.495826 5613.300195
v -1976.041899 26014.925304 5613.300195
v -3165.135867 25556.495826 4988.911084
v -1976.041899 26014.925304 5613.300195
v -3165.135867 26014.925304 4988.911084
v -4170.415938 25556.495826 4098.408423
v -3165.135867 25556.495826 4988.911084
v -3165.135867 26014.925304 4988.911084
v -4170.415938 25556.495826 4098.408423
v -3165.135867 26014.925304 4988.911084
v -4170.415938 26014.925304 4098.408423
v -4933.728225 25556.495826 2992.974434
v -4170.415938 25556.495826 4098.408423
v -4170.415938 26014.925304 4098.408423
v -4933.728225 25556.495826 2992.974434
v -4170.415938 26014.925304 4098.408423
v -4933.728225 26014.925304 2992.974434
v -5409.841926 25556.495826 1736.544386
v -4933.728225 25556.495826 2992.974434
v -4933.728225 26014.925304 2992.974434
v -5409.841926 25556.495826 1736.544386
v -4933.728225 26014.925304 2992.974434
v -5409.841926 26014.925304 1736.544386
v -5571.720584 25556.495826 403.426023
v -5409.841926 25556.495826 1736.544386
v -5409.841926 26014.925304 1736.544386
v -5571.720584 25556.495826 403.426023
v -5409.841926 26014.925304 1736.544386
v -5571.720584 26014.925304 403.426023
v -5409.841926 25556.495826 -929.692339
v -5571.720584 25556.495826 403.426023
v -5571.720584 26014.925304 403.426023
v -5409.841926 25556.495826 -929.692339
v -5571.720584 26014.925304 403.426023
v -5409.841926 26014.925304 -929.692339
v -4933.728225 25556.495826 -2186.122388
v -5409.841926 25556.495826 -929.692339
v -5409.841926 26014.925304 -929.692339
v -4933.728225 25556.495826 -2186.122388
v -5409.841926 26014.925304 -929.692339
v -4933.728225 26014.925304 -2186.122388
v -4170.415938 25556.495826 -3291.556377
v -4933.728225 25556.495826 -2186.122388
v -4933.728225 26014.925304 -2186.122388
v -4170.415938 25556.495826 -3291.556377
v -4933.728225 26014.925304 -2186.122388
v -4170.415938 26014.925304 -3291.556377
v -3165.135867 25556.495826 -4182.059038
v -4170.415938 25556.495826 -3291.556377
v -4170.415938 26014.925304 -3291.556377
v -3165.135867 25556.495826 -4182.059038
v -4170.415938 26014.925304 -3291.556377
v -3165.135867 26014.925304 -4182.059038
v -1976.041899 25556.495826 -4806.448148
v -3165.135867 25556.495826 -4182.059038
v -3165.135867 26014.925304 -4182.059038
v -1976.041899 25556.495826 -4806.448148
v -3165.135867 26014.925304 -4182.059038
v -1976.041899 26014.925304 -4806.448148
v -671.320318 25556.495826 -5127.484815
v -1976.041899 25556.495826 -4806.448148
v -1976.041899 26014.925304 -4806.448148
v -671.320318 25556.495826 -5127.484815
v -1976.041899 26014.925304 -4806.448148
v -671.320318 26014.925304 -5127.484815
v 671.320318 25556.495826 -5127.484815
v -671.320318 25556.495826 -5127.484815
v -671.320318 26014.925304 -5127.484815
v 671.320318 25556.495826 -5127.484815
v -671.320318 26014.925304 -5127.484815
v 671.320318 26014.925304 -5127.484815
v 1976.041899 25556.495826 -4806.448148
v 671.320318 25556.495826 -5127.484815
v 671.320318 26014.925304 -5127.484815
v 1976.041899 25556.495826 -4806.448148
v 671.320318 26014.925304 -5127.484815
v 1976.041899 26014.925304 -4806.448148
v 3165.135867 25556.495826 -4182.059038
v 1976.041899 25556.495826 -4806.448148
v 1976.041899 26014.925304 -4806.448148
v 3165.135867 25556.495826 -4182.059038
v 1976.041899 26014.925304 -4806.448148
v 3165.135867 26014.925304 -4182.059038
v 4170.415938 25556.495826 -3291.556377
v 3165.135867 25556.495826 -4182.059038
v 3165.135867 26014.925304 -4182.059038
v 4170.415938 25556.495826 -3291.556377
v 3165.135867 26014.925304 -4182.059038
v 4170.415938 26014.925304 -3291.556377
v 4933.728225 25556.495826 -2186.122388
v 4170.415938 25556.495826 -3291.556377
v 4170.415938 26014.925304 -3291.556377
v 4933.728225 25556.495826 -2186.122388
v 4170.415938 26014.925304 -3291.556377
v 4933.728225 26014.925304 -2186.122388
v 5409.841926 25556.495826 -929.692339
v 4933.728225 25556.495826 -2186.122388
v 4933.728225 26014.925304 -2186.122388
v 5409.841926 25556.495826 -929.692339
v 4933.728225 26014.925304 -2186.122388
v 5409.841926 26014.925304 -929.692339
v 5571.720584 25556.495826 403.426023
v 5409.841926 25556.495826 -929.692339
v 5409.841926 26014.925304 -929.692339
v 5571.720584 25556.495826 403.426023
v 5409.841926 26014.925304 -929.692339
v 5571.720584 26014.925304 403.426023
v 5409.841926 26014.925304 1736.544386
v 5571.720584 26014.925304 403.426023
v 5178.586700 26342.933636 403.426023
v 5409.841926 26014.925304 1736.544386
v 5178.586700 26342.933636 403.426023
v 5028.270803 26342.933636 1642.681970
v 4933.728225 26014.925304 2992.974434
v 5409.841926 26014.925304 1736.544386
v 5028.270803 26342.933636 1642.681970
v 4933.728225 26014.925304 2992.974434
v 5028.270803 26342.933636 1642.681970
v 4585.485061 26342.933636 2810.010741
v 4170.415938 26014.925304 4098.408423
v 4933.728225 26014.925304 2992.974434
v 4585.485061 26342.933636 2810.010741
v 4170.415938 26014.925304 4098.408423
v 4585.485061 26342.933636 2810.010741
v 3875.905606 26342.933636 3837.226050
v 3165.135867 26014.925304 4988.911084
v 4170.415938 26014.925304 4098.408423
v 3875.905606 26342.933636 3837.226050
v 3165.135867 26014.925304 4988.911084
v 3875.905606 26342.933636 3837.226050
v 2942.042590 26342.933636 4665.153768
v 1976.041899 26014.925304 5613.300195
v 3165.135867 26014.925304 4988.911084
v 2942.042590 26342.933636 4665.153768
v 1976.041899 26014.925304 5613.300195
v 2942.042590 26342.933636 4665.153768
v 1836.608601 26342.933636 5245.332321
v 671.320318 26014.925304 5934.336862
v 1976.041899 26014.925304 5613.300195
v 1836.608601 26342.933636 5245.332321
v 671.320318 26014.925304 5934.336862
v 1836.608601 26342.933636 5245.332321
v 624.389111 26342.933636 5543.923627
v -671.320318 26014.925304 5934.336862
v 671.320318 26014.925304 5934.336862
v 624.389111 26342.933636 5543.923627
v -671.320318 26014.925304 5934.336862
v 624.389111 26342.933636 5543.923627
v -624.389111 26342.933636 5543.923627
v -1976.041899 26014.925304 5613.300195
v -671.320318 26014.925304 5934.336862
v -624.389111 26342.933636 5543.923627
v -1976.041899 26014.925304 5613.300195
v -624.389111 26342.933636 5543.923627
v -1836.608601 26342.933636 5245.332321
v -3165.135867 26014.925304 4988.911084
v -1976.041899 26014.925304 5613.300195
v -1836.608601 26342.933636 5245.332321
v -3165.135867 26014.925304 4988.911084
v -1836.608601 26342.933636 5245.332321
v -2942.042590 26342.933636 4665.153768
v -4170.415938 26014.925304 4098.408423
v -3165.135867 26014.925304 4988.911084
v -2942.042590 26342.933636 4665.153768
v -4170.415938 26014.925304 4098.408423
v -2942.042590 26342.933636 4665.153768
v -3875.905606 26342.933636 3837.226050
v -4933.728225 26014.925304 2992.974434
v -4170.415938 26014.925304 4098.408423
v -3875.905606 26342.933636 3837.226050
v -4933.728225 26014.925304 2992.974434
v -3875.905606 26342.933636 3837.226050
v -4585.485061 26342.933636 2810.010741
v -5409.841926 26014.925304 1736.544386
v -4933.728225 26014.925304 2992.974434
v -4585.485061 26342.933636 2810.010741
v -5409.841926 26014.925304 1736.544386
v -4585.485061 26342.933636 2810.010741
v -5028.270803 26342.933636 1642.681970
v -5571.720584 26014.925304 403.426023
v -5409.841926 26014.925304 1736.544386
v -5028.270803 26342.933636 1642.681970
v -5571.720584 26014.925304 403.426023
v -5028.270803 26342.933636 1642.681970
v -5178.586700 26342.933636 403.426023
v -5409.841926 26014.925304 -929.692339
v -5571.720584 26014.925304 403.426023
v -5178.586700 26342.933636 403.426023
v -5409.841926 26014.925304 -929.692339
v -5178.586700 26342.933636 403.426023
v -5028.270803 26342.933636 -835.829924
v -4933.728225 26014.925304 -2186.122388
v -5409.841926 26014.925304 -929.692339
v -5028.270803 26342.933636 -835.829924
v -4933.728225 26014.925304 -2186.122388
v -5028.270803 26342.933636 -835.829924
v -4585.485061 26342.933636 -2003.158694
v -4170.415938 26014.925304 -3291.556377
v -4933.728225 26014.925304 -2186.122388
v -4585.485061 26342.933636 -2003.158694
v -4170.415938 26014.925304 -3291.556377
v -4585.485061 26342.933636 -2003.158694
v -3875.905606 26342.933636 -3030.374004
v -3165.135867 26014.925304 -4182.059038
v -4170.415938 26014.925304 -3291.556377
v -3875.905606 26342.933636 -3030.374004
v -3165.135867 26014.925304 -4182.059038
v -3875.905606 26342.933636 -3030.374004
v -2942.042590 26342.933636 -3858.301721
v -1976.041899 26014.925304 -4806.448148
v -3165.135867 26014.925304 -4182.059038
v -2942.042590 26342.933636 -3858.301721
v -1976.041899 26014.925304 -4806.448148
v -2942.042590 26342.933636 -3858.301721
v -1836.608601 26342.933636 -4438.480274
v -671.320318 26014.925304 -5127.484815
v -1976.041899 26014.925304 -4806.448148
v -1836.608601 26342.933636 -4438.480274
v -671.320318 26014.925304 -5127.484815
v -1836.608601 26342.933636 -4438.480274
v -624.389111 26342.933636 -4737.071581
v 671.320318 26014.925304 -5127.484815
v -671.320318 26014.925304 -5127.484815
v -624.389111 26342.933636 -4737.071581
v 671.320318 26014.925304 -5127.484815
v -624.389111 26342.933636 -4737.071581
v 624.389111 26342.933636 -4737.071581
v 1976.041899 26014.925304 -4806.448148
v 671.320318 26014.925304 -5127.484815
v 624.389111 26342.933636 -4737.071581
v 1976.041899 26014.925304 -4806.448148
v 624.389111 26342.933636 -4737.071581
v 1836.608601 26342.933636 -4438.480274
v 3165.135867 26014.925304 -4182.059038
v 1976.041899 26014.925304 -4806.448148
v 1836.608601 26342.933636 -4438.480274
v 3165.135867 26014.925304 -4182.059038
v 1836.608601 26342.933636 -4438.480274
v 2942.042590 26342.933636 -3858.301721
v 4170.415938 26014.925304 -3291.556377
v 3165.135867 26014.925304 -4182.059038
v 2942.042590 26342.933636 -3858.301721
v 4170.415938 26014.925304 -3291.556377
v 2942.042590 26342.933636 -3858.301721
v 3875.905606 26342.933636 -3030.374004
v 4933.728225 26014.925304 -2186.122388
v 4170.415938 26014.925304 -3291.556377
v 3875.905606 26342.933636 -3030.374004
v 4933.728225 26014.925304 -2186.122388
v 3875.905606 26342.933636 -3030.374004
v 4585.485061 26342.933636 -2003.158694
v 5409.841926 26014.925304 -929.692339
v 4933.728225 26014.925304 -2186.122388
v 4585.485061 26342.933636 -2003.158694
v 5409.841926 26014.925304 -929.692339
v 4585.485061 26342.933636 -2003.158694
v 5028.270803 26342.933636 -835.829924
v 5571.720584 26014.925304 403.426023
v 5409.841926 26014.925304 -929.692339
v 5028.270803 26342.933636 -835.829924
v 5571.720584 26014.925304 403.426023
v 5028.270803 26342.933636 -835.829924
v 5178.586700 26342.933636 403.426023
v 5028.270803 26342.933636 1642.681970
v 5178.586700 26342.933636 403.426023
v 1638.681334 26408.229229 403.426023
v 5028.270803 26342.933636 1642.681970
v 1638.681334 26408.229229 403.426023
v 1591.069964 26408.229229 795.879745
v 4585.485061 26342.933636 2810.010741
v 5028.270803 26342.933636 1642.681970
v 1591.069964 26408.229229 795.879745
v 4585.485061 26342.933636 2810.010741
v 1591.069964 26408.229229 795.879745
v 1450.956503 26408.229229 1165.207945
v 3875.905606 26342.933636 3837.226050
v 4585.485061 26342.933636 2810.010741
v 1450.956503 26408.229229 1165.207945
v 3875.905606 26342.933636 3837.226050
v 1450.956503 26408.229229 1165.207945
v 1226.332861 26408.229229 1490.325586
v 2942.042590 26342.933636 4665.153768
v 3875.905606 26342.933636 3837.226050
v 1226.332861 26408.229229 1490.325586
v 2942.042590 26342.933636 4665.153768
v 1226.332861 26408.229229 1490.325586
v 931.142366 26408.229229 1752.188122
v 1836.608601 26342.933636 5245.332321
v 2942.042590 26342.933636 4665.153768
v 931.142366 26408.229229 1752.188122
v 1836.608601 26342.933636 5245.332321
v 931.142366 26408.229229 1752.188122
v 580.858715 26408.229229 1936.002018
v 624.389111 26342.933636 5543.923627
v 1836.608601 26342.933636 5245.332321
v 580.858715 26408.229229 1936.002018
v 624.389111 26342.933636 5543.923627
v 580.858715 26408.229229 1936.002018
v 197.247105 26408.229229 2030.544596
v -624.389111 26342.933636 5543.923627
v 624.389111 26342.933636 5543.923627
v 197.247105 26408.229229 2030.544596
v -624.389111 26342.933636 5543.923627
v 197.247105 26408.229229 2030.544596
v -197.247105 26408.229229 2030.544596
v -1836.608601 26342.933636 5245.332321
v -624.389111 26342.933636 5543.923627
v -197.247105 26408.229229 2030.544596
v -1836.608601 26342.933636 5245.332321
v -197.247105 26408.229229 2030.544596
v -580.858715 26408.229229 1936.002018
v -2942.042590 26342.933636 4665.153768
v -1836.608601 26342.933636 5245.332321
v -580.858715 26408.229229 1936.002018
v -2942.042590 26342.933636 4665.153768
v -580.858715 26408.229229 1936.002018
v -931.142366 26408.229229 1752.188122
v -3875.905606 26342.933636 3837.226050
v -2942.042590 26342.933636 4665.153768
v -931.142366 26408.229229 1752.188122
v -3875.905606 26342.933636 3837.226050
v -931.142366 26408.229229 1752.188122
v -1226.332861 26408.229229 1490.325586
v -4585.485061 26342.933636 2810.010741
v -3875.905606 26342.933636 3837.226050
v -1226.332861 26408.229229 1490.325586
v -4585.485061 26342.933636 2810.010741
v -1226.332861 26408.229229 1490.325586
v -1450.956503 26408.229229 1165.207945
v -5028.270803 26342.933636 1642.681970
v -4585.485061 26342.933636 2810.010741
v -1450.956503 26408.229229 1165.207945
v -5028.270803 26342.933636 1642.681970
v -1450.956503 26408.229229 1165.207945
v -1591.069964 26408.229229 795.879745
v -5178.586700 26342.933636 403.426023
v -5028.270803 26342.933636 1642.681970
v -1591.069964 26408.229229 795.879745
v -5178.586700 26342.933636 403.426023
v -1591.069964 26408.229229 795.879745
v -1638.681334 26408.229229 403.426023
v -5028.270803 26342.933636 -835.829924
v -5178.586700 26342.933636 403.426023
v -1638.681334 26408.229229 403.426023
v -5028.270803 26342.933636 -835.829924
v -1638.681334 26408.229229 403.426023
v -1591.069964 26408.229229 10.972301
v -4585.485061 26342.933636 -2003.158694
v -5028.270803 26342.933636 -835.829924
v -1591.069964 26408.229229 10.972301
v -4585.485061 26342.933636 -2003.158694
v -1591.069964 26408.229229 10.972301
v -1450.956503 26408.229229 -358.355898
v -3875.905606 26342.933636 -3030.374004
v -4585.485061 26342.933636 -2003.158694
v -1450.956503 26408.229229 -358.355898
v -3875.905606 26342.933636 -3030.374004
v -1450.956503 26408.229229 -358.355898
v -1226.332861 26408.229229 -683.473540
v -2942.042590 26342.933636 -3858.301721
v -3875.905606 26342.933636 -3030.374004
v -1226.332861 26408.229229 -683.473540
v -2942.042590 26342.933636 -3858.301721
v -1226.332861 26408.229229 -683.473540
v -931.142366 26408.229229 -945.336075
v -1836.608601 26342.933636 -4438.480274
v -2942.042590 26342.933636 -3858.301721
v -931.142366 26408.229229 -945.336075
v -1836.608601 26342.933636 -4438.480274
v -931.142366 26408.229229 -945.336075
v -580.858715 26408.229229 -1129.149972
v -624.389111 26342.933636 -4737.071581
v -1836.608601 26342.933636 -4438.480274
v -580.858715 26408.229229 -1129.149972
v -624.389111 26342.933636 -4737.071581
v -580.858715 26408.229229 -1129.149972
v -197.247105 26408.229229 -1223.692549
v 624.389111 26342.933636 -4737.071581
v -624.389111 26342.933636 -4737.071581
v -197.247105 26408.229229 -1223.692549
v 624.389111 26342.933636 -4737.071581
v -197.247105 26408.229229 -1223.692549
v 197.247105 26408.229229 -1223.692549
v 1836.608601 26342.933636 -4438.480274
v 624.389111 26342.933636 -4737.071581
v 197.247105 26408.229229 -1223.692549
v 1836.608601 26342.933636 -4438.480274
v 197.247105 26408.229229 -1223.692549
v 580.858715 26408.229229 -1129.149972
v 2942.042590 26342.933636 -3858.301721
v 1836.608601 26342.933636 -4438.480274
v 580.858715 26408.229229 -1129.149972
v 2942.042590 26342.933636 -3858.301721
v 580.858715 26408.229229 -1129.149972
v 931.142366 26408.229229 -945.336075
v 3875.905606 26342.933636 -3030.374004
v 2942.042590 26342.933636 -3858.301721
v 931.142366 26408.229229 -945.336075
v 3875.905606 26342.933636 -3030.374004
v 931.142366 26408.229229 -945.336075
v 1226.332861 26408.229229 -683.473540
v 4585.485061 26342.933636 -2003.158694
v 3875.905606 26342.933636 -3030.374004
v 1226.332861 26408.229229 -683.473540
v 4585.485061 26342.933636 -2003.158694
v 1226.332861 26408.229229 -683.473540
v 1450.956503 26408.229229 -358.355898
v 5028.270803 26342.933636 -835.829924
v 4585.485061 26342.933636 -2003.158694
v 1450.956503 26408.229229 -358.355898
v 5028.270803 26342.933636 -835.829924
v 1450.956503 26408.229229 -358.355898
v 1591.069964 26408.229229 10.972301
v 5178.586700 26342.933636 403.426023
v 5028.270803 26342.933636 -835.829924
v 1591.069964 26408.229229 10.972301
v 5178.586700 26342.933636 403.426023
v 1591.069964 26408.229229 10.972301
v 1638.681334 26408.229229 403.426023
v 1591.069964 26408.229229 795.879745
v 1638.681334 26408.229229 403.426023
v 1638.681334 26539.500578 403.426023
v 1591.069964 26408.229229 795.879745
v 1638.681334 26539.500578 403.426023
v 1591.069964 26539.500578 795.879745
v 1450.956503 26408.229229 1165.207945
v 1591.069964 26408.229229 795.879745
v 1591.069964 26539.500578 795.879745
v 1450.956503 26408.229229 1165.207945
v 1591.069964 26539.500578 795.879745
v 1450.956503 26539.500578 1165.207945
v 1226.332861 26408.229229 1490.325586
v 1450.956503 26408.229229 1165.207945
v 1450.956503 26539.500578 1165.207945
v 1226.332861 26408.229229 1490.325586
v 1450.956503 26539.500578 1165.207945
v 1226.332861 26539.500578 1490.325586
v 931.142366 26408.229229 1752.188122
v 1226.332861 26408.229229 1490.325586
v 1226.332861 26539.500578 1490.325586
v 931.142366 26408.229229 1752.188122
v 1226.332861 26539.500578 1490.325586
v 931.142366 26539.500578 1752.188122
v 580.858715 26408.229229 1936.002018
v 931.142366 26408.229229 1752.188122
v 931.142366 26539.500578 1752.188122
v 580.858715 26408.229229 1936.002018
v 931.142366 26539.500578 1752.188122
v 580.858715 26539.500578 1936.002018
v 197.247105 26408.229229 2030.544596
v 580.858715 26408.229229 1936.002018
v 580.858715 26539.500578 1936.002018
v 197.247105 26408.229229 2030.544596
v 580.858715 26539.500578 1936.002018
v 197.247105 26539.500578 2030.544596
v -197.247105 26408.229229 2030.544596
v 197.247105 26408.229229 2030.544596
v 197.247105 26539.500578 2030.544596
v -197.247105 26408.229229 2030.544596
v 197.247105 26539.500578 2030.544596
v -197.247105 26539.500578 2030.544596
v -580.858715 26408.229229 1936.002018
v -197.247105 26408.229229 2030.544596
v -197.247105 26539.500578 2030.544596
v -580.858715 26408.229229 1936.002018
v -197.247105 26539.500578 2030.544596
v -580.858715 26539.500578 1936.002018
v -931.142366 26408.229229 1752.188122
v -580.858715 26408.229229 1936.002018
v -580.858715 26539.500578 1936.002018
v -931.142366 26408.229229 1752.188122
v -580.858715 26539.500578 1936.002018
v -931.142366 26539.500578 1752.188122
v -1226.332861 26408.229229 1490.325586
v -931.142366 26408.229229 1752.188122
v -931.142366 26539.500578 1752.188122
v -1226.332861 26408.229229 1490.325586
v -931.142366 26539.500578 1752.188122
v -1226.332861 26539.500578 1490.325586
v -1450.956503 26408.229229 1165.207945
v -1226.332861 26408.229229 1490.325586
v -1226.332861 26539.500578 1490.325586
v -1450.956503 26408.229229 1165.207945
v -1226.332861 26539.500578 1490.325586
v -1450.956503 26539.500578 1165.207945
v -1591.069964 26408.229229 795.879745
v -1450.956503 26408.229229 1165.207945
v -1450.956503 26539.500578 1165.207945
v -1591.069964 26408.229229 795.879745
v -1450.956503 26539.500578 1165.207945
v -1591.069964 26539.500578 795.879745
v -1638.681334 26408.229229 403.426023
v -1591.069964 26408.229229 795.879745
v -1591.069964 26539.500578 795.879745
v -1638.681334 26408.229229 403.426023
v -1591.069964 26539.500578 795.879745
v -1638.681334 26539.500578 403.426023
v -1591.069964 26408.229229 10.972301
v -1638.681334 26408.229229 403.426023
v -1638.681334 26539.500578 403.426023
v -1591.069964 26408.229229 10.972301
v -1638.681334 26539.500578 403.426023
v -1591.069964 26539.500578 10.972301
v -1450.956503 26408.229229 -358.355898
v -1591.069964 26408.229229 10.972301
v -1591.069964 26539.500578 10.972301
v -1450.956503 26408.229229 -358.355898
v -1591.069964 26539.500578 10.972301
v -1450.956503 26539.500578 -358.355898
v -1226.332861 26408.229229 -683.473540
v -1450.956503 26408.229229 -358.355898
v -1450.956503 26539.500578 -358.355898
v -1226.332861 26408.229229 -683.473540
v -1450.956503 26539.500578 -358.355898
v -1226.332861 26539.500578 -683.473540
v -931.142366 26408.229229 -945.336075
v -1226.332861 26408.229229 -683.473540
v -1226.332861 26539.500578 -683.473540
v -931.142366 26408.229229 -945.336075
v -1226.332861 26539.500578 -683.473540
v -931.142366 26539.500578 -945.336075
v -580.858715 26408.229229 -1129.149972
v -931.142366 26408.229229 -945.336075
v -931.142366 26539.500578 -945.336075
v -580.858715 26408.229229 -1129.149972
v -931.142366 26539.500578 -945.336075
v -580.858715 26539.500578 -1129.149972
v -197.247105 26408.229229 -1223.692549
v -580.858715 26408.229229 -1129.149972
v -580.858715 26539.500578 -1129.149972
v -197.247105 26408.229229 -1223.692549
v -580.858715 26539.500578 -1129.149972
v -197.247105 26539.500578 -1223.692549
v 197.247105 26408.229229 -1223.692549
v -197.247105 26408.229229 -1223.692549
v -197.247105 26539.500578 -1223.692549
v 197.247105 26408.229229 -1223.692549
v -197.247105 26539.500578 -1223.692549
v 197.247105 26539.500578 -1223.692549
v 580.858715 26408.229229 -1129.149972
v 197.247105 26408.229229 -1223.692549
v 197.247105 26539.500578 -1223.692549
v 580.858715 26408.229229 -1129.149972
v 197.247105 26539.500578 -1223.692549
v 580.858715 26539.500578 -1129.149972
v 931.142366 26408.229229 -945.336075
v 580.858715 26408.229229 -1129.149972
v 580.858715 26539.500578 -1129.149972
v 931.142366 26408.229229 -945.336075
v 580.858715 26539.500578 -1129.149972
v 931.142366 26539.500578 -945.336075
v 1226.332861 26408.229229 -683.473540
v 931.142366 26408.229229 -945.336075
v 931.142366 26539.500578 -945.336075
v 1226.332861 26408.229229 -683.473540
v 931.142366 26539.500578 -945.336075
v 1226.332861 26539.500578 -683.473540
v 1450.956503 26408.229229 -358.355898
v 1226.332861 26408.229229 -683.473540
v 1226.332861 26539.500578 -683.473540
v 1450.956503 26408.229229 -358.355898
v 1226.332861 26539.500578 -683.473540
v 1450.956503 26539.500578 -358.355898
v 1591.069964 26408.229229 10.972301
v 1450.956503 26408.229229 -358.355898
v 1450.956503 26539.500578 -358.355898
v 1591.069964 26408.229229 10.972301
v 1450.956503 26539.500578 -358.355898
v 1591.069964 26539.500578 10.972301
v 1638.681334 26408.229229 403.426023
v 1591.069964 26408.229229 10.972301
v 1591.069964 26539.500578 10.972301
v 1638.681334 26408.229229 403.426023
v 1591.069964 26539.500578 10.972301
v 1638.681334 26539.500578 403.426023
v 0.000000 25556.495826 403.426023
v 5571.720584 25556.495826 403.426023
v 5409.841926 25556.495826 1736.544386
v 0.000000 25556.495826 403.426023
v 5409.841926 25556.495826 1736.544386
v 4933.728225 25556.495826 2992.974434
v 0.000000 25556.495826 403.426023
v 4933.728225 25556.495826 2992.974434
v 4170.415938 25556.495826 4098.408423
v 0.000000 25556.495826 403.426023
v 4170.415938 25556.495826 4098.408423
v 3165.135867 25556.495826 4988.911084
v 0.000000 25556.495826 403.426023
v 3165.135867 25556.495826 4988.911084
v 1976.041899 25556.495826 5613.300195
v 0.000000 25556.495826 403.426023
v 1976.041899 25556.495826 5613.300195
v 671.320318 25556.495826 5934.336862
v 0.000000 25556.495826 403.426023
v 671.320318 25556.495826 5934.336862
v -671.320318 25556.495826 5934.336862
v 0.000000 25556.495826 403.426023
v -671.320318 25556.495826 5934.336862
v -1976.041899 25556.495826 5613.300195
v 0.000000 25556.495826 403.426023
v -1976.041899 25556.495826 5613.300195
v -3165.135867 25556.495826 4988.911084
v 0.000000 25556.495826 403.426023
v -3165.135867 25556.495826 4988.911084
v -4170.415938 25556.495826 4098.408423
v 0.000000 25556.495826 403.426023
v -4170.415938 25556.495826 4098.408423
v -4933.728225 25556.495826 2992.974434
v 0.000000 25556.495826 403.426023
v -4933.728225 25556.495826 2992.974434
v -5409.841926 25556.495826 1736.544386
v 0.000000 25556.495826 403.426023
v -5409.841926 25556.495826 1736.544386
v -5571.720584 25556.495826 403.426023
v 0.000000 25556.495826 403.426023
v -5571.720584 25556.495826 403.426023
v -5409.841926 25556.495826 -929.692339
v 0.000000 25556.495826 403.426023
v -5409.841926 25556.495826 -929.692339
v -4933.728225 25556.495826 -2186.122388
v 0.000000 25556.495826 403.426023
v -4933.728225 25556.495826 -2186.122388
v -4170.415938 25556.495826 -3291.556377
v 0.000000 25556.495826 403.426023
v -4170.415938 25556.495826 -3291.556377
v -3165.135867 25556.495826 -4182.059038
v 0.000000 25556.495826 403.426023
v -3165.135867 25556.495826 -4182.059038
v -1976.041899 25556.495826 -4806.448148
v 0.000000 25556.495826 403.426023
v -1976.041899 25556.495826 -4806.448148
v -671.320318 25556.495826 -5127.484815
v 0.000000 25556.495826 403.426023
v -671.320318 25556.495826 -5127.484815
v 671.320318 25556.495826 -5127.484815
v 0.000000 25556.495826 403.426023
v 671.320318 25556.495826 -5127.484815
v 1976.041899 25556.495826 -4806.448148
v 0.000000 25556.495826 403.426023
v 1976.041899 25556.495826 -4806.448148
v 3165.135867 25556.495826 -4182.059038
v 0.000000 25556.495826 403.426023
v 3165.135867 25556.495826 -4182.059038
v 4170.415938 25556.495826 -3291.556377
v 0.000000 25556.495826 403.426023
v 4170.415938 25556.495826 -3291.556377
v 4933.728225 25556.495826 -2186.122388
v 0.000000 25556.495826 403.426023
v 4933.728225 25556.495826 -2186.122388
v 5409.841926 25556.495826 -929.692339
v 0.000000 25556.495826 403.426023
v 5409.841926 25556.495826 -929.692339
v 5571.720584 25556.495826 403.426023
v 0.000000 26539.500578 403.426023
v 1591.069964 26539.500578 795.879745
v 1638.681334 26539.500578 403.426023
v 0.000000 26539.500578 403.426023
v 1450.956503 26539.500578 1165.207945
v 1591.069964 26539.500578 795.879745
v 0.000000 26539.500578 403.426023
v 1226.332861 26539.500578 1490.325586
v 1450.956503 26539.500578 1165.207945
v 0.000000 26539.500578 403.426023
v 931.142366 26539.500578 1752.188122
v 1226.332861 26539.500578 1490.325586
v 0.000000 26539.500578 403.426023
v 580.858715 26539.500578 1936.002018
v 931.142366 26539.500578 1752.188122
v 0.000000 26539.500578 403.426023
v 197.247105 26539.500578 2030.544596
v 580.858715 26539.500578 1936.002018
v 0.000000 26539.500578 403.426023
v -197.247105 26539.500578 2030.544596
v 197.247105 26539.500578 2030.544596
v 0.000000 26539.500578 403.426023
v -580.858715 26539.500578 1936.002018
v -197.247105 26539.500578 2030.544596
v 0.000000 26539.500578 403.426023
v -931.142366 26539.500578 1752.188122
v -580.858715 26539.500578 1936.002018
v 0.000000 26539.500578 403.426023
v -1226.332861 26539.500578 1490.325586
v -931.142366 26539.500578 1752.188122
v 0.000000 26539.500578 403.426023
v -1450.956503 26539.500578 1165.207945
v -1226.332861 26539.500578 1490.325586
v 0.000000 26539.500578 403.426023
v -1591.069964 26539.500578 795.879745
v -1450.956503 26539.500578 1165.207945
v 0.000000 26539.500578 403.426023
v -1638.681334 26539.500578 403.426023
v -1591.069964 26539.500578 795.879745
v 0.000000 26539.500578 403.426023
v -1591.069964 26539.500578 10.972301
v -1638.681334 26539.500578 403.426023
v 0.000000 26539.500578 403.426023
v -1450.956503 26539.500578 -358.355898
v -1591.069964 26539.500578 10.972301
v 0.000000 26539.500578 403.426023
v -1226.332861 26539.500578 -683.473540
v -1450.956503 26539.500578 -358.355898
v 0.000000 26539.500578 403.426023
v -931.142366 26539.500578 -945.336075
v -1226.332861 26539.500578 -683.473540
v 0.000000 26539.500578 403.426023
v -580.858715 26539.500578 -1129.149972
v -931.142366 26539.500578 -945.336075
v 0.000000 26539.500578 403.426023
v -197.247105 26539.500578 -1223.692549
v -580.858715 26539.500578 -1129.149972
v 0.000000 26539.500578 403.426023
v 197.247105 26539.500578 -1223.692549
v -197.247105 26539.500578 -1223.692549
v 0.000000 26539.500578 403.426023
v 580.858715 26539.500578 -1129.149972
v 197.247105 26539.500578 -1223.692549
v 0.000000 26539.500578 403.426023
v 931.142366 26539.500578 -945.336075
v 580.858715 26539.500578 -1129.149972
v 0.000000 26539.500578 403.426023
v 1226.332861 26539.500578 -683.473540
v 931.142366 26539.500578 -945.336075
v 0.000000 26539.500578 403.426023
v 1450.956503 26539.500578 -358.355898
v 1226.332861 26539.500578 -683.473540
v 0.000000 26539.500578 403.426023
v 1591.069964 26539.500578 10.972301
v 1450.956503 26539.500578 -358.355898
v 0.000000 26539.500578 403.426023
v 1638.681334 26539.500578 403.426023
v 1591.069964 26539.500578 10.972301
v 652.955933 26539.500578 -858.275284
v 753.619972 26539.500578 -1235.255311
v 688.324379 27195.177160 -1235.255311
v 652.955933 26539.500578 -858.275284
v 688.324379 27195.177160 -1235.255311
v 595.822289 27195.177160 -890.923081
v 376.809986 26539.500578 -582.129337
v 652.955933 26539.500578 -858.275284
v 595.822289 27195.177160 -890.923081
v 376.809986 26539.500578 -582.129337
v 595.822289 27195.177160 -890.923081
v 344.162189 27195.177160 -639.262982
v 0.000000 26539.500578 -481.465298
v 376.809986 26539.500578 -582.129337
v 344.162189 27195.177160 -639.262982
v 0.000000 26539.500578 -481.465298
v 344.162189 27195.177160 -639.262982
v 0.000000 27195.177160 -546.760891
v -376.809986 26539.500578 -582.129337
v 0.000000 26539.500578 -481.465298
v 0.000000 27195.177160 -546.760891
v -376.809986 26539.500578 -582.129337
v 0.000000 27195.177160 -546.760891
v -344.162189 27195.177160 -639.262982
v -652.955933 26539.500578 -858.275284
v -376.809986 26539.500578 -582.129337
v -344.162189 27195.177160 -639.262982
v -652.955933 26539.500578 -858.275284
v -344.162189 27195.177160 -639.262982
v -595.822289 27195.177160 -890.923081
v -753.619972 26539.500578 -1235.255311
v -652.955933 26539.500578 -858.275284
v -595.822289 27195.177160 -890.923081
v -753.619972 26539.500578 -1235.255311
v -595.822289 27195.177160 -890.923081
v -688.324379 27195.177160 -1235.255311
v -652.955933 26539.500578 -1612.065297
v -753.619972 26539.500578 -1235.255311
v -688.324379 27195.177160 -1235.255311
v -652.955933 26539.500578 -1612.065297
v -688.324379 27195.177160 -1235.255311
v -595.822289 27195.177160 -1579.417500
v -376.809986 26539.500578 -1888.211243
v -652.955933 26539.500578 -1612.065297
v -595.822289 27195.177160 -1579.417500
v -376.809986 26539.500578 -1888.211243
v -595.822289 27195.177160 -1579.417500
v -344.162189 27195.177160 -1831.077599
v 0.000000 26539.500578 -1988.875283
v -376.809986 26539.500578 -1888.211243
v -344.162189 27195.177160 -1831.077599
v 0.000000 26539.500578 -1988.875283
v -344.162189 27195.177160 -1831.077599
v 0.000000 27195.177160 -1923.579690
v 376.809986 26539.500578 -1888.211243
v 0.000000 26539.500578 -1988.875283
v 0.000000 27195.177160 -1923.579690
v 376.809986 26539.500578 -1888.211243
v 0.000000 27195.177160 -1923.579690
v 344.162189 27195.177160 -1831.077599
v 652.955933 26539.500578 -1612.065297
v 376.809986 26539.500578 -1888.211243
v 344.162189 27195.177160 -1831.077599
v 652.955933 26539.500578 -1612.065297
v 344.162189 27195.177160 -1831.077599
v 595.822289 27195.177160 -1579.417500
v 753.619972 26539.500578 -1235.255311
v 652.955933 26539.500578 -1612.065297
v 595.822289 27195.177160 -1579.417500
v 753.619972 26539.500578 -1235.255311
v 595.822289 27195.177160 -1579.417500
v 688.324379 27195.177160 -1235.255311
v 595.822289 27195.177160 -890.923081
v 688.324379 27195.177160 -1235.255311
v 688.324379 34733.587410 -1235.255311
v 595.822289 27195.177160 -890.923081
v 688.324379 34733.587410 -1235.255311
v 595.822289 34733.587410 -890.923081
v 344.162189 27195.177160 -639.262982
v 595.822289 27195.177160 -890.923081
v 595.822289 34733.587410 -890.923081
v 344.162189 27195.177160 -639.262982
v 595.822289 34733.587410 -890.923081
v 344.162189 34733.587410 -639.262982
v 0.000000 27195.177160 -546.760891
v 344.162189 27195.177160 -639.262982
v 344.162189 34733.587410 -639.262982
v 0.000000 27195.177160 -546.760891
v 344.162189 34733.587410 -639.262982
v 0.000000 34733.587410 -546.760891
v -344.162189 27195.177160 -639.262982
v 0.000000 27195.177160 -546.760891
v 0.000000 34733.587410 -546.760891
v -344.162189 27195.177160 -639.262982
v 0.000000 34733.587410 -546.760891
v -344.162189 34733.587410 -639.262982
v -595.822289 27195.177160 -890.923081
v -344.162189 27195.177160 -639.262982
v -344.162189 34733.587410 -639.262982
v -595.822289 27195.177160 -890.923081
v -344.162189 34733.587410 -639.262982
v -595.822289 34733.587410 -890.923081
v -688.324379 27195.177160 -1235.255311
v -595.822289 27195.177160 -890.923081
v -595.822289 34733.587410 -890.923081
v -688.324379 27195.177160 -1235.255311
v -595.822289 34733.587410 -890.923081
v -688.324379 34733.587410 -1235.255311
v -595.822289 27195.177160 -1579.417500
v -688.324379 27195.177160 -1235.255311
v -688.324379 34733.587410 -1235.255311
v -595.822289 27195.177160 -1579.417500
v -688.324379 34733.587410 -1235.255311
v -595.822289 34733.587410 -1579.417500
v -344.162189 27195.177160 -1831.077599
v -595.822289 27195.177160 -1579.417500
v -595.822289 34733.587410 -1579.417500
v -344.162189 27195.177160 -1831.077599
v -595.822289 34733.587410 -1579.417500
v -344.162189 34733.587410 -1831.077599
v 0.000000 27195.177160 -1923.579690
v -344.162189 27195.177160 -1831.077599
v -344.162189 34733.587410 -1831.077599
v 0.000000 27195.177160 -1923.579690
v -344.162189 34733.587410 -1831.077599
v 0.000000 34733.587410 -1923.579690
v 344.162189 27195.177160 -1831.077599
v 0.000000 27195.177160 -1923.579690
v 0.000000 34733.587410 -1923.579690
v 344.162189 27195.177160 -1831.077599
v 0.000000 34733.587410 -1923.579690
v 344.162189 34733.587410 -1831.077599
v 595.822289 27195.177160 -1579.417500
v 344.162189 27195.177160 -1831.077599
v 344.162189 34733.587410 -1831.077599
v 595.822289 27195.177160 -1579.417500
v 344.162189 34733.587410 -1831.077599
v 595.822289 34733.587410 -1579.417500
v 688.324379 27195.177160 -1235.255311
v 595.822289 27195.177160 -1579.417500
v 595.822289 34733.587410 -1579.417500
v 688.324379 27195.177160 -1235.255311
v 595.822289 34733.587410 -1579.417500
v 688.324379 34733.587410 -1235.255311
v 595.822289 34733.587410 -890.923081
v 688.324379 34733.587410 -1235.255311
v 524.405233 35388.583830 -1235.255311
v 595.822289 34733.587410 -890.923081
v 524.405233 35388.583830 -1235.255311
v 454.348503 35388.583830 -973.222735
v 344.162189 34733.587410 -639.262982
v 595.822289 34733.587410 -890.923081
v 454.348503 35388.583830 -973.222735
v 344.162189 34733.587410 -639.262982
v 454.348503 35388.583830 -973.222735
v 261.862535 35388.583830 -780.736767
v 0.000000 34733.587410 -546.760891
v 344.162189 34733.587410 -639.262982
v 261.862535 35388.583830 -780.736767
v 0.000000 34733.587410 -546.760891
v 261.862535 35388.583830 -780.736767
v 0.000000 35388.583830 -710.680037
v -344.162189 34733.587410 -639.262982
v 0.000000 34733.587410 -546.760891
v 0.000000 35388.583830 -710.680037
v -344.162189 34733.587410 -639.262982
v 0.000000 35388.583830 -710.680037
v -261.862535 35388.583830 -780.736767
v -595.822289 34733.587410 -890.923081
v -344.162189 34733.587410 -639.262982
v -261.862535 35388.583830 -780.736767
v -595.822289 34733.587410 -890.923081
v -261.862535 35388.583830 -780.736767
v -454.348503 35388.583830 -973.222735
v -688.324379 34733.587410 -1235.255311
v -595.822289 34733.587410 -890.923081
v -454.348503 35388.583830 -973.222735
v -688.324379 34733.587410 -1235.255311
v -454.348503 35388.583830 -973.222735
v -524.405233 35388.583830 -1235.255311
v -595.822289 34733.587410 -1579.417500
v -688.324379 34733.587410 -1235.255311
v -524.405233 35388.583830 -1235.255311
v -595.822289 34733.587410 -1579.417500
v -524.405233 35388.583830 -1235.255311
v -454.348503 35388.583830 -1497.798009
v -344.162189 34733.587410 -1831.077599
v -595.822289 34733.587410 -1579.417500
v -454.348503 35388.583830 -1497.798009
v -344.162189 34733.587410 -1831.077599
v -454.348503 35388.583830 -1497.798009
v -261.862535 35388.583830 -1689.603814
v 0.000000 34733.587410 -1923.579690
v -344.162189 34733.587410 -1831.077599
v -261.862535 35388.583830 -1689.603814
v 0.000000 34733.587410 -1923.579690
v -261.862535 35388.583830 -1689.603814
v 0.000000 35388.583830 -1759.660544
v 344.162189 34733.587410 -1831.077599
v 0.000000 34733.587410 -1923.579690
v 0.000000 35388.583830 -1759.660544
v 344.162189 34733.587410 -1831.077599
v 0.000000 35388.583830 -1759.660544
v 261.862535 35388.583830 -1689.603814
v 595.822289 34733.587410 -1579.417500
v 344.162189 34733.587410 -1831.077599
v 261.862535 35388.583830 -1689.603814
v 595.822289 34733.587410 -1579.417500
v 261.862535 35388.583830 -1689.603814
v 454.348503 35388.583830 -1497.798009
v 688.324379 34733.587410 -1235.255311
v 595.822289 34733.587410 -1579.417500
v 454.348503 35388.583830 -1497.798009
v 688.324379 34733.587410 -1235.255311
v 454.348503 35388.583830 -1497.798009
v 524.405233 35388.583830 -1235.255311
v 0.000000 26539.500578 -1235.255311
v 753.619972 26539.500578 -1235.255311
v 652.955933 26539.500578 -858.275284
v 0.000000 26539.500578 -1235.255311
v 652.955933 26539.500578 -858.275284
v 376.809986 26539.500578 -582.129337
v 0.000000 26539.500578 -1235.255311
v 376.809986 26539.500578 -582.129337
v 0.000000 26539.500578 -481.465298
v 0.000000 26539.500578 -1235.255311
v 0.000000 26539.500578 -481.465298
v -376.809986 26539.500578 -582.129337
v 0.000000 26539.500578 -1235.255311
v -376.809986 26539.500578 -582.129337
v -652.955933 26539.500578 -858.275284
v 0.000000 26539.500578 -1235.255311
v -652.955933 26539.500578 -858.275284
v -753.619972 26539.500578 -1235.255311
v 0.000000 26539.500578 -1235.255311
v -753.619972 26539.500578 -1235.255311
v -652.955933 26539.500578 -1612.065297
v 0.000000 26539.500578 -1235.255311
v -652.955933 26539.500578 -1612.065297
v -376.809986 26539.500578 -1888.211243
v 0.000000 26539.500578 -1235.255311
v -376.809986 26539.500578 -1888.211243
v 0.000000 26539.500578 -1988.875283
v 0.000000 26539.500578 -1235.255311
v 0.000000 26539.500578 -1988.875283
v 376.809986 26539.500578 -1888.211243
v 0.000000 26539.500578 -1235.255311
v 376.809986 26539.500578 -1888.211243
v 652.955933 26539.500578 -1612.065297
v 0.000000 26539.500578 -1235.255311
v 652.955933 26539.500578 -1612.065297
v 753.619972 26539.500578 -1235.255311
v 0.000000 35388.583830 -1235.255311
v 454.348503 35388.583830 -973.222735
v 524.405233 35388.583830 -1235.255311
v 0.000000 35388.583830 -1235.255311
v 261.862535 35388.583830 -780.736767
v 454.348503 35388.583830 -973.222735
v 0.000000 35388.583830 -1235.255311
v 0.000000 35388.583830 -710.680037
v 261.862535 35388.583830 -780.736767
v 0.000000 35388.583830 -1235.255311
v -261.862535 35388.583830 -780.736767
v 0.000000 35388.583830 -710.680037
v 0.000000 35388.583830 -1235.255311
v -454.348503 35388.583830 -973.222735
v -261.862535 35388.583830 -780.736767
v 0.000000 35388.583830 -1235.255311
v -524.405233 35388.583830 -1235.255311
v -454.348503 35388.583830 -973.222735
v 0.000000 35388.583830 -1235.255311
v -454.348503 35388.583830 -1497.798009
v -524.405233 35388.583830 -1235.255311
v 0.000000 35388.583830 -1235.255311
v -261.862535 35388.583830 -1689.603814
v -454.348503 35388.583830 -1497.798009
v 0.000000 35388.583830 -1235.255311
v 0.000000 35388.583830 -1759.660544
v -261.862535 35388.583830 -1689.603814
v 0.000000 35388.583830 -1235.255311
v 261.862535 35388.583830 -1689.603814
v 0.000000 35388.583830 -1759.660544
v 0.000000 35388.583830 -1235.255311
v 454.348503 35388.583830 -1497.798009
v 261.862535 35388.583830 -1689.603814
v 0.000000 35388.583830 -1235.255311
v 524.405233 35388.583830 -1235.255311
v 454.348503 35388.583830 -1497.798009
usemtl mat0
f 1 2 3
f 4 5 6
f 7 8 9
f 10 11 12
f 13 14 15
f 16 17 18
f 19 20 21
f 22 23 24
f 25 26 27
f 28 29 30
f 31 32 33
f 34 35 36
f 37 38 39
f 40 41 42
f 43 44 45
f 46 47 48
f 49 50 51
f 52 53 54
f 55 56 57
f 58 59 60
f 61 62 63
f 64 65 66
f 67 68 69
f 70 71 72
f 73 74 75
f 76 77 78
f 79 80 81
f 82 83 84
f 85 86 87
f 88 89 90
f 91 92 93
f 94 95 96
f 97 98 99
f 100 101 102
f 103 104 105
f 106 107 108
f 109 110 111
f 112 113 114
f 115 116 117
f 118 119 120
f 121 122 123
f 124 125 126
f 127 128 129
f 130 131 132
f 133 134 135
f 136 137 138
f 139 140 141
f 142 143 144
f 145 146 147
f 148 149 150
f 151 152 153
f 154 155 156
f 157 158 159
f 160 161 162
f 163 164 165
f 166 167 168
f 169 170 171
f 172 173 174
f 175 176 177
f 178 179 180
f 181 182 183
f 184 185 186
f 187 188 189
f 190 191 192
f 193 194 195
f 196 197 198
f 199 200 201
f 202 203 204
f 205 206 207
f 208 209 210
f 211 212 213
f 214 215 216
f 217 218 219
f 220 221 222
f 223 224 225
f 226 227 228
f 229 230 231
f 232 233 234
f 235 236 237
f 238 239 240
f 241 242 243
f 244 245 246
f 247 248 249
f 250 251 252
f 253 254 255
f 256 257 258
f 259 260 261
f 262 263 264
f 265 266 267
f 268 269 270
f 271 272 273
f 274 275 276
f 277 278 279
f 280 281 282
f 283 284 285
f 286 287 288
f 289 290 291
f 292 293 294
f 295 296 297
f 298 299 300
f 301 302 303
f 304 305 306
f 307 308 309
f 310 311 312
f 313 314 315
f 316 317 318
f 319 320 321
f 322 323 324
f 325 326 327
f 328 329 330
f 331 332 333
f 334 335 336
f 337 338 339
f 340 341 342
f 343 344 345
f 346 347 348
f 349 350 351
f 352 353 354
f 355 356 357
f 358 359 360
f 361 362 363
f 364 365 366
f 367 368 369
f 370 371 372
f 373 374 375
f 376 377 378
f 379 380 381
f 382 383 384
f 385 386 387
f 388 389 390
f 391 392 393
f 394 395 396
f 397 398 399
f 400 401 402
f 403 404 405
f 406 407 408
f 409 410 411
f 412 413 414
f 415 416 417
f 418 419 420
f 421 422 423
f 424 425 426
f 427 428 429
f 430 431 432
f 433 434 435
f 436 437 438
f 439 440 441
f 442 443 444
f 445 446 447
f 448 449 450
f 451 452 453
f 454 455 456
f 457 458 459
f 460 461 462
f 463 464 465
f 466 467 468
f 469 470 471
f 472 473 474
f 475 476 477
f 478 479 480
f 481 482 483
f 484 485 486
f 487 488 489
f 490 491 492
f 493 494 495
f 496 497 498
f 499 500 501
f 502 503 504
f 505 506 507
f 508 509 510
f 511 512 513
f 514 515 516
f 517 518 519
f 520 521 522
f 523 524 525
f 526 527 528
f 529 530 531
f 532 533 534
f 535 536 537
f 538 539 540
f 541 542 543
f 544 545 546
f 547 548 549
f 550 551 552
f 553 554 555
f 556 557 558
f 559 560 561
f 562 563 564
f 565 566 567
f 568 569 570
f 571 572 573
f 574 575 576
f 577 578 579
f 580 581 582
f 583 584 585
f 586 587 588
f 589 590 591
f 592 593 594
f 595 596 597
f 598 599 600
f 601 602 603
f 604 605 606
f 607 608 609
f 610 611 612
f 613 614 615
f 616 617 618
f 619 620 621
f 622 623 624
f 625 626 627
f 628 629 630
f 631 632 633
f 634 635 636
f 637 638 639
f 640 641 642
f 643 644 645
f 646 647 648
f 649 650 651
f 652 653 654
f 655 656 657
f 658 659 660
f 661 662 663
f 664 665 666
f 667 668 669
f 670 671 672
f 673 674 675
f 676 677 678
f 679 680 681
f 682 683 684
f 685 686 687
f 688 689 690
f 691 692 693
f 694 695 696
f 697 698 699
f 700 701 702
f 703 704 705
f 706 707 708
f 709 710 711
f 712 713 714
f 715 716 717
f 718 719 720
f 721 722 723
f 724 725 726
f 727 728 729
f 730 731 732
f 733 734 735
f 736 737 738
f 739 740 741
f 742 743 744
f 745 746 747
f 748 749 750
f 751 752 753
f 754 755 756
f 757 758 759
f 760 761 762
f 763 764 765
f 766 767 768
f 769 770 771
f 772 773 774
f 775 776 777
f 778 779 780
f 781 782 783
f 784 785 786
f 787 788 789
f 790 791 792
f 793 794 795
f 796 797 798
f 799 800 801
f 802 803 804
f 805 806 807
f 808 809 810
f 811 812 813
f 814 815 816
f 817 818 819
f 820 821 822
f 823 824 825
f 826 827 828
f 829 830 831
f 832 833 834
f 835 836 837
f 838 839 840
f 841 842 843
f 844 845 846
f 847 848 849
f 850 851 852
f 853 854 855
f 856 857 858
f 859 860 861
f 862 863 864
f 865 866 867
f 868 869 870
f 871 872 873
f 874 875 876
f 877 878 879
f 880 881 882
f 883 884 885
f 886 887 888
f 889 890 891
f 892 893 894
f 895 896 897
f 898 899 900
f 901 902 903
f 904 905 906
f 907 908 909
f 910 911 912
f 913 914 915
f 916 917 918
f 919 920 921
f 922 923 924
f 925 926 927
f 928 929 930
f 931 932 933
f 934 935 936
f 937 938 939
f 940 941 942
f 943 944 945
f 946 947 948
f 949 950 951
f 952 953 954
f 955 956 957
f 958 959 960
f 961 962 963
f 964 965 966
f 967 968 969
f 970 971 972
f 973 974 975
f 976 977 978
f 979 980 981
f 982 983 984
f 985 986 987
f 988 989 990
f 991 992 993
f 994 995 996
f 997 998 999
f 1000 1001 1002
f 1003 1004 1005
f 1006 1007 1008
f 1009 1010 1011
f 1012 1013 1014
f 1015 1016 1017
f 1018 1019 1020
f 1021 1022 1023
f 1024 1025 1026
f 1027 1028 1029
f 1030 1031 1032
f 1033 1034 1035
f 1036 1037 1038
f 1039 1040 1041
f 1042 1043 1044
f 1045 1046 1047
f 1048 1049 1050
f 1051 1052 1053
f 1054 1055 1056
f 1057 1058 1059
f 1060 1061 1062
f 1063 1064 1065
f 1066 1067 1068
f 1069 1070 1071
f 1072 1073 1074
f 1075 1076 1077
f 1078 1079 1080
f 1081 1082 1083
f 1084 1085 1086
f 1087 1088 1089
f 1090 1091 1092
f 1093 1094 1095
f 1096 1097 1098
f 1099 1100 1101
f 1102 1103 1104
f 1105 1106 1107
f 1108 1109 1110
f 1111 1112 1113
f 1114 1115 1116
f 1117 1118 1119
f 1120 1121 1122
f 1123 1124 1125
f 1126 1127 1128
f 1129 1130 1131
f 1132 1133 1134
f 1135 1136 1137
f 1138 1139 1140
f 1141 1142 1143
f 1144 1145 1146
f 1147 1148 1149
f 1150 1151 1152
f 1153 1154 1155
f 1156 1157 1158
f 1159 1160 1161
f 1162 1163 1164
f 1165 1166 1167
f 1168 1169 1170
f 1171 1172 1173
f 1174 1175 1176
f 1177 1178 1179
f 1180 1181 1182
f 1183 1184 1185
f 1186 1187 1188
f 1189 1190 1191
f 1192 1193 1194
f 1195 1196 1197
f 1198 1199 1200
f 1201 1202 1203
f 1204 1205 1206
f 1207 1208 1209
f 1210 1211 1212
f 1213 1214 1215
f 1216 1217 1218
f 1219 1220 1221
f 1222 1223 1224
f 1225 1226 1227
f 1228 1229 1230
f 1231 1232 1233
f 1234 1235 1236
f 1237 1238 1239
f 1240 1241 1242
f 1243 1244 1245
f 1246 1247 1248
f 1249 1250 1251
f 1252 1253 1254
f 1255 1256 1257
f 1258 1259 1260
f 1261 1262 1263
f 1264 1265 1266
f 1267 1268 1269
f 1270 1271 1272
f 1273 1274 1275
f 1276 1277 1278
f 1279 1280 1281
f 1282 1283 1284
f 1285 1286 1287
f 1288 1289 1290
f 1291 1292 1293
f 1294 1295 1296
f 1297 1298 1299
f 1300 1301 1302
f 1303 1304 1305
f 1306 1307 1308
f 1309 1310 1311
f 1312 1313 1314
f 1315 1316 1317
f 1318 1319 1320
f 1321 1322 1323
f 1324 1325 1326
f 1327 1328 1329
f 1330 1331 1332
f 1333 1334 1335
f 1336 1337 1338
f 1339 1340 1341
f 1342 1343 1344
f 1345 1346 1347
f 1348 1349 1350
f 1351 1352 1353
f 1354 1355 1356
f 1357 1358 1359
f 1360 1361 1362
f 1363 1364 1365
f 1366 1367 1368
f 1369 1370 1371
f 1372 1373 1374
f 1375 1376 1377
f 1378 1379 1380
f 1381 1382 1383
f 1384 1385 1386
f 1387 1388 1389
f 1390 1391 1392
f 1393 1394 1395
f 1396 1397 1398
f 1399 1400 1401
f 1402 1403 1404
f 1405 1406 1407
f 1408 1409 1410
f 1411 1412 1413
f 1414 1415 1416
f 1417 1418 1419
f 1420 1421 1422
f 1423 1424 1425
f 1426 1427 1428
f 1429 1430 1431
f 1432 1433 1434
f 1435 1436 1437
f 1438 1439 1440
f 1441 1442 1443
f 1444 1445 1446
f 1447 1448 1449
f 1450 1451 1452
f 1453 1454 1455
f 1456 1457 1458
f 1459 1460 1461
f 1462 1463 1464
f 1465 1466 1467
f 1468 1469 1470
f 1471 1472 1473
f 1474 1475 1476
f 1477 1478 1479
f 1480 1481 1482
f 1483 1484 1485
f 1486 1487 1488
f 1489 1490 1491
f 1492 1493 1494
f 1495 1496 1497
f 1498 1499 1500
f 1501 1502 1503
f 1504 1505 1506
f 1507 1508 1509
f 1510 1511 1512
f 1513 1514 1515
f 1516 1517 1518
f 1519 1520 1521
f 1522 1523 1524
f 1525 1526 1527
f 1528 1529 1530
f 1531 1532 1533
f 1534 1535 1536
f 1537 1538 1539
f 1540 1541 1542
f 1543 1544 1545
f 1546 1547 1548
f 1549 1550 1551
f 1552 1553 1554
f 1555 1556 1557
f 1558 1559 1560
f 1561 1562 1563
f 1564 1565 1566
f 1567 1568 1569
f 1570 1571 1572
f 1573 1574 1575
f 1576 1577 1578
f 1579 1580 1581
f 1582 1583 1584
f 1585 1586 1587
f 1588 1589 1590
f 1591 1592 1593
f 1594 1595 1596
f 1597 1598 1599
f 1600 1601 1602
f 1603 1604 1605
f 1606 1607 1608
f 1609 1610 1611
f 1612 1613 1614
f 1615 1616 1617
f 1618 1619 1620
f 1621 1622 1623
f 1624 1625 1626
f 1627 1628 1629
f 1630 1631 1632
f 1633 1634 1635
f 1636 1637 1638
f 1639 1640 1641
f 1642 1643 1644
f 1645 1646 1647
f 1648 1649 1650
f 1651 1652 1653
f 1654 1655 1656
f 1657 1658 1659
f 1660 1661 1662
f 1663 1664 1665
f 1666 1667 1668
f 1669 1670 1671
f 1672 1673 1674
f 1675 1676 1677
f 1678 1679 1680
f 1681 1682 1683
f 1684 1685 1686
f 1687 1688 1689
f 1690 1691 1692
f 1693 1694 1695
f 1696 1697 1698
f 1699 1700 1701
f 1702 1703 1704
f 1705 1706 1707
f 1708 1709 1710
f 1711 1712 1713
f 1714 1715 1716
f 1717 1718 1719
f 1720 1721 1722
f 1723 1724 1725
f 1726 1727 1728
f 1729 1730 1731
f 1732 1733 1734
f 1735 1736 1737
f 1738 1739 1740
f 1741 1742 1743
f 1744 1745 1746
f 1747 1748 1749
f 1750 1751 1752
f 1753 1754 1755
f 1756 1757 1758
f 1759 1760 1761
f 1762 1763 1764
f 1765 1766 1767
f 1768 1769 1770
f 1771 1772 1773
f 1774 1775 1776
f 1777 1778 1779
f 1780 1781 1782
f 1783 1784 1785
f 1786 1787 1788
f 1789 1790 1791
f 1792 1793 1794
f 1795 1796 1797
f 1798 1799 1800
f 1801 1802 1803
f 1804 1805 1806
f 1807 1808 1809
f 1810 1811 1812
f 1813 1814 1815
f 1816 1817 1818
f 1819 1820 1821
f 1822 1823 1824
f 1825 1826 1827
f 1828 1829 1830
f 1831 1832 1833
f 1834 1835 1836
f 1837 1838 1839
f 1840 1841 1842
f 1843 1844 1845
f 1846 1847 1848
f 1849 1850 1851
f 1852 1853 1854
f 1855 1856 1857
f 1858 1859 1860
f 1861 1862 1863
f 1864 1865 1866
f 1867 1868 1869
f 1870 1871 1872
f 1873 1874 1875
f 1876 1877 1878
f 1879 1880 1881
f 1882 1883 1884
f 1885 1886 1887
f 1888 1889 1890
f 1891 1892 1893
f 1894 1895 1896
f 1897 1898 1899
f 1900 1901 1902
f 1903 1904 1905
f 1906 1907 1908
f 1909 1910 1911
f 1912 1913 1914
f 1915 1916 1917
f 1918 1919 1920
f 1921 1922 1923
f 1924 1925 1926
f 1927 1928 1929
f 1930 1931 1932
f 1933 1934 1935
f 1936 1937 1938
f 1939 1940 1941
f 1942 1943 1944
f 1945 1946 1947
f 1948 1949 1950
f 1951 1952 1953
f 1954 1955 1956
f 1957 1958 1959
f 1960 1961 1962
f 1963 1964 1965
f 1966 1967 1968
f 1969 1970 1971
f 1972 1973 1974
f 1975 1976 1977
f 1978 1979 1980
f 1981 1982 1983
f 1984 1985 1986
f 1987 1988 1989
f 1990 1991 1992
f 1993 1994 1995
f 1996 1997 1998
f 1999 2000 2001
f 2002 2003 2004
f 2005 2006 2007
f 2008 2009 2010
f 2011 2012 2013
f 2014 2015 2016
f 2017 2018 2019
f 2020 2021 2022
f 2023 2024 2025
f 2026 2027 2028
f 2029 2030 2031
f 2032 2033 2034
f 2035 2036 2037
f 2038 2039 2040
f 2041 2042 2043
f 2044 2045 2046
f 2047 2048 2049
f 2050 2051 2052
f 2053 2054 2055
f 2056 2057 2058
f 2059 2060 2061
f 2062 2063 2064
f 2065 2066 2067
f 2068 2069 2070
f 2071 2072 2073
f 2074 2075 2076
f 2077 2078 2079
f 2080 2081 2082
f 2083 2084 2085
f 2086 2087 2088
f 2089 2090 2091
f 2092 2093 2094
f 2095 2096 2097
f 2098 2099 2100
f 2101 2102 2103
f 2104 2105 2106
f 2107 2108 2109
f 2110 2111 2112
f 2113 2114 2115
f 2116 2117 2118
f 2119 2120 2121
f 2122 2123 2124
f 2125 2126 2127
f 2128 2129 2130
f 2131 2132 2133
f 2134 2135 2136
f 2137 2138 2139
f 2140 2141 2142
f 2143 2144 2145
f 2146 2147 2148
f 2149 2150 2151
f 2152 2153 2154
f 2155 2156 2157
f 2158 2159 2160
f 2161 2162 2163
f 2164 2165 2166
f 2167 2168 2169
f 2170 2171 2172
f 2173 2174 2175
f 2176 2177 2178
f 2179 2180 2181
f 2182 2183 2184
f 2185 2186 2187
f 2188 2189 2190
f 2191 2192 2193
f 2194 2195 2196
f 2197 2198 2199
f 2200 2201 2202
f 2203 2204 2205
f 2206 2207 2208
f 2209 2210 2211
f 2212 2213 2214
f 2215 2216 2217
f 2218 2219 2220
f 2221 2222 2223
f 2224 2225 2226
f 2227 2228 2229
f 2230 2231 2232
f 2233 2234 2235
f 2236 2237 2238
f 2239 2240 2241
f 2242 2243 2244
f 2245 2246 2247
f 2248 2249 2250
f 2251 2252 2253
f 2254 2255 2256
f 2257 2258 2259
f 2260 2261 2262
f 2263 2264 2265
f 2266 2267 2268
f 2269 2270 2271
f 2272 2273 2274
f 2275 2276 2277
f 2278 2279 2280
f 2281 2282 2283
f 2284 2285 2286
f 2287 2288 2289
f 2290 2291 2292
f 2293 2294 2295
f 2296 2297 2298
f 2299 2300 2301
f 2302 2303 2304
f 2305 2306 2307
f 2308 2309 2310
f 2311 2312 2313
f 2314 2315 2316
f 2317 2318 2319
f 2320 2321 2322
f 2323 2324 2325
f 2326 2327 2328
f 2329 2330 2331
f 2332 2333 2334
f 2335 2336 2337
f 2338 2339 2340
f 2341 2342 2343
f 2344 2345 2346
f 2347 2348 2349
f 2350 2351 2352
f 2353 2354 2355
f 2356 2357 2358
f 2359 2360 2361
f 2362 2363 2364
f 2365 2366 2367
f 2368 2369 2370
f 2371 2372 2373
f 2374 2375 2376
f 2377 2378 2379
f 2380 2381 2382
f 2383 2384 2385
f 2386 2387 2388
f 2389 2390 2391
f 2392 2393 2394
f 2395 2396 2397
f 2398 2399 2400
f 2401 2402 2403
f 2404 2405 2406
f 2407 2408 2409
f 2410 2411 2412
f 2413 2414 2415
f 2416 2417 2418
f 2419 2420 2421
f 2422 2423 2424
f 2425 2426 2427
f 2428 2429 2430
f 2431 2432 2433
f 2434 2435 2436
f 2437 2438 2439
f 2440 2441 2442
f 2443 2444 2445
f 2446 2447 2448
f 2449 2450 2451
f 2452 2453 2454
f 2455 2456 2457
f 2458 2459 2460
f 2461 2462 2463
f 2464 2465 2466
f 2467 2468 2469
f 2470 2471 2472
f 2473 2474 2475
f 2476 2477 2478
f 2479 2480 2481
f 2482 2483 2484
f 2485 2486 2487
f 2488 2489 2490
f 2491 2492 2493
f 2494 2495 2496
f 2497 2498 2499
f 2500 2501 2502
f 2503 2504 2505
f 2506 2507 2508
f 2509 2510 2511
f 2512 2513 2514
f 2515 2516 2517
f 2518 2519 2520
f 2521 2522 2523
f 2524 2525 2526
f 2527 2528 2529
f 2530 2531 2532
f 2533 2534 2535
f 2536 2537 2538
f 2539 2540 2541
f 2542 2543 2544
f 2545 2546 2547
f 2548 2549 2550
f 2551 2552 2553
f 2554 2555 2556
f 2557 2558 2559
f 2560 2561 2562
f 2563 2564 2565
f 2566 2567 2568
f 2569 2570 2571
f 2572 2573 2574
f 2575 2576 2577
f 2578 2579 2580
f 2581 2582 2583
f 2584 2585 2586
f 2587 2588 2589
f 2590 2591 2592
f 2593 2594 2595
f 2596 2597 2598
f 2599 2600 2601
f 2602 2603 2604
f 2605 2606 2607
f 2608 2609 2610
f 2611 2612 2613
f 2614 2615 2616
f 2617 2618 2619
f 2620 2621 2622
f 2623 2624 2625
f 2626 2627 2628
f 2629 2630 2631
f 2632 2633 2634
f 2635 2636 2637
f 2638 2639 2640
f 2641 2642 2643
f 2644 2645 2646
f 2647 2648 2649
f 2650 2651 2652
f 2653 2654 2655
f 2656 2657 2658
f 2659 2660 2661
f 2662 2663 2664
f 2665 2666 2667
f 2668 2669 2670
f 2671 2672 2673
f 2674 2675 2676
f 2677 2678 2679
f 2680 2681 2682
f 2683 2684 2685
f 2686 2687 2688
f 2689 2690 2691
f 2692 2693 2694
f 2695 2696 2697
f 2698 2699 2700
f 2701 2702 2703
f 2704 2705 2706
f 2707 2708 2709
f 2710 2711 2712
f 2713 2714 2715
f 2716 2717 2718
f 2719 2720 2721
f 2722 2723 2724
f 2725 2726 2727
f 2728 2729 2730
f 2731 2732 2733
f 2734 2735 2736
f 2737 2738 2739
f 2740 2741 2742
f 2743 2744 2745
f 2746 2747 2748
f 2749 2750 2751
f 2752 2753 2754
f 2755 2756 2757
f 2758 2759 2760
f 2761 2762 2763
f 2764 2765 2766
f 2767 2768 2769
f 2770 2771 2772
f 2773 2774 2775
f 2776 2777 2778
f 2779 2780 2781
f 2782 2783 2784
f 2785 2786 2787
f 2788 2789 2790
f 2791 2792 2793
f 2794 2795 2796
f 2797 2798 2799
f 2800 2801 2802
f 2803 2804 2805
f 2806 2807 2808
f 2809 2810 2811
f 2812 2813 2814
f 2815 2816 2817
f 2818 2819 2820
f 2821 2822 2823
f 2824 2825 2826
f 2827 2828 2829
f 2830 2831 2832
f 2833 2834 2835
f 2836 2837 2838
f 2839 2840 2841
f 2842 2843 2844
f 2845 2846 2847
f 2848 2849 2850
f 2851 2852 2853
f 2854 2855 2856
f 2857 2858 2859
f 2860 2861 2862
f 2863 2864 2865
f 2866 2867 2868
f 2869 2870 2871
f 2872 2873 2874
f 2875 2876 2877
f 2878 2879 2880
f 2881 2882 2883
f 2884 2885 2886
f 2887 2888 2889
f 2890 2891 2892
f 2893 2894 2895
f 2896 2897 2898
f 2899 2900 2901
f 2902 2903 2904
f 2905 2906 2907
f 2908 2909 2910
f 2911 2912 2913
f 2914 2915 2916
f 2917 2918 2919
f 2920 2921 2922
f 2923 2924 2925
f 2926 2927 2928
f 2929 2930 2931
f 2932 2933 2934
f 2935 2936 2937
f 2938 2939 2940
f 2941 2942 2943
f 2944 2945 2946
f 2947 2948 2949
f 2950 2951 2952
f 2953 2954 2955
f 2956 2957 2958
f 2959 2960 2961
f 2962 2963 2964
f 2965 2966 2967
f 2968 2969 2970
f 2971 2972 2973
f 2974 2975 2976
f 2977 2978 2979
f 2980 2981 2982
f 2983 2984 2985
f 2986 2987 2988
f 2989 2990 2991
f 2992 2993 2994
f 2995 2996 2997
f 2998 2999 3000
f 3001 3002 3003
f 3004 3005 3006
f 3007 3008 3009
f 3010 3011 3012
f 3013 3014 3015
f 3016 3017 3018
f 3019 3020 3021
f 3022 3023 3024
f 3025 3026 3027
f 3028 3029 3030
f 3031 3032 3033
f 3034 3035 3036
f 3037 3038 3039
f 3040 3041 3042
f 3043 3044 3045
f 3046 3047 3048
f 3049 3050 3051
f 3052 3053 3054
f 3055 3056 3057
f 3058 3059 3060
f 3061 3062 3063
f 3064 3065 3066
f 3067 3068 3069
f 3070 3071 3072
f 3073 3074 3075
f 3076 3077 3078
f 3079 3080 3081
f 3082 3083 3084
f 3085 3086 3087
f 3088 3089 3090
f 3091 3092 3093
f 3094 3095 3096
f 3097 3098 3099
f 3100 3101 3102
f 3103 3104 3105
f 3106 3107 3108
f 3109 3110 3111
f 3112 3113 3114
f 3115 3116 3117
f 3118 3119 3120
f 3121 3122 3123
f 3124 3125 3126
f 3127 3128 3129
f 3130 3131 3132
f 3133 3134 3135
f 3136 3137 3138
f 3139 3140 3141
f 3142 3143 3144
f 3145 3146 3147
f 3148 3149 3150
f 3151 3152 3153
f 3154 3155 3156
f 3157 3158 3159
f 3160 3161 3162
f 3163 3164 3165
f 3166 3167 3168
f 3169 3170 3171
f 3172 3173 3174
f 3175 3176 3177
f 3178 3179 3180
f 3181 3182 3183
f 3184 3185 3186
f 3187 3188 3189
f 3190 3191 3192
f 3193 3194 3195
f 3196 3197 3198
f 3199 3200 3201
f 3202 3203 3204
f 3205 3206 3207
f 3208 3209 3210
f 3211 3212 3213
f 3214 3215 3216
f 3217 3218 3219
f 3220 3221 3222
f 3223 3224 3225
f 3226 3227 3228
f 3229 3230 3231
f 3232 3233 3234
f 3235 3236 3237
f 3238 3239 3240
f 3241 3242 3243
f 3244 3245 3246
f 3247 3248 3249
f 3250 3251 3252
f 3253 3254 3255
f 3256 3257 3258
f 3259 3260 3261
f 3262 3263 3264
f 3265 3266 3267
f 3268 3269 3270
f 3271 3272 3273
f 3274 3275 3276
f 3277 3278 3279
f 3280 3281 3282
f 3283 3284 3285
f 3286 3287 3288
f 3289 3290 3291
f 3292 3293 3294
f 3295 3296 3297
f 3298 3299 3300
f 3301 3302 3303
f 3304 3305 3306
f 3307 3308 3309
f 3310 3311 3312
f 3313 3314 3315
f 3316 3317 3318
f 3319 3320 3321
f 3322 3323 3324
f 3325 3326 3327
f 3328 3329 3330
f 3331 3332 3333
f 3334 3335 3336
f 3337 3338 3339
f 3340 3341 3342
f 3343 3344 3345
f 3346 3347 3348
f 3349 3350 3351
f 3352 3353 3354
f 3355 3356 3357
f 3358 3359 3360
f 3361 3362 3363
f 3364 3365 3366
f 3367 3368 3369
f 3370 3371 3372
f 3373 3374 3375
f 3376 3377 3378
f 3379 3380 3381
f 3382 3383 3384
f 3385 3386 3387
f 3388 3389 3390
f 3391 3392 3393
f 3394 3395 3396
f 3397 3398 3399
f 3400 3401 3402
f 3403 3404 3405
f 3406 3407 3408
f 3409 3410 3411
f 3412 3413 3414
f 3415 3416 3417
f 3418 3419 3420
f 3421 3422 3423
f 3424 3425 3426
f 3427 3428 3429
f 3430 3431 3432
f 3433 3434 3435
f 3436 3437 3438
f 3439 3440 3441
f 3442 3443 3444
f 3445 3446 3447
f 3448 3449 3450
f 3451 3452 3453
f 3454 3455 3456
f 3457 3458 3459
f 3460 3461 3462
f 3463 3464 3465
f 3466 3467 3468
f 3469 3470 3471
f 3472 3473 3474
f 3475 3476 3477
f 3478 3479 3480
f 3481 3482 3483
f 3484 3485 3486
f 3487 3488 3489
f 3490 3491 3492
f 3493 3494 3495
f 3496 3497 3498
f 3499 3500 3501
f 3502 3503 3504
f 3505 3506 3507
f 3508 3509 3510
f 3511 3512 3513
f 3514 3515 3516
f 3517 3518 3519
f 3520 3521 3522
f 3523 3524 3525
f 3526 3527 3528
f 3529 3530 3531
f 3532 3533 3534
f 3535 3536 3537
f 3538 3539 3540
f 3541 3542 3543
f 3544 3545 3546
f 3547 3548 3549
f 3550 3551 3552
f 3553 3554 3555
f 3556 3557 3558
f 3559 3560 3561
f 3562 3563 3564
f 3565 3566 3567
f 3568 3569 3570
f 3571 3572 3573
f 3574 3575 3576
f 3577 3578 3579
f 3580 3581 3582
f 3583 3584 3585
f 3586 3587 3588
f 3589 3590 3591
f 3592 3593 3594
f 3595 3596 3597
f 3598 3599 3600
f 3601 3602 3603
f 3604 3605 3606
f 3607 3608 3609
f 3610 3611 3612
f 3613 3614 3615
f 3616 3617 3618
f 3619 3620 3621
f 3622 3623 3624
f 3625 3626 3627
f 3628 3629 3630
f 3631 3632 3633
f 3634 3635 3636
f 3637 3638 3639
f 3640 3641 3642
f 3643 3644 3645
f 3646 3647 3648
f 3649 3650 3651
f 3652 3653 3654
f 3655 3656 3657
f 3658 3659 3660
f 3661 3662 3663
f 3664 3665 3666
f 3667 3668 3669
f 3670 3671 3672
f 3673 3674 3675
f 3676 3677 3678
f 3679 3680 3681
f 3682 3683 3684
f 3685 3686 3687
f 3688 3689 3690
f 3691 3692 3693
f 3694 3695 3696
f 3697 3698 3699
f 3700 3701 3702
f 3703 3704 3705
f 3706 3707 3708
f 3709 3710 3711
f 3712 3713 3714
f 3715 3716 3717
f 3718 3719 3720
f 3721 3722 3723
f 3724 3725 3726
f 3727 3728 3729
f 3730 3731 3732
f 3733 3734 3735
f 3736 3737 3738
f 3739 3740 3741
f 3742 3743 3744
f 3745 3746 3747
f 3748 3749 3750
f 3751 3752 3753
f 3754 3755 3756
f 3757 3758 3759
f 3760 3761 3762
f 3763 3764 3765
f 3766 3767 3768
f 3769 3770 3771
f 3772 3773 3774
f 3775 3776 3777
f 3778 3779 3780
f 3781 3782 3783
f 3784 3785 3786
f 3787 3788 3789
f 3790 3791 3792
f 3793 3794 3795
f 3796 3797 3798
f 3799 3800 3801
f 3802 3803 3804
f 3805 3806 3807
f 3808 3809 3810
f 3811 3812 3813
f 3814 3815 3816
f 3817 3818 3819
f 3820 3821 3822
f 3823 3824 3825
f 3826 3827 3828
f 3829 3830 3831
f 3832 3833 3834
f 3835 3836 3837
f 3838 3839 3840
f 3841 3842 3843
f 3844 3845 3846
f 3847 3848 3849
f 3850 3851 3852
f 3853 3854 3855
f 3856 3857 3858
f 3859 3860 3861
f 3862 3863 3864
f 3865 3866 3867
f 3868 3869 3870
f 3871 3872 3873
f 3874 3875 3876
f 3877 3878 3879
f 3880 3881 3882
f 3883 3884 3885
f 3886 3887 3888
f 3889 3890 3891
f 3892 3893 3894
f 3895 3896 3897
f 3898 3899 3900
f 3901 3902 3903
f 3904 3905 3906
f 3907 3908 3909
f 3910 3911 3912
f 3913 3914 3915
f 3916 3917 3918
f 3919 3920 3921
f 3922 3923 3924
f 3925 3926 3927
f 3928 3929 3930
f 3931 3932 3933
f 3934 3935 3936
f 3937 3938 3939
f 3940 3941 3942
f 3943 3944 3945
f 3946 3947 3948
f 3949 3950 3951
f 3952 3953 3954
f 3955 3956 3957
f 3958 3959 3960
f 3961 3962 3963
f 3964 3965 3966
f 3967 3968 3969
f 3970 3971 3972
f 3973 3974 3975
f 3976 3977 3978
f 3979 3980 3981
f 3982 3983 3984
f 3985 3986 3987
f 3988 3989 3990
f 3991 3992 3993
f 3994 3995 3996
f 3997 3998 3999
f 4000 4001 4002
f 4003 4004 4005
f 4006 4007 4008
f 4009 4010 4011
f 4012 4013 4014
f 4015 4016 4017
f 4018 4019 4020
f 4021 4022 4023
f 4024 4025 4026
f 4027 4028 4029
f 4030 4031 4032
f 4033 4034 4035
f 4036 4037 4038
f 4039 4040 4041
f 4042 4043 4044
f 4045 4046 4047
f 4048 4049 4050
f 4051 4052 4053
f 4054 4055 4056
f 4057 4058 4059
f 4060 4061 4062
f 4063 4064 4065
f 4066 4067 4068
f 4069 4070 4071
f 4072 4073 4074
f 4075 4076 4077
f 4078 4079 4080
f 4081 4082 4083
f 4084 4085 4086
f 4087 4088 4089
f 4090 4091 4092
f 4093 4094 4095
f 4096 4097 4098
f 4099 4100 4101
f 4102 4103 4104
f 4105 4106 4107
f 4108 4109 4110
f 4111 4112 4113
f 4114 4115 4116
f 4117 4118 4119
f 4120 4121 4122
f 4123 4124 4125
f 4126 4127 4128
f 4129 4130 4131
f 4132 4133 4134
f 4135 4136 4137
f 4138 4139 4140
f 4141 4142 4143
f 4144 4145 4146
f 4147 4148 4149
f 4150 4151 4152
f 4153 4154 4155
f 4156 4157 4158
f 4159 4160 4161
f 4162 4163 4164
f 4165 4166 4167
f 4168 4169 4170
f 4171 4172 4173
f 4174 4175 4176
f 4177 4178 4179
f 4180 4181 4182
f 4183 4184 4185
f 4186 4187 4188
f 4189 4190 4191
f 4192 4193 4194
f 4195 4196 4197
f 4198 4199 4200
f 4201 4202 4203
f 4204 4205 4206
f 4207 4208 4209
f 4210 4211 4212
f 4213 4214 4215
f 4216 4217 4218
f 4219 4220 4221
f 4222 4223 4224
f 4225 4226 4227
f 4228 4229 4230
f 4231 4232 4233
f 4234 4235 4236
f 4237 4238 4239
f 4240 4241 4242
f 4243 4244 4245
f 4246 4247 4248
f 4249 4250 4251
f 4252 4253 4254
f 4255 4256 4257
f 4258 4259 4260
f 4261 4262 4263
f 4264 4265 4266
f 4267 4268 4269
f 4270 4271 4272
f 4273 4274 4275
f 4276 4277 4278
f 4279 4280 4281
f 4282 4283 4284
f 4285 4286 4287
f 4288 4289 4290
f 4291 4292 4293
f 4294 4295 4296
f 4297 4298 4299
f 4300 4301 4302
f 4303 4304 4305
f 4306 4307 4308
f 4309 4310 4311
f 4312 4313 4314
f 4315 4316 4317
f 4318 4319 4320
f 4321 4322 4323
f 4324 4325 4326
f 4327 4328 4329
f 4330 4331 4332
f 4333 4334 4335
f 4336 4337 4338
f 4339 4340 4341
f 4342 4343 4344
f 4345 4346 4347
f 4348 4349 4350
f 4351 4352 4353
f 4354 4355 4356
f 4357 4358 4359
f 4360 4361 4362
f 4363 4364 4365
f 4366 4367 4368
f 4369 4370 4371
f 4372 4373 4374
f 4375 4376 4377
f 4378 4379 4380
f 4381 4382 4383
f 4384 4385 4386
f 4387 4388 4389
f 4390 4391 4392
f 4393 4394 4395
f 4396 4397 4398
f 4399 4400 4401
f 4402 4403 4404
f 4405 4406 4407
f 4408 4409 4410
f 4411 4412 4413
f 4414 4415 4416
f 4417 4418 4419
f 4420 4421 4422
f 4423 4424 4425
f 4426 4427 4428
f 4429 4430 4431
f 4432 4433 4434
f 4435 4436 4437
f 4438 4439 4440
f 4441 4442 4443
f 4444 4445 4446
f 4447 4448 4449
f 4450 4451 4452
f 4453 4454 4455
f 4456 4457 4458
f 4459 4460 4461
f 4462 4463 4464
f 4465 4466 4467
f 4468 4469 4470
f 4471 4472 4473
f 4474 4475 4476
f 4477 4478 4479
f 4480 4481 4482
f 4483 4484 4485
f 4486 4487 4488
f 4489 4490 4491
f 4492 4493 4494
f 4495 4496 4497
f 4498 4499 4500
f 4501 4502 4503
f 4504 4505 4506
f 4507 4508 4509
f 4510 4511 4512
f 4513 4514 4515
f 4516 4517 4518
f 4519 4520 4521
f 4522 4523 4524
f 4525 4526 4527
f 4528 4529 4530
f 4531 4532 4533
f 4534 4535 4536
f 4537 4538 4539
f 4540 4541 4542
f 4543 4544 4545
f 4546 4547 4548
f 4549 4550 4551
f 4552 4553 4554
f 4555 4556 4557
f 4558 4559 4560
f 4561 4562 4563
f 4564 4565 4566
f 4567 4568 4569
f 4570 4571 4572
f 4573 4574 4575
f 4576 4577 4578
f 4579 4580 4581
f 4582 4583 4584
f 4585 4586 4587
f 4588 4589 4590
f 4591 4592 4593
f 4594 4595 4596
f 4597 4598 4599
f 4600 4601 4602
f 4603 4604 4605
f 4606 4607 4608
f 4609 4610 4611
f 4612 4613 4614
f 4615 4616 4617
f 4618 4619 4620
f 4621 4622 4623
f 4624 4625 4626
f 4627 4628 4629
f 4630 4631 4632
f 4633 4634 4635
f 4636 4637 4638
f 4639 4640 4641
f 4642 4643 4644
f 4645 4646 4647
f 4648 4649 4650
f 4651 4652 4653
f 4654 4655 4656
f 4657 4658 4659
f 4660 4661 4662
f 4663 4664 4665
f 4666 4667 4668
f 4669 4670 4671
f 4672 4673 4674
f 4675 4676 4677
f 4678 4679 4680
f 4681 4682 4683
f 4684 4685 4686
f 4687 4688 4689
f 4690 4691 4692
f 4693 4694 4695
f 4696 4697 4698
f 4699 4700 4701
f 4702 4703 4704
f 4705 4706 4707
f 4708 4709 4710
f 4711 4712 4713
f 4714 4715 4716
f 4717 4718 4719
f 4720 4721 4722
f 4723 4724 4725
f 4726 4727 4728
f 4729 4730 4731
f 4732 4733 4734
f 4735 4736 4737
f 4738 4739 4740
f 4741 4742 4743
f 4744 4745 4746
f 4747 4748 4749
f 4750 4751 4752
f 4753 4754 4755
f 4756 4757 4758
f 4759 4760 4761
f 4762 4763 4764
f 4765 4766 4767
f 4768 4769 4770
f 4771 4772 4773
f 4774 4775 4776
f 4777 4778 4779
f 4780 4781 4782
f 4783 4784 4785
f 4786 4787 4788
f 4789 4790 4791
f 4792 4793 4794
f 4795 4796 4797
f 4798 4799 4800
f 4801 4802 4803
f 4804 4805 4806
f 4807 4808 4809
f 4810 4811 4812
f 4813 4814 4815
f 4816 4817 4818
f 4819 4820 4821
f 4822 4823 4824
f 4825 4826 4827
f 4828 4829 4830
f 4831 4832 4833
f 4834 4835 4836
f 4837 4838 4839
f 4840 4841 4842
f 4843 4844 4845
f 4846 4847 4848
f 4849 4850 4851
f 4852 4853 4854
f 4855 4856 4857
f 4858 4859 4860
f 4861 4862 4863
f 4864 4865 4866
f 4867 4868 4869
f 4870 4871 4872
f 4873 4874 4875
f 4876 4877 4878
f 4879 4880 4881
f 4882 4883 4884
f 4885 4886 4887
f 4888 4889 4890
f 4891 4892 4893
f 4894 4895 4896
f 4897 4898 4899
f 4900 4901 4902
f 4903 4904 4905
f 4906 4907 4908
f 4909 4910 4911
f 4912 4913 4914
f 4915 4916 4917
f 4918 4919 4920
f 4921 4922 4923
f 4924 4925 4926
f 4927 4928 4929
f 4930 4931 4932
f 4933 4934 4935
f 4936 4937 4938
f 4939 4940 4941
f 4942 4943 4944
f 4945 4946 4947
f 4948 4949 4950
f 4951 4952 4953
f 4954 4955 4956
f 4957 4958 4959
f 4960 4961 4962
f 4963 4964 4965
f 4966 4967 4968
f 4969 4970 4971
f 4972 4973 4974
f 4975 4976 4977
f 4978 4979 4980
f 4981 4982 4983
f 4984 4985 4986
f 4987 4988 4989
f 4990 4991 4992
f 4993 4994 4995
f 4996 4997 4998
f 4999 5000 5001
f 5002 5003 5004
f 5005 5006 5007
f 5008 5009 5010
f 5011 5012 5013
f 5014 5015 5016
f 5017 5018 5019
f 5020 5021 5022
f 5023 5024 5025
f 5026 5027 5028
f 5029 5030 5031
f 5032 5033 5034
f 5035 5036 5037
f 5038 5039 5040
f 5041 5042 5043
f 5044 5045 5046
f 5047 5048 5049
f 5050 5051 5052
f 5053 5054 5055
f 5056 5057 5058
f 5059 5060 5061
f 5062 5063 5064
f 5065 5066 5067
f 5068 5069 5070
f 5071 5072 5073
f 5074 5075 5076
f 5077 5078 5079
f 5080 5081 5082
f 5083 5084 5085
f 5086 5087 5088
f 5089 5090 5091
f 5092 5093 5094
f 5095 5096 5097
f 5098 5099 5100
f 5101 5102 5103
f 5104 5105 5106
f 5107 5108 5109
f 5110 5111 5112
f 5113 5114 5115
f 5116 5117 5118
f 5119 5120 5121
f 5122 5123 5124
f 5125 5126 5127
f 5128 5129 5130
f 5131 5132 5133
f 5134 5135 5136
f 5137 5138 5139
f 5140 5141 5142
f 5143 5144 5145
f 5146 5147 5148
f 5149 5150 5151
f 5152 5153 5154
f 5155 5156 5157
f 5158 5159 5160
f 5161 5162 5163
f 5164 5165 5166
f 5167 5168 5169
f 5170 5171 5172
f 5173 5174 5175
f 5176 5177 5178
f 5179 5180 5181
f 5182 5183 5184
f 5185 5186 5187
f 5188 5189 5190
f 5191 5192 5193
f 5194 5195 5196
f 5197 5198 5199
f 5200 5201 5202
f 5203 5204 5205
f 5206 5207 5208
f 5209 5210 5211
f 5212 5213 5214
f 5215 5216 5217
f 5218 5219 5220
f 5221 5222 5223
f 5224 5225 5226
f 5227 5228 5229
f 5230 5231 5232
f 5233 5234 5235
f 5236 5237 5238
f 5239 5240 5241
f 5242 5243 5244
f 5245 5246 5247
f 5248 5249 5250
f 5251 5252 5253
f 5254 5255 5256
f 5257 5258 5259
f 5260 5261 5262
f 5263 5264 5265
f 5266 5267 5268
f 5269 5270 5271
f 5272 5273 5274
f 5275 5276 5277
f 5278 5279 5280
f 5281 5282 5283
f 5284 5285 5286
f 5287 5288 5289
f 5290 5291 5292
f 5293 5294 5295
f 5296 5297 5298
f 5299 5300 5301
f 5302 5303 5304
f 5305 5306 5307
f 5308 5309 5310
f 5311 5312 5313
f 5314 5315 5316
f 5317 5318 5319
f 5320 5321 5322
f 5323 5324 5325
f 5326 5327 5328
f 5329 5330 5331
f 5332 5333 5334
f 5335 5336 5337
f 5338 5339 5340
f 5341 5342 5343
f 5344 5345 5346
f 5347 5348 5349
f 5350 5351 5352
f 5353 5354 5355
f 5356 5357 5358
f 5359 5360 5361
f 5362 5363 5364
f 5365 5366 5367
f 5368 5369 5370
f 5371 5372 5373
f 5374 5375 5376
f 5377 5378 5379
f 5380 5381 5382
f 5383 5384 5385
f 5386 5387 5388
f 5389 5390 5391
f 5392 5393 5394
f 5395 5396 5397
f 5398 5399 5400
f 5401 5402 5403
f 5404 5405 5406
f 5407 5408 5409
f 5410 5411 5412
f 5413 5414 5415
f 5416 5417 5418
f 5419 5420 5421
f 5422 5423 5424
f 5425 5426 5427
f 5428 5429 5430
f 5431 5432 5433
f 5434 5435 5436
f 5437 5438 5439
f 5440 5441 5442
f 5443 5444 5445
f 5446 5447 5448
f 5449 5450 5451
f 5452 5453 5454
f 5455 5456 5457
f 5458 5459 5460
f 5461 5462 5463
f 5464 5465 5466
f 5467 5468 5469
f 5470 5471 5472
f 5473 5474 5475
f 5476 5477 5478
f 5479 5480 5481
f 5482 5483 5484
f 5485 5486 5487
f 5488 5489 5490
f 5491 5492 5493
f 5494 5495 5496
f 5497 5498 5499
f 5500 5501 5502
f 5503 5504 5505
f 5506 5507 5508
f 5509 5510 5511
f 5512 5513 5514
f 5515 5516 5517
f 5518 5519 5520
f 5521 5522 5523
f 5524 5525 5526
f 5527 5528 5529
f 5530 5531 5532
f 5533 5534 5535
f 5536 5537 5538
f 5539 5540 5541
f 5542 5543 5544
f 5545 5546 5547
f 5548 5549 5550
f 5551 5552 5553
f 5554 5555 5556
f 5557 5558 5559
f 5560 5561 5562
f 5563 5564 5565
f 5566 5567 5568
f 5569 5570 5571
f 5572 5573 5574
f 5575 5576 5577
f 5578 5579 5580
f 5581 5582 5583
f 5584 5585 5586
f 5587 5588 5589
f 5590 5591 5592
f 5593 5594 5595
f 5596 5597 5598
f 5599 5600 5601
f 5602 5603 5604
f 5605 5606 5607
f 5608 5609 5610
f 5611 5612 5613
f 5614 5615 5616
f 5617 5618 5619
f 5620 5621 5622
f 5623 5624 5625
f 5626 5627 5628
f 5629 5630 5631
f 5632 5633 5634
f 5635 5636 5637
f 5638 5639 5640
f 5641 5642 5643
f 5644 5645 5646
f 5647 5648 5649
f 5650 5651 5652
f 5653 5654 5655
f 5656 5657 5658
f 5659 5660 5661
f 5662 5663 5664
f 5665 5666 5667
f 5668 5669 5670
f 5671 5672 5673
f 5674 5675 5676
f 5677 5678 5679
f 5680 5681 5682
f 5683 5684 5685
f 5686 5687 5688
f 5689 5690 5691
f 5692 5693 5694
f 5695 5696 5697
f 5698 5699 5700
f 5701 5702 5703
f 5704 5705 5706
f 5707 5708 5709
f 5710 5711 5712
f 5713 5714 5715
f 5716 5717 5718
f 5719 5720 5721
f 5722 5723 5724
f 5725 5726 5727
f 5728 5729 5730
f 5731 5732 5733
f 5734 5735 5736
f 5737 5738 5739
f 5740 5741 5742
f 5743 5744 5745
f 5746 5747 5748
f 5749 5750 5751
f 5752 5753 5754
f 5755 5756 5757
f 5758 5759 5760
f 5761 5762 5763
f 5764 5765 5766
f 5767 5768 5769
f 5770 5771 5772
f 5773 5774 5775
f 5776 5777 5778
f 5779 5780 5781
f 5782 5783 5784
f 5785 5786 5787
f 5788 5789 5790
f 5791 5792 5793
f 5794 5795 5796
f 5797 5798 5799
f 5800 5801 5802
f 5803 5804 5805
f 5806 5807 5808
f 5809 5810 5811
f 5812 5813 5814
f 5815 5816 5817
f 5818 5819 5820
f 5821 5822 5823
f 5824 5825 5826
f 5827 5828 5829
f 5830 5831 5832
f 5833 5834 5835
f 5836 5837 5838
f 5839 5840 5841
f 5842 5843 5844
f 5845 5846 5847
f 5848 5849 5850
f 5851 5852 5853
f 5854 5855 5856
f 5857 5858 5859
f 5860 5861 5862
f 5863 5864 5865
f 5866 5867 5868
f 5869 5870 5871
f 5872 5873 5874
f 5875 5876 5877
f 5878 5879 5880
f 5881 5882 5883
f 5884 5885 5886
f 5887 5888 5889
f 5890 5891 5892
f 5893 5894 5895
f 5896 5897 5898
f 5899 5900 5901
f 5902 5903 5904
f 5905 5906 5907
f 5908 5909 5910
f 5911 5912 5913
f 5914 5915 5916
f 5917 5918 5919
f 5920 5921 5922
f 5923 5924 5925
f 5926 5927 5928
f 5929 5930 5931
f 5932 5933 5934
f 5935 5936 5937
f 5938 5939 5940
f 5941 5942 5943
f 5944 5945 5946
f 5947 5948 5949
f 5950 5951 5952
f 5953 5954 5955
f 5956 5957 5958
f 5959 5960 5961
f 5962 5963 5964
f 5965 5966 5967
f 5968 5969 5970
f 5971 5972 5973
f 5974 5975 5976
f 5977 5978 5979
f 5980 5981 5982
f 5983 5984 5985
f 5986 5987 5988
f 5989 5990 5991
f 5992 5993 5994
f 5995 5996 5997
f 5998 5999 6000
f 6001 6002 6003
f 6004 6005 6006
f 6007 6008 6009
f 6010 6011 6012
f 6013 6014 6015
f 6016 6017 6018
f 6019 6020 6021
f 6022 6023 6024
f 6025 6026 6027
f 6028 6029 6030
f 6031 6032 6033
f 6034 6035 6036
f 6037 6038 6039
f 6040 6041 6042
f 6043 6044 6045
f 6046 6047 6048
f 6049 6050 6051
f 6052 6053 6054
f 6055 6056 6057
f 6058 6059 6060
f 6061 6062 6063
f 6064 6065 6066
f 6067 6068 6069
f 6070 6071 6072
f 6073 6074 6075
f 6076 6077 6078
f 6079 6080 6081
f 6082 6083 6084
f 6085 6086 6087
f 6088 6089 6090
f 6091 6092 6093
f 6094 6095 6096
f 6097 6098 6099
f 6100 6101 6102
f 6103 6104 6105
f 6106 6107 6108
f 6109 6110 6111
f 6112 6113 6114
f 6115 6116 6117
f 6118 6119 6120
f 6121 6122 6123
f 6124 6125 6126
f 6127 6128 6129
f 6130 6131 6132
f 6133 6134 6135
f 6136 6137 6138
f 6139 6140 6141
f 6142 6143 6144
f 6145 6146 6147
f 6148 6149 6150
f 6151 6152 6153
f 6154 6155 6156
f 6157 6158 6159
f 6160 6161 6162
f 6163 6164 6165
f 6166 6167 6168
f 6169 6170 6171
f 6172 6173 6174
f 6175 6176 6177
f 6178 6179 6180
f 6181 6182 6183
f 6184 6185 6186
f 6187 6188 6189
f 6190 6191 6192
f 6193 6194 6195
f 6196 6197 6198
f 6199 6200 6201
f 6202 6203 6204
f 6205 6206 6207
f 6208 6209 6210
f 6211 6212 6213
f 6214 6215 6216
f 6217 6218 6219
f 6220 6221 6222
f 6223 6224 6225
f 6226 6227 6228
f 6229 6230 6231
f 6232 6233 6234
f 6235 6236 6237
f 6238 6239 6240
f 6241 6242 6243
f 6244 6245 6246
f 6247 6248 6249
f 6250 6251 6252
f 6253 6254 6255
f 6256 6257 6258
f 6259 6260 6261
f 6262 6263 6264
f 6265 6266 6267
f 6268 6269 6270
f 6271 6272 6273
f 6274 6275 6276
f 6277 6278 6279
f 6280 6281 6282
f 6283 6284 6285
f 6286 6287 6288
f 6289 6290 6291
f 6292 6293 6294
f 6295 6296 6297
f 6298 6299 6300
f 6301 6302 6303
f 6304 6305 6306
f 6307 6308 6309
f 6310 6311 6312
f 6313 6314 6315
f 6316 6317 6318
f 6319 6320 6321
f 6322 6323 6324
f 6325 6326 6327
f 6328 6329 6330
f 6331 6332 6333
f 6334 6335 6336
f 6337 6338 6339
f 6340 6341 6342
f 6343 6344 6345
f 6346 6347 6348
f 6349 6350 6351
f 6352 6353 6354
f 6355 6356 6357
f 6358 6359 6360
f 6361 6362 6363
f 6364 6365 6366
f 6367 6368 6369
f 6370 6371 6372
f 6373 6374 6375
f 6376 6377 6378
f 6379 6380 6381
f 6382 6383 6384
f 6385 6386 6387
f 6388 6389 6390
f 6391 6392 6393
f 6394 6395 6396
f 6397 6398 6399
f 6400 6401 6402
f 6403 6404 6405
f 6406 6407 6408
f 6409 6410 6411
f 6412 6413 6414
f 6415 6416 6417
f 6418 6419 6420
f 6421 6422 6423
f 6424 6425 6426
f 6427 6428 6429
f 6430 6431 6432
f 6433 6434 6435
f 6436 6437 6438
f 6439 6440 6441
f 6442 6443 6444
f 6445 6446 6447
f 6448 6449 6450
f 6451 6452 6453
f 6454 6455 6456
f 6457 6458 6459
f 6460 6461 6462
f 6463 6464 6465
f 6466 6467 6468
f 6469 6470 6471
f 6472 6473 6474
f 6475 6476 6477
f 6478 6479 6480
f 6481 6482 6483
f 6484 6485 6486
f 6487 6488 6489
f 6490 6491 6492
f 6493 6494 6495
f 6496 6497 6498
f 6499 6500 6501
f 6502 6503 6504
f 6505 6506 6507
f 6508 6509 6510
f 6511 6512 6513
f 6514 6515 6516
f 6517 6518 6519
f 6520 6521 6522
f 6523 6524 6525
f 6526 6527 6528
f 6529 6530 6531
f 6532 6533 6534
f 6535 6536 6537
f 6538 6539 6540
f 6541 6542 6543
f 6544 6545 6546
f 6547 6548 6549
f 6550 6551 6552
f 6553 6554 6555
f 6556 6557 6558
f 6559 6560 6561
f 6562 6563 6564
f 6565 6566 6567
f 6568 6569 6570
f 6571 6572 6573
f 6574 6575 6576
f 6577 6578 6579
f 6580 6581 6582
f 6583 6584 6585
f 6586 6587 6588
f 6589 6590 6591
f 6592 6593 6594
f 6595 6596 6597
f 6598 6599 6600
f 6601 6602 6603
f 6604 6605 6606
f 6607 6608 6609
f 6610 6611 6612
f 6613 6614 6615
f 6616 6617 6618
f 6619 6620 6621
f 6622 6623 6624
f 6625 6626 6627
f 6628 6629 6630
f 6631 6632 6633
f 6634 6635 6636
f 6637 6638 6639
f 6640 6641 6642
f 6643 6644 6645
f 6646 6647 6648
f 6649 6650 6651
f 6652 6653 6654
f 6655 6656 6657
f 6658 6659 6660
f 6661 6662 6663
f 6664 6665 6666
f 6667 6668 6669
f 6670 6671 6672
f 6673 6674 6675
f 6676 6677 6678
f 6679 6680 6681
f 6682 6683 6684
f 6685 6686 6687
f 6688 6689 6690
f 6691 6692 6693
f 6694 6695 6696
f 6697 6698 6699
f 6700 6701 6702
f 6703 6704 6705
f 6706 6707 6708
f 6709 6710 6711
f 6712 6713 6714
f 6715 6716 6717
f 6718 6719 6720
f 6721 6722 6723
f 6724 6725 6726
f 6727 6728 6729
f 6730 6731 6732
f 6733 6734 6735
f 6736 6737 6738
f 6739 6740 6741
f 6742 6743 6744
f 6745 6746 6747
f 6748 6749 6750
f 6751 6752 6753
f 6754 6755 6756
f 6757 6758 6759
f 6760 6761 6762
f 6763 6764 6765
f 6766 6767 6768
f 6769 6770 6771
f 6772 6773 6774
f 6775 6776 6777
f 6778 6779 6780
f 6781 6782 6783
f 6784 6785 6786
f 6787 6788 6789
f 6790 6791 6792
f 6793 6794 6795
f 6796 6797 6798
usemtl mat1
f 6799 6800 6801
f 6802 6803 6804
f 6805 6806 6807
f 6808 6809 6810
f 6811 6812 6813
f 6814 6815 6816
f 6817 6818 6819
f 6820 6821 6822
f 6823 6824 6825
f 6826 6827 6828
f 6829 6830 6831
f 6832 6833 6834
f 6835 6836 6837
f 6838 6839 6840
f 6841 6842 6843
f 6844 6845 6846
f 6847 6848 6849
f 6850 6851 6852
f 6853 6854 6855
f 6856 6857 6858
f 6859 6860 6861
f 6862 6863 6864
f 6865 6866 6867
f 6868 6869 6870
f 6871 6872 6873
f 6874 6875 6876
f 6877 6878 6879
f 6880 6881 6882
f 6883 6884 6885
f 6886 6887 6888
f 6889 6890 6891
f 6892 6893 6894
f 6895 6896 6897
f 6898 6899 6900
f 6901 6902 6903
f 6904 6905 6906
f 6907 6908 6909
f 6910 6911 6912
f 6913 6914 6915
f 6916 6917 6918
f 6919 6920 6921
f 6922 6923 6924
f 6925 6926 6927
f 6928 6929 6930
f 6931 6932 6933
f 6934 6935 6936
f 6937 6938 6939
f 6940 6941 6942
f 6943 6944 6945
f 6946 6947 6948
f 6949 6950 6951
f 6952 6953 6954
f 6955 6956 6957
f 6958 6959 6960
f 6961 6962 6963
f 6964 6965 6966
f 6967 6968 6969
f 6970 6971 6972
f 6973 6974 6975
f 6976 6977 6978
f 6979 6980 6981
f 6982 6983 6984
f 6985 6986 6987
f 6988 6989 6990
f 6991 6992 6993
f 6994 6995 6996
f 6997 6998 6999
f 7000 7001 7002
f 7003 7004 7005
f 7006 7007 7008
f 7009 7010 7011
f 7012 7013 7014
f 7015 7016 7017
f 7018 7019 7020
f 7021 7022 7023
f 7024 7025 7026
f 7027 7028 7029
f 7030 7031 7032
f 7033 7034 7035
f 7036 7037 7038
f 7039 7040 7041
f 7042 7043 7044
f 7045 7046 7047
f 7048 7049 7050
f 7051 7052 7053
f 7054 7055 7056
f 7057 7058 7059
f 7060 7061 7062
f 7063 7064 7065
f 7066 7067 7068
f 7069 7070 7071
f 7072 7073 7074
f 7075 7076 7077
f 7078 7079 7080
f 7081 7082 7083
f 7084 7085 7086
f 7087 7088 7089
f 7090 7091 7092
f 7093 7094 7095
f 7096 7097 7098
f 7099 7100 7101
f 7102 7103 7104
f 7105 7106 7107
f 7108 7109 7110
f 7111 7112 7113
f 7114 7115 7116
f 7117 7118 7119
f 7120 7121 7122
f 7123 7124 7125
f 7126 7127 7128
f 7129 7130 7131
f 7132 7133 7134
f 7135 7136 7137
f 7138 7139 7140
f 7141 7142 7143
f 7144 7145 7146
f 7147 7148 7149
f 7150 7151 7152
f 7153 7154 7155
f 7156 7157 7158
f 7159 7160 7161
f 7162 7163 7164
f 7165 7166 7167
f 7168 7169 7170
f 7171 7172 7173
f 7174 7175 7176
f 7177 7178 7179
f 7180 7181 7182
f 7183 7184 7185
f 7186 7187 7188
f 7189 7190 7191
f 7192 7193 7194
f 7195 7196 7197
f 7198 7199 7200
f 7201 7202 7203
f 7204 7205 7206
f 7207 7208 7209
f 7210 7211 7212
f 7213 7214 7215
f 7216 7217 7218
f 7219 7220 7221
f 7222 7223 7224
f 7225 7226 7227
f 7228 7229 7230
f 7231 7232 7233
f 7234 7235 7236
f 7237 7238 7239
f 7240 7241 7242
f 7243 7244 7245
f 7246 7247 7248
f 7249 7250 7251
f 7252 7253 7254
f 7255 7256 7257
f 7258 7259 7260
f 7261 7262 7263
f 7264 7265 7266
f 7267 7268 7269
f 7270 7271 7272
f 7273 7274 7275
f 7276 7277 7278
f 7279 7280 7281
f 7282 7283 7284
f 7285 7286 7287
f 7288 7289 7290
f 7291 7292 7293
f 7294 7295 7296
f 7297 7298 7299
f 7300 7301 7302
f 7303 7304 7305
f 7306 7307 7308
f 7309 7310 7311
f 7312 7313 7314
f 7315 7316 7317
f 7318 7319 7320
f 7321 7322 7323
f 7324 7325 7326
f 7327 7328 7329
f 7330 7331 7332
f 7333 7334 7335
f 7336 7337 7338
f 7339 7340 7341
f 7342 7343 7344
f 7345 7346 7347
f 7348 7349 7350
f 7351 7352 7353
f 7354 7355 7356
f 7357 7358 7359
f 7360 7361 7362
f 7363 7364 7365
f 7366 7367 7368
f 7369 7370 7371
f 7372 7373 7374
f 7375 7376 7377
f 7378 7379 7380
f 7381 7382 7383
f 7384 7385 7386
f 7387 7388 7389
f 7390 7391 7392
f 7393 7394 7395
f 7396 7397 7398
f 7399 7400 7401
f 7402 7403 7404
f 7405 7406 7407
f 7408 7409 7410
f 7411 7412 7413
f 7414 7415 7416
f 7417 7418 7419
f 7420 7421 7422
f 7423 7424 7425
f 7426 7427 7428
f 7429 7430 7431
f 7432 7433 7434
f 7435 7436 7437
f 7438 7439 7440
f 7441 7442 7443
f 7444 7445 7446
f 7447 7448 7449
f 7450 7451 7452
f 7453 7454 7455
f 7456 7457 7458
f 7459 7460 7461
f 7462 7463 7464
f 7465 7466 7467
f 7468 7469 7470
f 7471 7472 7473
f 7474 7475 7476
f 7477 7478 7479
f 7480 7481 7482
f 7483 7484 7485
f 7486 7487 7488
f 7489 7490 7491
f 7492 7493 7494
f 7495 7496 7497
f 7498 7499 7500
f 7501 7502 7503
f 7504 7505 7506
f 7507 7508 7509
f 7510 7511 7512
f 7513 7514 7515
f 7516 7517 7518
f 7519 7520 7521
f 7522 7523 7524
f 7525 7526 7527
f 7528 7529 7530
f 7531 7532 7533
f 7534 7535 7536
f 7537 7538 7539
f 7540 7541 7542
f 7543 7544 7545
f 7546 7547 7548
f 7549 7550 7551
f 7552 7553 7554
f 7555 7556 7557
f 7558 7559 7560
f 7561 7562 7563
f 7564 7565 7566
f 7567 7568 7569
f 7570 7571 7572
f 7573 7574 7575
f 7576 7577 7578
f 7579 7580 7581
f 7582 7583 7584
f 7585 7586 7587
f 7588 7589 7590
f 7591 7592 7593
f 7594 7595 7596
f 7597 7598 7599
f 7600 7601 7602
f 7603 7604 7605
f 7606 7607 7608
f 7609 7610 7611
f 7612 7613 7614
f 7615 7616 7617
f 7618 7619 7620
f 7621 7622 7623
f 7624 7625 7626
f 7627 7628 7629
f 7630 7631 7632
f 7633 7634 7635
f 7636 7637 7638
f 7639 7640 7641
f 7642 7643 7644
f 7645 7646 7647
f 7648 7649 7650
f 7651 7652 7653
f 7654 7655 7656
f 7657 7658 7659
f 7660 7661 7662
f 7663 7664 7665
f 7666 7667 7668
f 7669 7670 7671
f 7672 7673 7674
f 7675 7676 7677
f 7678 7679 7680
f 7681 7682 7683
f 7684 7685 7686
f 7687 7688 7689
f 7690 7691 7692
f 7693 7694 7695
f 7696 7697 7698
f 7699 7700 7701
f 7702 7703 7704
f 7705 7706 7707
f 7708 7709 7710
f 7711 7712 7713
f 7714 7715 7716
f 7717 7718 7719
f 7720 7721 7722
f 7723 7724 7725
f 7726 7727 7728
f 7729 7730 7731
f 7732 7733 7734
f 7735 7736 7737
f 7738 7739 7740
f 7741 7742 7743
f 7744 7745 7746
f 7747 7748 7749
f 7750 7751 7752
f 7753 7754 7755
f 7756 7757 7758
f 7759 7760 7761
f 7762 7763 7764
f 7765 7766 7767
f 7768 7769 7770
f 7771 7772 7773
f 7774 7775 7776
f 7777 7778 7779
f 7780 7781 7782
f 7783 7784 7785
f 7786 7787 7788
f 7789 7790 7791
f 7792 7793 7794
f 7795 7796 7797
f 7798 7799 7800
f 7801 7802 7803
f 7804 7805 7806
f 7807 7808 7809
f 7810 7811 7812
f 7813 7814 7815
f 7816 7817 7818
f 7819 7820 7821
f 7822 7823 7824
f 7825 7826 7827
f 7828 7829 7830
f 7831 7832 7833
f 7834 7835 7836
f 7837 7838 7839
f 7840 7841 7842
f 7843 7844 7845
f 7846 7847 7848
f 7849 7850 7851
f 7852 7853 7854
f 7855 7856 7857
f 7858 7859 7860
f 7861 7862 7863
f 7864 7865 7866
