mtllib worker_human.mtl
o character
v -1521.227592 29016.794144 1850.145149
v -1352.267593 28259.994148 2020.865148
v -1352.267593 29187.514143 1093.345153
v -966.827595 28259.994148 1093.345153
v -1352.267593 29187.514143 -3493.654822
v -966.827595 28259.994148 -3493.654822
v -1521.227592 29016.794144 -4250.454818
v -1352.267593 28259.994148 -4419.414817
v -1352.267593 4668.514276 2020.865148
v -966.827595 4668.514276 1093.345153
v -966.827595 4668.514276 -3493.654822
v -1352.267593 4668.514276 -4419.414817
v -1521.227592 3911.274280 1850.145149
v -1352.267593 3740.554281 1093.345153
v -1352.267593 3740.554281 -3493.654822
v -1521.227592 3911.274280 -4250.454818
v -6967.107563 29016.794144 -4250.454818
v -7137.827562 28259.994148 -4419.414817
v -7137.827562 29187.514143 -3493.654822
v -7521.947560 28259.994148 -3493.654822
v -7137.827562 29187.514143 1093.345153
v -7521.947560 28259.994148 1093.345153
v -6967.107563 29016.794144 1850.145149
v -7137.827562 28259.994148 2020.865148
v -7137.827562 4668.514276 -4419.414817
v -7521.947560 4668.514276 -3493.654822
v -7521.947560 4668.514276 1093.345153
v -7137.827562 4668.514276 2020.865148
v -6967.107563 3911.274280 -4250.454818
v -7137.827562 3740.554281 -3493.654822
v -7137.827562 3740.554281 1093.345153
v -6967.107563 3911.274280 1850.145149
v -7137.827562 29187.514143 -3493.654822
v -6210.307567 29187.514143 -4419.414817
v -6210.307567 29571.194141 -3493.654822
v -2278.027588 29187.514143 -4419.414817
v -2278.027588 29571.194141 -3493.654822
v -1352.267593 29187.514143 -3493.654822
v -7137.827562 29187.514143 1093.345153
v -6210.307567 29571.194141 1093.345153
v -2278.027588 29571.194141 1093.345153
v -1352.267593 29187.514143 1093.345153
v -6967.107563 29016.794144 1850.145149
v -6210.307567 29187.514143 2020.865148
v -2278.027588 29187.514143 2020.865148
v -1521.227592 29016.794144 1850.145149
v -6967.107563 3911.274280 1850.145149
v -7137.827562 3740.554281 1093.345153
v -6210.307567 3740.554281 2020.865148
v -6210.307567 3356.874283 1093.345153
v -2278.027588 3740.554281 2020.865148
v -2278.027588 3356.874283 1093.345153
v -1521.227592 3911.274280 1850.145149
v -1352.267593 3740.554281 1093.345153
v -7137.827562 3740.554281 -3493.654822
v -6210.307567 3356.874283 -3493.654822
v -2278.027588 3356.874283 -3493.654822
v -1352.267593 3740.554281 -3493.654822
v -6210.307567 3740.554281 -4419.414817
v -2278.027588 3740.554281 -4419.414817
v -6967.107563 29016.794144 1850.145149
v -7137.827562 28259.994148 2020.865148
v -6210.307567 29187.514143 2020.865148
v -6210.307567 28259.994148 2404.545146
v -2278.027588 29187.514143 2020.865148
v -2278.027588 28259.994148 2404.545146
v -1521.227592 29016.794144 1850.145149
v -1352.267593 28259.994148 2020.865148
v -7137.827562 4668.514276 2020.865148
v -6210.307567 4668.514276 2404.545146
v -2278.027588 4668.514276 2404.545146
v -1352.267593 4668.514276 2020.865148
v -6967.107563 3911.274280 1850.145149
v -6210.307567 3740.554281 2020.865148
v -2278.027588 3740.554281 2020.865148
v -1521.227592 3911.274280 1850.145149
v -1521.227592 29016.794144 -4250.454818
v -1352.267593 28259.994148 -4419.414817
v -2278.027588 29187.514143 -4419.414817
v -2278.027588 28259.994148 -4803.094815
v -6210.307567 29187.514143 -4419.414817
v -6210.307567 28259.994148 -4803.094815
v -6967.107563 29016.794144 -4250.454818
v -7137.827562 28259.994148 -4419.414817
v -1352.267593 4668.514276 -4419.414817
v -2278.027588 4668.514276 -4803.094815
v -6210.307567 4668.514276 -4803.094815
v -7137.827562 4668.514276 -4419.414817
v -1521.227592 3911.274280 -4250.454818
v -2278.027588 3740.554281 -4419.414817
v -6210.307567 3740.554281 -4419.414817
v -6967.107563 3911.274280 -4250.454818
v -1218.507594 4252.714278 4937.625132
v -1091.787595 3684.234281 5066.105132
v -1091.787595 4379.874277 4370.905135
v -803.147596 3684.234281 4370.905135
v -1091.787595 4379.874277 -3493.654822
v -803.147596 3684.234281 -3493.654822
v -1218.507594 4252.714278 -4060.374819
v -1091.787595 3684.234281 -4188.854818
v -1091.787595 1718.314292 5066.105132
v -803.147596 1718.314292 4370.905135
v -803.147596 1718.314292 -3493.654822
v -1091.787595 1718.314292 -4188.854818
v -1218.507594 1151.594295 4937.625132
v -1091.787595 1024.874295 4370.905135
v -1091.787595 1024.874295 -3493.654822
v -1218.507594 1151.594295 -4060.374819
v -7270.267561 4252.714278 -4060.374819
v -7396.987560 3684.234281 -4188.854818
v -7396.987560 4379.874277 -3493.654822
v -7685.627559 3684.234281 -3493.654822
v -7396.987560 4379.874277 4370.905135
v -7685.627559 3684.234281 4370.905135
v -7270.267561 4252.714278 4937.625132
v -7396.987560 3684.234281 5066.105132
v -7396.987560 1718.314292 -4188.854818
v -7685.627559 1718.314292 -3493.654822
v -7685.627559 1718.314292 4370.905135
v -7396.987560 1718.314292 5066.105132
v -7270.267561 1151.594295 -4060.374819
v -7396.987560 1024.874295 -3493.654822
v -7396.987560 1024.874295 4370.905135
v -7270.267561 1151.594295 4937.625132
v -7270.267561 4252.714278 -4060.374819
v -7396.987560 4379.874277 -3493.654822
v -6701.347564 4379.874277 -4188.854818
v -6701.347564 4668.514276 -3493.654822
v -1786.987591 4379.874277 -4188.854818
v -1786.987591 4668.514276 -3493.654822
v -1091.787595 4379.874277 -3493.654822
v -7396.987560 4379.874277 4370.905135
v -6701.347564 4668.514276 4370.905135
v -1786.987591 4668.514276 4370.905135
v -1091.787595 4379.874277 4370.905135
v -7270.267561 4252.714278 4937.625132
v -6701.347564 4379.874277 5066.105132
v -1786.987591 4379.874277 5066.105132
v -1218.507594 4252.714278 4937.625132
v -7270.267561 1151.594295 4937.625132
v -7396.987560 1024.874295 4370.905135
v -6701.347564 1024.874295 5066.105132
v -6701.347564 736.234297 4370.905135
v -1786.987591 1024.874295 5066.105132
v -1786.987591 736.234297 4370.905135
v -1218.507594 1151.594295 4937.625132
v -1091.787595 1024.874295 4370.905135
v -7396.987560 1024.874295 -3493.654822
v -6701.347564 736.234297 -3493.654822
v -1786.987591 736.234297 -3493.654822
v -1091.787595 1024.874295 -3493.654822
v -7270.267561 1151.594295 -4060.374819
v -6701.347564 1024.874295 -4188.854818
v -1786.987591 1024.874295 -4188.854818
v -1218.507594 1151.594295 -4060.374819
v -7270.267561 4252.714278 4937.625132
v -7396.987560 3684.234281 5066.105132
v -6701.347564 4379.874277 5066.105132
v -6701.347564 3684.234281 5352.985130
v -1786.987591 4379.874277 5066.105132
v -1786.987591 3684.234281 5352.985130
v -1218.507594 4252.714278 4937.625132
v -1091.787595 3684.234281 5066.105132
v -7396.987560 1718.314292 5066.105132
v -6701.347564 1718.314292 5352.985130
v -1786.987591 1718.314292 5352.985130
v -1091.787595 1718.314292 5066.105132
v -7270.267561 1151.594295 4937.625132
v -6701.347564 1024.874295 5066.105132
v -1786.987591 1024.874295 5066.105132
v -1218.507594 1151.594295 4937.625132
v -1218.507594 4252.714278 -4060.374819
v -1091.787595 3684.234281 -4188.854818
v -1786.987591 4379.874277 -4188.854818
v -1786.987591 3684.234281 -4475.734817
v -6701.347564 4379.874277 -4188.854818
v -6701.347564 3684.234281 -4475.734817
v -7270.267561 4252.714278 -4060.374819
v -7396.987560 3684.234281 -4188.854818
v -1091.787595 1718.314292 -4188.854818
v -1786.987591 1718.314292 -4475.734817
v -6701.347564 1718.314292 -4475.734817
v -7396.987560 1718.314292 -4188.854818
v -1218.507594 1151.594295 -4060.374819
v -1786.987591 1024.874295 -4188.854818
v -6701.347564 1024.874295 -4188.854818
v -7270.267561 1151.594295 -4060.374819
v 6997.612362 29016.794144 1850.145149
v 7168.332361 28259.994148 2020.865148
v 7168.332361 29187.514143 1093.345153
v 7552.452359 28259.994148 1093.345153
v 7168.332361 29187.514143 -3493.654822
v 7552.452359 28259.994148 -3493.654822
v 6997.612362 29016.794144 -4250.454818
v 7168.332361 28259.994148 -4419.414817
v 7168.332361 4668.514276 2020.865148
v 7552.452359 4668.514276 1093.345153
v 7552.452359 4668.514276 -3493.654822
v 7168.332361 4668.514276 -4419.414817
v 6997.612362 3911.274280 1850.145149
v 7168.332361 3740.554281 1093.345153
v 7168.332361 3740.554281 -3493.654822
v 6997.612362 3911.274280 -4250.454818
v 1551.732391 29016.794144 -4250.454818
v 1382.772392 28259.994148 -4419.414817
v 1382.772392 29187.514143 -3493.654822
v 997.332394 28259.994148 -3493.654822
v 1382.772392 29187.514143 1093.345153
v 997.332394 28259.994148 1093.345153
v 1551.732391 29016.794144 1850.145149
v 1382.772392 28259.994148 2020.865148
v 1382.772392 4668.514276 -4419.414817
v 997.332394 4668.514276 -3493.654822
v 997.332394 4668.514276 1093.345153
v 1382.772392 4668.514276 2020.865148
v 1551.732391 3911.274280 -4250.454818
v 1382.772392 3740.554281 -3493.654822
v 1382.772392 3740.554281 1093.345153
v 1551.732391 3911.274280 1850.145149
v 1382.772392 29187.514143 -3493.654822
v 2308.532387 29187.514143 -4419.414817
v 2308.532387 29571.194141 -3493.654822
v 6240.812366 29187.514143 -4419.414817
v 6240.812366 29571.194141 -3493.654822
v 7168.332361 29187.514143 -3493.654822
v 1382.772392 29187.514143 1093.345153
v 2308.532387 29571.194141 1093.345153
v 6240.812366 29571.194141 1093.345153
v 7168.332361 29187.514143 1093.345153
v 1551.732391 29016.794144 1850.145149
v 2308.532387 29187.514143 2020.865148
v 6240.812366 29187.514143 2020.865148
v 6997.612362 29016.794144 1850.145149
v 1551.732391 3911.274280 1850.145149
v 1382.772392 3740.554281 1093.345153
v 2308.532387 3740.554281 2020.865148
v 2308.532387 3356.874283 1093.345153
v 6240.812366 3740.554281 2020.865148
v 6240.812366 3356.874283 1093.345153
v 6997.612362 3911.274280 1850.145149
v 7168.332361 3740.554281 1093.345153
v 1382.772392 3740.554281 -3493.654822
v 2308.532387 3356.874283 -3493.654822
v 6240.812366 3356.874283 -3493.654822
v 7168.332361 3740.554281 -3493.654822
v 2308.532387 3740.554281 -4419.414817
v 6240.812366 3740.554281 -4419.414817
v 1551.732391 29016.794144 1850.145149
v 1382.772392 28259.994148 2020.865148
v 2308.532387 29187.514143 2020.865148
v 2308.532387 28259.994148 2404.545146
v 6240.812366 29187.514143 2020.865148
v 6240.812366 28259.994148 2404.545146
v 6997.612362 29016.794144 1850.145149
v 7168.332361 28259.994148 2020.865148
v 1382.772392 4668.514276 2020.865148
v 2308.532387 4668.514276 2404.545146
v 6240.812366 4668.514276 2404.545146
v 7168.332361 4668.514276 2020.865148
v 1551.732391 3911.274280 1850.145149
v 2308.532387 3740.554281 2020.865148
v 6240.812366 3740.554281 2020.865148
v 6997.612362 3911.274280 1850.145149
v 6997.612362 29016.794144 -4250.454818
v 7168.332361 28259.994148 -4419.414817
v 6240.812366 29187.514143 -4419.414817
v 6240.812366 28259.994148 -4803.094815
v 2308.532387 29187.514143 -4419.414817
v 2308.532387 28259.994148 -4803.094815
v 1551.732391 29016.794144 -4250.454818
v 1382.772392 28259.994148 -4419.414817
v 7168.332361 4668.514276 -4419.414817
v 6240.812366 4668.514276 -4803.094815
v 2308.532387 4668.514276 -4803.094815
v 1382.772392 4668.514276 -4419.414817
v 6997.612362 3911.274280 -4250.454818
v 6240.812366 3740.554281 -4419.414817
v 2308.532387 3740.554281 -4419.414817
v 1551.732391 3911.274280 -4250.454818
v 7300.772360 4252.714278 4937.625132
v 7427.492359 3684.234281 5066.105132
v 7427.492359 4379.874277 4370.905135
v 7716.132358 3684.234281 4370.905135
v 7427.492359 4379.874277 -3493.654822
v 7716.132358 3684.234281 -3493.654822
v 7300.772360 4252.714278 -4060.374819
v 7427.492359 3684.234281 -4188.854818
v 7427.492359 1718.314292 5066.105132
v 7716.132358 1718.314292 4370.905135
v 7716.132358 1718.314292 -3493.654822
v 7427.492359 1718.314292 -4188.854818
v 7300.772360 1151.594295 4937.625132
v 7427.492359 1024.874295 4370.905135
v 7427.492359 1024.874295 -3493.654822
v 7300.772360 1151.594295 -4060.374819
v 1249.012393 4252.714278 -4060.374819
v 1122.292393 3684.234281 -4188.854818
v 1122.292393 4379.874277 -3493.654822
v 833.652395 3684.234281 -3493.654822
v 1122.292393 4379.874277 4370.905135
v 833.652395 3684.234281 4370.905135
v 1249.012393 4252.714278 4937.625132
v 1122.292393 3684.234281 5066.105132
v 1122.292393 1718.314292 -4188.854818
v 833.652395 1718.314292 -3493.654822
v 833.652395 1718.314292 4370.905135
v 1122.292393 1718.314292 5066.105132
v 1249.012393 1151.594295 -4060.374819
v 1122.292393 1024.874295 -3493.654822
v 1122.292393 1024.874295 4370.905135
v 1249.012393 1151.594295 4937.625132
v 1249.012393 4252.714278 -4060.374819
v 1122.292393 4379.874277 -3493.654822
v 1817.492390 4379.874277 -4188.854818
v 1817.492390 4668.514276 -3493.654822
v 6731.852363 4379.874277 -4188.854818
v 6731.852363 4668.514276 -3493.654822
v 7427.492359 4379.874277 -3493.654822
v 1122.292393 4379.874277 4370.905135
v 1817.492390 4668.514276 4370.905135
v 6731.852363 4668.514276 4370.905135
v 7427.492359 4379.874277 4370.905135
v 1249.012393 4252.714278 4937.625132
v 1817.492390 4379.874277 5066.105132
v 6731.852363 4379.874277 5066.105132
v 7300.772360 4252.714278 4937.625132
v 1249.012393 1151.594295 4937.625132
v 1122.292393 1024.874295 4370.905135
v 1817.492390 1024.874295 5066.105132
v 1817.492390 736.234297 4370.905135
v 6731.852363 1024.874295 5066.105132
v 6731.852363 736.234297 4370.905135
v 7300.772360 1151.594295 4937.625132
v 7427.492359 1024.874295 4370.905135
v 1122.292393 1024.874295 -3493.654822
v 1817.492390 736.234297 -3493.654822
v 6731.852363 736.234297 -3493.654822
v 7427.492359 1024.874295 -3493.654822
v 1249.012393 1151.594295 -4060.374819
v 1817.492390 1024.874295 -4188.854818
v 6731.852363 1024.874295 -4188.854818
v 7300.772360 1151.594295 -4060.374819
v 1249.012393 4252.714278 4937.625132
v 1122.292393 3684.234281 5066.105132
v 1817.492390 4379.874277 5066.105132
v 1817.492390 3684.234281 5352.985130
v 6731.852363 4379.874277 5066.105132
v 6731.852363 3684.234281 5352.985130
v 7300.772360 4252.714278 4937.625132
v 7427.492359 3684.234281 5066.105132
v 1122.292393 1718.314292 5066.105132
v 1817.492390 1718.314292 5352.985130
v 6731.852363 1718.314292 5352.985130
v 7427.492359 1718.314292 5066.105132
v 1249.012393 1151.594295 4937.625132
v 1817.492390 1024.874295 5066.105132
v 6731.852363 1024.874295 5066.105132
v 7300.772360 1151.594295 4937.625132
v 7300.772360 4252.714278 -4060.374819
v 7427.492359 3684.234281 -4188.854818
v 6731.852363 4379.874277 -4188.854818
v 6731.852363 3684.234281 -4475.734817
v 1817.492390 4379.874277 -4188.854818
v 1817.492390 3684.234281 -4475.734817
v 1249.012393 4252.714278 -4060.374819
v 1122.292393 3684.234281 -4188.854818
v 7427.492359 1718.314292 -4188.854818
v 6731.852363 1718.314292 -4475.734817
v 1817.492390 1718.314292 -4475.734817
v 1122.292393 1718.314292 -4188.854818
v 7300.772360 1151.594295 -4060.374819
v 6731.852363 1024.874295 -4188.854818
v 1817.492390 1024.874295 -4188.854818
v 1249.012393 1151.594295 -4060.374819
v 6392.502399 24481.099219 -882.959842
v 6649.002399 23346.724219 -627.959842
v 6649.002399 24736.099219 -2018.459842
v 7223.502399 23346.724219 -2018.459842
v 6649.002399 24736.099219 -6606.209842
v 7223.502399 23346.724219 -6606.209842
v 6392.502399 24481.099219 -7741.709842
v 6649.002399 23346.724219 -7996.709842
v 6649.002399 6962.224219 -627.959842
v 7223.502399 6962.224219 -2018.459842
v 7223.502399 6962.224219 -6606.209842
v 6649.002399 6962.224219 -7996.709842
v 6392.502399 5827.849219 -882.959842
v 6649.002399 5572.849219 -2018.459842
v 6649.002399 5572.849219 -6606.209842
v 6392.502399 5827.849219 -7741.709842
v -6361.997601 24481.099219 -7741.709842
v -6618.497601 23346.724219 -7996.709842
v -6618.497601 24736.099219 -6606.209842
v -7192.997601 23346.724219 -6606.209842
v -6618.497601 24736.099219 -2018.459842
v -7192.997601 23346.724219 -2018.459842
v -6361.997601 24481.099219 -882.959842
v -6618.497601 23346.724219 -627.959842
v -6618.497601 6962.224219 -7996.709842
v -7192.997601 6962.224219 -6606.209842
v -7192.997601 6962.224219 -2018.459842
v -6618.497601 6962.224219 -627.959842
v -6361.997601 5827.849219 -7741.709842
v -6618.497601 5572.849219 -6606.209842
v -6618.497601 5572.849219 -2018.459842
v -6361.997601 5827.849219 -882.959842
v -6618.497601 24736.099219 -6606.209842
v -5227.622601 24736.099219 -7996.709842
v -5227.622601 25312.099219 -6606.209842
v 5258.127399 24736.099219 -7996.709842
v 5258.127399 25312.099219 -6606.209842
v 6649.002399 24736.099219 -6606.209842
v -6618.497601 24736.099219 -2018.459842
v -5227.622601 25312.099219 -2018.459842
v 5258.127399 25312.099219 -2018.459842
v 6649.002399 24736.099219 -2018.459842
v -6361.997601 24481.099219 -882.959842
v -5227.622601 24736.099219 -627.959842
v 5258.127399 24736.099219 -627.959842
v 6392.502399 24481.099219 -882.959842
v -6361.997601 5827.849219 -882.959842
v -6618.497601 5572.849219 -2018.459842
v -5227.622601 5572.849219 -627.959842
v -5227.622601 4996.849219 -2018.459842
v 5258.127399 5572.849219 -627.959842
v 5258.127399 4996.849219 -2018.459842
v 6392.502399 5827.849219 -882.959842
v 6649.002399 5572.849219 -2018.459842
v -6618.497601 5572.849219 -6606.209842
v -5227.622601 4996.849219 -6606.209842
v 5258.127399 4996.849219 -6606.209842
v 6649.002399 5572.849219 -6606.209842
v -5227.622601 5572.849219 -7996.709842
v 5258.127399 5572.849219 -7996.709842
v -6361.997601 24481.099219 -882.959842
v -6618.497601 23346.724219 -627.959842
v -5227.622601 24736.099219 -627.959842
v -5227.622601 23346.724219 -51.959842
v 5258.127399 24736.099219 -627.959842
v 5258.127399 23346.724219 -51.959842
v 6392.502399 24481.099219 -882.959842
v 6649.002399 23346.724219 -627.959842
v -6618.497601 6962.224219 -627.959842
v -5227.622601 6962.224219 -51.959842
v 5258.127399 6962.224219 -51.959842
v 6649.002399 6962.224219 -627.959842
v -6361.997601 5827.849219 -882.959842
v -5227.622601 5572.849219 -627.959842
v 5258.127399 5572.849219 -627.959842
v 6392.502399 5827.849219 -882.959842
v 6392.502399 24481.099219 -7741.709842
v 6649.002399 23346.724219 -7996.709842
v 5258.127399 24736.099219 -7996.709842
v 5258.127399 23346.724219 -8572.709842
v -5227.622601 24736.099219 -7996.709842
v -5227.622601 23346.724219 -8572.709842
v -6361.997601 24481.099219 -7741.709842
v -6618.497601 23346.724219 -7996.709842
v 6649.002399 6962.224219 -7996.709842
v 5258.127399 6962.224219 -8572.709842
v -5227.622601 6962.224219 -8572.709842
v -6618.497601 6962.224219 -7996.709842
v 6392.502399 5827.849219 -7741.709842
v 5258.127399 5572.849219 -7996.709842
v -5227.622601 5572.849219 -7996.709842
v -6361.997601 5827.849219 -7741.709842
v -7876.997601 22172.224219 -1391.459842
v -7717.997601 21462.724219 -1230.959842
v -7717.997601 22331.224219 -2100.959842
v -7357.997601 21462.724219 -2100.959842
v -7717.997601 22331.224219 -5213.834842
v -7357.997601 21462.724219 -5213.834842
v -7876.997601 22172.224219 -5923.709842
v -7717.997601 21462.724219 -6082.709842
v -7717.997601 12778.474219 -1230.959842
v -7357.997601 12778.474219 -2100.959842
v -7357.997601 12778.474219 -5213.834842
v -7717.997601 12778.474219 -6082.709842
v -7876.997601 12068.599219 -1391.459842
v -7717.997601 11909.599219 -2100.959842
v -7717.997601 11909.599219 -5213.834842
v -7876.997601 12068.599219 -5923.709842
v -11753.372601 22172.224219 -5923.709842
v -11912.372601 21462.724219 -6082.709842
v -11912.372601 22331.224219 -5213.834842
v -12272.372601 21462.724219 -5213.834842
v -11912.372601 22331.224219 -2100.959842
v -12272.372601 21462.724219 -2100.959842
v -11753.372601 22172.224219 -1391.459842
v -11912.372601 21462.724219 -1230.959842
v -11912.372601 12778.474219 -6082.709842
v -12272.372601 12778.474219 -5213.834842
v -12272.372601 12778.474219 -2100.959842
v -11912.372601 12778.474219 -1230.959842
v -11753.372601 12068.599219 -5923.709842
v -11912.372601 11909.599219 -5213.834842
v -11912.372601 11909.599219 -2100.959842
v -11753.372601 12068.599219 -1391.459842
v -11753.372601 22172.224219 -5923.709842
v -11912.372601 22331.224219 -5213.834842
v -11043.872601 22331.224219 -6082.709842
v -11043.872601 22691.224219 -5213.834842
v -8586.497601 22331.224219 -6082.709842
v -8586.497601 22691.224219 -5213.834842
v -7717.997601 22331.224219 -5213.834842
v -11912.372601 22331.224219 -2100.959842
v -11043.872601 22691.224219 -2100.959842
v -8586.497601 22691.224219 -2100.959842
v -7717.997601 22331.224219 -2100.959842
v -11753.372601 22172.224219 -1391.459842
v -11043.872601 22331.224219 -1230.959842
v -8586.497601 22331.224219 -1230.959842
v -7876.997601 22172.224219 -1391.459842
v -11753.372601 12068.599219 -1391.459842
v -11912.372601 11909.599219 -2100.959842
v -11043.872601 11909.599219 -1230.959842
v -11043.872601 11549.599219 -2100.959842
v -8586.497601 11909.599219 -1230.959842
v -8586.497601 11549.599219 -2100.959842
v -7876.997601 12068.599219 -1391.459842
v -7717.997601 11909.599219 -2100.959842
v -11912.372601 11909.599219 -5213.834842
v -11043.872601 11549.599219 -5213.834842
v -8586.497601 11549.599219 -5213.834842
v -7717.997601 11909.599219 -5213.834842
v -11753.372601 12068.599219 -5923.709842
v -11043.872601 11909.599219 -6082.709842
v -8586.497601 11909.599219 -6082.709842
v -7876.997601 12068.599219 -5923.709842
v -11753.372601 22172.224219 -1391.459842
v -11912.372601 21462.724219 -1230.959842
v -11043.872601 22331.224219 -1230.959842
v -11043.872601 21462.724219 -870.959842
v -8586.497601 22331.224219 -1230.959842
v -8586.497601 21462.724219 -870.959842
v -7876.997601 22172.224219 -1391.459842
v -7717.997601 21462.724219 -1230.959842
v -11912.372601 12778.474219 -1230.959842
v -11043.872601 12778.474219 -870.959842
v -8586.497601 12778.474219 -870.959842
v -7717.997601 12778.474219 -1230.959842
v -11753.372601 12068.599219 -1391.459842
v -11043.872601 11909.599219 -1230.959842
v -8586.497601 11909.599219 -1230.959842
v -7876.997601 12068.599219 -1391.459842
v -7876.997601 22172.224219 -5923.709842
v -7717.997601 21462.724219 -6082.709842
v -8586.497601 22331.224219 -6082.709842
v -8586.497601 21462.724219 -6442.709842
v -11043.872601 22331.224219 -6082.709842
v -11043.872601 21462.724219 -6442.709842
v -11753.372601 22172.224219 -5923.709842
v -11912.372601 21462.724219 -6082.709842
v -7717.997601 12778.474219 -6082.709842
v -8586.497601 12778.474219 -6442.709842
v -11043.872601 12778.474219 -6442.709842
v -11912.372601 12778.474219 -6082.709842
v -7876.997601 12068.599219 -5923.709842
v -8586.497601 11909.599219 -6082.709842
v -11043.872601 11909.599219 -6082.709842
v -11753.372601 12068.599219 -5923.709842
v -8005.997601 12047.599219 8636.790158
v -7857.497601 11386.099219 8786.790158
v -7857.497601 12197.974219 7975.290158
v -7521.497601 11386.099219 7975.290158
v -7857.497601 12197.974219 -3493.334842
v -7521.497601 11386.099219 -3493.334842
v -8005.997601 12047.599219 -4154.834842
v -7857.497601 11386.099219 -4303.334842
v -7857.497601 8436.724219 8786.790158
v -7521.497601 8436.724219 7975.290158
v -7521.497601 8436.724219 -3493.334842
v -7857.497601 8436.724219 -4303.334842
v -8005.997601 7775.224219 8636.790158
v -7857.497601 7626.724219 7975.290158
v -7857.497601 7626.724219 -3493.334842
v -8005.997601 7775.224219 -4154.834842
v -11624.372601 12047.599219 -4154.834842
v -11772.872601 11386.099219 -4303.334842
v -11772.872601 12197.974219 -3493.334842
v -12108.872601 11386.099219 -3493.334842
v -11772.872601 12197.974219 7975.290158
v -12108.872601 11386.099219 7975.290158
v -11624.372601 12047.599219 8636.790158
v -11772.872601 11386.099219 8786.790158
v -11772.872601 8436.724219 -4303.334842
v -12108.872601 8436.724219 -3493.334842
v -12108.872601 8436.724219 7975.290158
v -11772.872601 8436.724219 8786.790158
v -11624.372601 7775.224219 -4154.834842
v -11772.872601 7626.724219 -3493.334842
v -11772.872601 7626.724219 7975.290158
v -11624.372601 7775.224219 8636.790158
v -11772.872601 12197.974219 -3493.334842
v -10961.372601 12197.974219 -4303.334842
v -10961.372601 12533.974219 -3493.334842
v -8667.497601 12197.974219 -4303.334842
v -8667.497601 12533.974219 -3493.334842
v -7857.497601 12197.974219 -3493.334842
v -11772.872601 12197.974219 7975.290158
v -10961.372601 12533.974219 7975.290158
v -8667.497601 12533.974219 7975.290158
v -7857.497601 12197.974219 7975.290158
v -11624.372601 12047.599219 8636.790158
v -10961.372601 12197.974219 8786.790158
v -8667.497601 12197.974219 8786.790158
v -8005.997601 12047.599219 8636.790158
v -11624.372601 7775.224219 8636.790158
v -11772.872601 7626.724219 7975.290158
v -10961.372601 7626.724219 8786.790158
v -10961.372601 7290.724219 7975.290158
v -8667.497601 7626.724219 8786.790158
v -8667.497601 7290.724219 7975.290158
v -8005.997601 7775.224219 8636.790158
v -7857.497601 7626.724219 7975.290158
v -11772.872601 7626.724219 -3493.334842
v -10961.372601 7290.724219 -3493.334842
v -8667.497601 7290.724219 -3493.334842
v -7857.497601 7626.724219 -3493.334842
v -10961.372601 7626.724219 -4303.334842
v -8667.497601 7626.724219 -4303.334842
v -11624.372601 12047.599219 8636.790158
v -11772.872601 11386.099219 8786.790158
v -10961.372601 12197.974219 8786.790158
v -10961.372601 11386.099219 9122.790158
v -8667.497601 12197.974219 8786.790158
v -8667.497601 11386.099219 9122.790158
v -8005.997601 12047.599219 8636.790158
v -7857.497601 11386.099219 8786.790158
v -11772.872601 8436.724219 8786.790158
v -10961.372601 8436.724219 9122.790158
v -8667.497601 8436.724219 9122.790158
v -7857.497601 8436.724219 8786.790158
v -11624.372601 7775.224219 8636.790158
v -10961.372601 7626.724219 8786.790158
v -8667.497601 7626.724219 8786.790158
v -8005.997601 7775.224219 8636.790158
v -8005.997601 12047.599219 -4154.834842
v -7857.497601 11386.099219 -4303.334842
v -8667.497601 12197.974219 -4303.334842
v -8667.497601 11386.099219 -4639.334842
v -10961.372601 12197.974219 -4303.334842
v -10961.372601 11386.099219 -4639.334842
v -11624.372601 12047.599219 -4154.834842
v -11772.872601 11386.099219 -4303.334842
v -7857.497601 8436.724219 -4303.334842
v -8667.497601 8436.724219 -4639.334842
v -10961.372601 8436.724219 -4639.334842
v -11772.872601 8436.724219 -4303.334842
v -8005.997601 7775.224219 -4154.834842
v -8667.497601 7626.724219 -4303.334842
v -10961.372601 7626.724219 -4303.334842
v -11624.372601 7775.224219 -4154.834842
v 11783.877399 22172.224219 -1391.459842
v 11942.877399 21462.724219 -1230.959842
v 11942.877399 22331.224219 -2100.959842
v 12302.877399 21462.724219 -2100.959842
v 11942.877399 22331.224219 -5213.834842
v 12302.877399 21462.724219 -5213.834842
v 11783.877399 22172.224219 -5923.709842
v 11942.877399 21462.724219 -6082.709842
v 11942.877399 12778.474219 -1230.959842
v 12302.877399 12778.474219 -2100.959842
v 12302.877399 12778.474219 -5213.834842
v 11942.877399 12778.474219 -6082.709842
v 11783.877399 12068.599219 -1391.459842
v 11942.877399 11909.599219 -2100.959842
v 11942.877399 11909.599219 -5213.834842
v 11783.877399 12068.599219 -5923.709842
v 7907.502399 22172.224219 -5923.709842
v 7748.502399 21462.724219 -6082.709842
v 7748.502399 22331.224219 -5213.834842
v 7388.502399 21462.724219 -5213.834842
v 7748.502399 22331.224219 -2100.959842
v 7388.502399 21462.724219 -2100.959842
v 7907.502399 22172.224219 -1391.459842
v 7748.502399 21462.724219 -1230.959842
v 7748.502399 12778.474219 -6082.709842
v 7388.502399 12778.474219 -5213.834842
v 7388.502399 12778.474219 -2100.959842
v 7748.502399 12778.474219 -1230.959842
v 7907.502399 12068.599219 -5923.709842
v 7748.502399 11909.599219 -5213.834842
v 7748.502399 11909.599219 -2100.959842
v 7907.502399 12068.599219 -1391.459842
v 7907.502399 22172.224219 -5923.709842
v 7748.502399 22331.224219 -5213.834842
v 8617.002399 22331.224219 -6082.709842
v 8617.002399 22691.224219 -5213.834842
v 11074.377399 22331.224219 -6082.709842
v 11074.377399 22691.224219 -5213.834842
v 11942.877399 22331.224219 -5213.834842
v 7748.502399 22331.224219 -2100.959842
v 8617.002399 22691.224219 -2100.959842
v 11074.377399 22691.224219 -2100.959842
v 11942.877399 22331.224219 -2100.959842
v 7907.502399 22172.224219 -1391.459842
v 8617.002399 22331.224219 -1230.959842
v 11074.377399 22331.224219 -1230.959842
v 11783.877399 22172.224219 -1391.459842
v 7907.502399 12068.599219 -1391.459842
v 7748.502399 11909.599219 -2100.959842
v 8617.002399 11909.599219 -1230.959842
v 8617.002399 11549.599219 -2100.959842
v 11074.377399 11909.599219 -1230.959842
v 11074.377399 11549.599219 -2100.959842
v 11783.877399 12068.599219 -1391.459842
v 11942.877399 11909.599219 -2100.959842
v 7748.502399 11909.599219 -5213.834842
v 8617.002399 11549.599219 -5213.834842
v 11074.377399 11549.599219 -5213.834842
v 11942.877399 11909.599219 -5213.834842
v 7907.502399 12068.599219 -5923.709842
v 8617.002399 11909.599219 -6082.709842
v 11074.377399 11909.599219 -6082.709842
v 11783.877399 12068.599219 -5923.709842
v 7907.502399 22172.224219 -1391.459842
v 7748.502399 21462.724219 -1230.959842
v 8617.002399 22331.224219 -1230.959842
v 8617.002399 21462.724219 -870.959842
v 11074.377399 22331.224219 -1230.959842
v 11074.377399 21462.724219 -870.959842
v 11783.877399 22172.224219 -1391.459842
v 11942.877399 21462.724219 -1230.959842
v 7748.502399 12778.474219 -1230.959842
v 8617.002399 12778.474219 -870.959842
v 11074.377399 12778.474219 -870.959842
v 11942.877399 12778.474219 -1230.959842
v 7907.502399 12068.599219 -1391.459842
v 8617.002399 11909.599219 -1230.959842
v 11074.377399 11909.599219 -1230.959842
v 11783.877399 12068.599219 -1391.459842
v 11783.877399 22172.224219 -5923.709842
v 11942.877399 21462.724219 -6082.709842
v 11074.377399 22331.224219 -6082.709842
v 11074.377399 21462.724219 -6442.709842
v 8617.002399 22331.224219 -6082.709842
v 8617.002399 21462.724219 -6442.709842
v 7907.502399 22172.224219 -5923.709842
v 7748.502399 21462.724219 -6082.709842
v 11942.877399 12778.474219 -6082.709842
v 11074.377399 12778.474219 -6442.709842
v 8617.002399 12778.474219 -6442.709842
v 7748.502399 12778.474219 -6082.709842
v 11783.877399 12068.599219 -5923.709842
v 11074.377399 11909.599219 -6082.709842
v 8617.002399 11909.599219 -6082.709842
v 7907.502399 12068.599219 -5923.709842
v 11654.877399 12047.599219 8636.790158
v 11803.377399 11386.099219 8786.790158
v 11803.377399 12197.974219 7975.290158
v 12139.377399 11386.099219 7975.290158
v 11803.377399 12197.974219 -3493.334842
v 12139.377399 11386.099219 -3493.334842
v 11654.877399 12047.599219 -4154.834842
v 11803.377399 11386.099219 -4303.334842
v 11803.377399 8436.724219 8786.790158
v 12139.377399 8436.724219 7975.290158
v 12139.377399 8436.724219 -3493.334842
v 11803.377399 8436.724219 -4303.334842
v 11654.877399 7775.224219 8636.790158
v 11803.377399 7626.724219 7975.290158
v 11803.377399 7626.724219 -3493.334842
v 11654.877399 7775.224219 -4154.834842
v 8036.502399 12047.599219 -4154.834842
v 7888.002399 11386.099219 -4303.334842
v 7888.002399 12197.974219 -3493.334842
v 7552.002399 11386.099219 -3493.334842
v 7888.002399 12197.974219 7975.290158
v 7552.002399 11386.099219 7975.290158
v 8036.502399 12047.599219 8636.790158
v 7888.002399 11386.099219 8786.790158
v 7888.002399 8436.724219 -4303.334842
v 7552.002399 8436.724219 -3493.334842
v 7552.002399 8436.724219 7975.290158
v 7888.002399 8436.724219 8786.790158
v 8036.502399 7775.224219 -4154.834842
v 7888.002399 7626.724219 -3493.334842
v 7888.002399 7626.724219 7975.290158
v 8036.502399 7775.224219 8636.790158
v 7888.002399 12197.974219 -3493.334842
v 8698.002399 12197.974219 -4303.334842
v 8698.002399 12533.974219 -3493.334842
v 10991.877399 12197.974219 -4303.334842
v 10991.877399 12533.974219 -3493.334842
v 11803.377399 12197.974219 -3493.334842
v 7888.002399 12197.974219 7975.290158
v 8698.002399 12533.974219 7975.290158
v 10991.877399 12533.974219 7975.290158
v 11803.377399 12197.974219 7975.290158
v 8036.502399 12047.599219 8636.790158
v 8698.002399 12197.974219 8786.790158
v 10991.877399 12197.974219 8786.790158
v 11654.877399 12047.599219 8636.790158
v 8036.502399 7775.224219 8636.790158
v 7888.002399 7626.724219 7975.290158
v 8698.002399 7626.724219 8786.790158
v 8698.002399 7290.724219 7975.290158
v 10991.877399 7626.724219 8786.790158
v 10991.877399 7290.724219 7975.290158
v 11654.877399 7775.224219 8636.790158
v 11803.377399 7626.724219 7975.290158
v 7888.002399 7626.724219 -3493.334842
v 8698.002399 7290.724219 -3493.334842
v 10991.877399 7290.724219 -3493.334842
v 11803.377399 7626.724219 -3493.334842
v 8698.002399 7626.724219 -4303.334842
v 10991.877399 7626.724219 -4303.334842
v 8036.502399 12047.599219 8636.790158
v 7888.002399 11386.099219 8786.790158
v 8698.002399 12197.974219 8786.790158
v 8698.002399 11386.099219 9122.790158
v 10991.877399 12197.974219 8786.790158
v 10991.877399 11386.099219 9122.790158
v 11654.877399 12047.599219 8636.790158
v 11803.377399 11386.099219 8786.790158
v 7888.002399 8436.724219 8786.790158
v 8698.002399 8436.724219 9122.790158
v 10991.877399 8436.724219 9122.790158
v 11803.377399 8436.724219 8786.790158
v 8036.502399 7775.224219 8636.790158
v 8698.002399 7626.724219 8786.790158
v 10991.877399 7626.724219 8786.790158
v 11654.877399 7775.224219 8636.790158
v 11654.877399 12047.599219 -4154.834842
v 11803.377399 11386.099219 -4303.334842
v 10991.877399 12197.974219 -4303.334842
v 10991.877399 11386.099219 -4639.334842
v 8698.002399 12197.974219 -4303.334842
v 8698.002399 11386.099219 -4639.334842
v 8036.502399 12047.599219 -4154.834842
v 7888.002399 11386.099219 -4303.334842
v 11803.377399 8436.724219 -4303.334842
v 10991.877399 8436.724219 -4639.334842
v 8698.002399 8436.724219 -4639.334842
v 7888.002399 8436.724219 -4303.334842
v 11654.877399 7775.224219 -4154.834842
v 10991.877399 7626.724219 -4303.334842
v 8698.002399 7626.724219 -4303.334842
v 8036.502399 7775.224219 -4154.834842
v 6884.764545 14242.686766 3867.609972
v 7140.064532 13106.786824 4123.372459
v 7140.064532 14496.136753 2731.710031
v 7715.877002 13106.786824 2731.710031
v 7140.064532 14496.136753 -2836.789682
v 7715.877002 13106.786824 -2836.789682
v 6884.764545 14242.686766 -3973.152123
v 7140.064532 13106.786824 -4228.452110
v 7140.064532 1966.549899 4123.372459
v 7715.877002 1966.549899 2731.710031
v 7715.877002 1966.549899 -2836.789682
v 7140.064532 1966.549899 -4228.452110
v 6884.764545 830.649957 3867.609972
v 7140.064532 575.349970 2731.710031
v 7140.064532 575.349970 -2836.789682
v 6884.764545 830.649957 -3973.152123
v -6854.259746 14242.686766 -3973.152123
v -7109.559733 13106.786824 -4228.452110
v -7109.559733 14496.136753 -2836.789682
v -7685.372204 13106.786824 -2836.789682
v -7109.559733 14496.136753 2731.710031
v -7685.372204 13106.786824 2731.710031
v -6854.259746 14242.686766 3867.609972
v -7109.559733 13106.786824 4123.372459
v -7109.559733 1966.549899 -4228.452110
v -7685.372204 1966.549899 -2836.789682
v -7685.372204 1966.549899 2731.710031
v -7109.559733 1966.549899 4123.372459
v -6854.259746 830.649957 -3973.152123
v -7109.559733 575.349970 -2836.789682
v -7109.559733 575.349970 2731.710031
v -6854.259746 830.649957 3867.609972
v -6854.259746 14242.686766 -3973.152123
v -7109.559733 14496.136753 -2836.789682
v -5718.359805 14496.136753 -4228.452110
v -5718.359805 15073.336723 -2836.789682
v 5748.864604 14496.136753 -4228.452110
v 5748.864604 15073.336723 -2836.789682
v 7140.064532 14496.136753 -2836.789682
v -7109.559733 14496.136753 2731.710031
v -5718.359805 15073.336723 2731.710031
v 5748.864604 15073.336723 2731.710031
v 7140.064532 14496.136753 2731.710031
v -6854.259746 14242.686766 3867.609972
v -5718.359805 14496.136753 4123.372459
v 5748.864604 14496.136753 4123.372459
v 6884.764545 14242.686766 3867.609972
v -6854.259746 830.649957 3867.609972
v -7109.559733 575.349970 2731.710031
v -5718.359805 575.349970 4123.372459
v -5718.359805 0.000000 2731.710031
v 5748.864604 575.349970 4123.372459
v 5748.864604 0.000000 2731.710031
v 6884.764545 830.649957 3867.609972
v 7140.064532 575.349970 2731.710031
v -7109.559733 575.349970 -2836.789682
v -5718.359805 0.000000 -2836.789682
v 5748.864604 0.000000 -2836.789682
v 7140.064532 575.349970 -2836.789682
v -6854.259746 830.649957 -3973.152123
v -5718.359805 575.349970 -4228.452110
v 5748.864604 575.349970 -4228.452110
v -6854.259746 14242.686766 3867.609972
v -7109.559733 13106.786824 4123.372459
v -5718.359805 14496.136753 4123.372459
v -5718.359805 13106.786824 4698.722430
v 5748.864604 14496.136753 4123.372459
v 5748.864604 13106.786824 4698.722430
v 6884.764545 14242.686766 3867.609972
v 7140.064532 13106.786824 4123.372459
v -7109.559733 1966.549899 4123.372459
v -5718.359805 1966.549899 4698.722430
v 5748.864604 1966.549899 4698.722430
v 7140.064532 1966.549899 4123.372459
v -6854.259746 830.649957 3867.609972
v -5718.359805 575.349970 4123.372459
v 5748.864604 575.349970 4123.372459
v 6884.764545 830.649957 3867.609972
v 6884.764545 14242.686766 -3973.152123
v 7140.064532 13106.786824 -4228.452110
v 5748.864604 14496.136753 -4228.452110
v 5748.864604 13106.786824 -4803.802081
v -5718.359805 14496.136753 -4228.452110
v -5718.359805 13106.786824 -4803.802081
v -6854.259746 14242.686766 -3973.152123
v -7109.559733 13106.786824 -4228.452110
v 7140.064532 1966.549899 -4228.452110
v 5748.864604 1966.549899 -4803.802081
v -5718.359805 1966.549899 -4803.802081
v -7109.559733 1966.549899 -4228.452110
v 6884.764545 830.649957 -3973.152123
v 5748.864604 575.349970 -4228.452110
v -5718.359805 575.349970 -4228.452110
v -6854.259746 830.649957 -3973.152123
v 3661.602211 29859.923461 3921.259970
v 3798.502204 29243.873492 4058.159963
v 3798.502204 29996.823454 3305.210001
v 4111.614688 29243.873492 3305.210001
v 3798.502204 29996.823454 -3410.289652
v 4111.614688 29243.873492 -3410.289652
v 3661.602211 29859.923461 -4026.802121
v 3798.502204 29243.873492 -4163.702114
v 3798.502204 27114.523602 4058.159963
v 4111.614688 27114.523602 3305.210001
v 4111.614688 27114.523602 -3410.289652
v 3798.502204 27114.523602 -4163.702114
v 3661.602211 26499.861134 3921.259970
v 3798.502204 26361.111141 3305.210001
v 3798.502204 26361.111141 -3410.289652
v 3661.602211 26499.861134 -4026.802121
v -3631.097413 29859.923461 -4026.802121
v -3767.997406 29243.873492 -4163.702114
v -3767.997406 29996.823454 -3410.289652
v -4081.109889 29243.873492 -3410.289652
v -3767.997406 29996.823454 3305.210001
v -4081.109889 29243.873492 3305.210001
v -3631.097413 29859.923461 3921.259970
v -3767.997406 29243.873492 4058.159963
v -3767.997406 27114.523602 -4163.702114
v -4081.109889 27114.523602 -3410.289652
v -4081.109889 27114.523602 3305.210001
v -3767.997406 27114.523602 4058.159963
v -3631.097413 26499.861134 -4026.802121
v -3767.997406 26361.111141 -3410.289652
v -3767.997406 26361.111141 3305.210001
v -3631.097413 26499.861134 3921.259970
v -3767.997406 29996.823454 -3410.289652
v -3015.047444 29996.823454 -4163.702114
v -3015.047444 30309.473438 -3410.289652
v 3045.552243 29996.823454 -4163.702114
v 3045.552243 30309.473438 -3410.289652
v 3798.502204 29996.823454 -3410.289652
v -3767.997406 29996.823454 3305.210001
v -3015.047444 30309.473438 3305.210001
v 3045.552243 30309.473438 3305.210001
v 3798.502204 29996.823454 3305.210001
v -3631.097413 29859.923461 3921.259970
v -3015.047444 29996.823454 4058.159963
v 3045.552243 29996.823454 4058.159963
v 3661.602211 29859.923461 3921.259970
v -3631.097413 26499.861134 3921.259970
v -3767.997406 26361.111141 3305.210001
v -3015.047444 26361.111141 4058.159963
v -3015.047444 26050.311157 3305.210001
v 3045.552243 26361.111141 4058.159963
v 3045.552243 26050.311157 3305.210001
v 3661.602211 26499.861134 3921.259970
v 3798.502204 26361.111141 3305.210001
v -3767.997406 26361.111141 -3410.289652
v -3015.047444 26050.311157 -3410.289652
v 3045.552243 26050.311157 -3410.289652
v 3798.502204 26361.111141 -3410.289652
v -3015.047444 26361.111141 -4163.702114
v 3045.552243 26361.111141 -4163.702114
v -3631.097413 29859.923461 3921.259970
v -3767.997406 29243.873492 4058.159963
v -3015.047444 29996.823454 4058.159963
v -3015.047444 29243.873492 4371.272446
v 3045.552243 29996.823454 4058.159963
v 3045.552243 29243.873492 4371.272446
v 3661.602211 29859.923461 3921.259970
v 3798.502204 29243.873492 4058.159963
v -3767.997406 27114.523602 4058.159963
v -3015.047444 27114.523602 4371.272446
v 3045.552243 27114.523602 4371.272446
v 3798.502204 27114.523602 4058.159963
v -3631.097413 26499.861134 3921.259970
v -3015.047444 26361.111141 4058.159963
v 3045.552243 26361.111141 4058.159963
v 3661.602211 26499.861134 3921.259970
v 3661.602211 29859.923461 -4026.802121
v 3798.502204 29243.873492 -4163.702114
v 3045.552243 29996.823454 -4163.702114
v 3045.552243 29243.873492 -4476.352097
v -3015.047444 29996.823454 -4163.702114
v -3015.047444 29243.873492 -4476.352097
v -3631.097413 29859.923461 -4026.802121
v -3767.997406 29243.873492 -4163.702114
v 3798.502204 27114.523602 -4163.702114
v 3045.552243 27114.523602 -4476.352097
v -3015.047444 27114.523602 -4476.352097
v -3767.997406 27114.523602 -4163.702114
v 3661.602211 26499.861134 -4026.802121
v 3045.552243 26361.111141 -4163.702114
v -3015.047444 26361.111141 -4163.702114
v -3631.097413 26499.861134 -4026.802121
v 4627.764662 27059.023605 5214.872403
v 4670.314659 26868.473615 5257.422401
v 4670.314659 27101.573603 5026.172413
v 4766.514655 26868.473615 5026.172413
v 4670.314659 27101.573603 -4476.352097
v 4766.514655 26868.473615 -4476.352097
v 4627.764662 27059.023605 -4665.052088
v 4670.314659 26868.473615 -4707.602085
v 4670.314659 26213.111149 5257.422401
v 4766.514655 26213.111149 5026.172413
v 4766.514655 26213.111149 -4476.352097
v 4670.314659 26213.111149 -4707.602085
v 4627.764662 26024.411158 5214.872403
v 4670.314659 25981.861161 5026.172413
v 4670.314659 25981.861161 -4476.352097
v 4627.764662 26024.411158 -4665.052088
v -4597.259863 27059.023605 -4665.052088
v -4639.809861 26868.473615 -4707.602085
v -4639.809861 27101.573603 -4476.352097
v -4736.009856 26868.473615 -4476.352097
v -4639.809861 27101.573603 5026.172413
v -4736.009856 26868.473615 5026.172413
v -4597.259863 27059.023605 5214.872403
v -4639.809861 26868.473615 5257.422401
v -4639.809861 26213.111149 -4707.602085
v -4736.009856 26213.111149 -4476.352097
v -4736.009856 26213.111149 5026.172413
v -4639.809861 26213.111149 5257.422401
v -4597.259863 26024.411158 -4665.052088
v -4639.809861 25981.861161 -4476.352097
v -4639.809861 25981.861161 5026.172413
v -4597.259863 26024.411158 5214.872403
v -4639.809861 27101.573603 -4476.352097
v -4408.559873 27101.573603 -4707.602085
v -4408.559873 27197.773598 -4476.352097
v 4439.064671 27101.573603 -4707.602085
v 4439.064671 27197.773598 -4476.352097
v 4670.314659 27101.573603 -4476.352097
v -4639.809861 27101.573603 5026.172413
v -4408.559873 27197.773598 5026.172413
v 4439.064671 27197.773598 5026.172413
v 4670.314659 27101.573603 5026.172413
v -4597.259863 27059.023605 5214.872403
v -4408.559873 27101.573603 5257.422401
v 4439.064671 27101.573603 5257.422401
v 4627.764662 27059.023605 5214.872403
v -4597.259863 26024.411158 5214.872403
v -4639.809861 25981.861161 5026.172413
v -4408.559873 25981.861161 5257.422401
v -4408.559873 25885.661166 5026.172413
v 4439.064671 25981.861161 5257.422401
v 4439.064671 25885.661166 5026.172413
v 4627.764662 26024.411158 5214.872403
v 4670.314659 25981.861161 5026.172413
v -4639.809861 25981.861161 -4476.352097
v -4408.559873 25885.661166 -4476.352097
v 4439.064671 25885.661166 -4476.352097
v 4670.314659 25981.861161 -4476.352097
v -4597.259863 26024.411158 -4665.052088
v -4408.559873 25981.861161 -4707.602085
v 4439.064671 25981.861161 -4707.602085
v 4627.764662 26024.411158 -4665.052088
v -4597.259863 27059.023605 5214.872403
v -4639.809861 26868.473615 5257.422401
v -4408.559873 27101.573603 5257.422401
v -4408.559873 26868.473615 5353.622396
v 4439.064671 27101.573603 5257.422401
v 4439.064671 26868.473615 5353.622396
v 4627.764662 27059.023605 5214.872403
v 4670.314659 26868.473615 5257.422401
v -4639.809861 26213.111149 5257.422401
v -4408.559873 26213.111149 5353.622396
v 4439.064671 26213.111149 5353.622396
v 4670.314659 26213.111149 5257.422401
v -4597.259863 26024.411158 5214.872403
v -4408.559873 25981.861161 5257.422401
v 4439.064671 25981.861161 5257.422401
v 4627.764662 26024.411158 5214.872403
v 4627.764662 27059.023605 -4665.052088
v 4670.314659 26868.473615 -4707.602085
v 4439.064671 27101.573603 -4707.602085
v 4439.064671 26868.473615 -4803.802081
v -4408.559873 27101.573603 -4707.602085
v -4408.559873 26868.473615 -4803.802081
v -4597.259863 27059.023605 -4665.052088
v -4639.809861 26868.473615 -4707.602085
v 4670.314659 26213.111149 -4707.602085
v 4439.064671 26213.111149 -4803.802081
v -4408.559873 26213.111149 -4803.802081
v -4639.809861 26213.111149 -4707.602085
v 4627.764662 26024.411158 -4665.052088
v 4439.064671 25981.861161 -4707.602085
v -4408.559873 25981.861161 -4707.602085
v -4597.259863 26024.411158 -4665.052088
v 5577.012283 24074.252613 -2744.473242
v 5629.403085 23837.700205 -2692.082440
v 5629.403085 24126.643415 -2981.422550
v 5750.060689 23837.700205 -2981.422550
v 5629.403085 24126.643415 -12320.479858
v 5750.060689 23837.700205 -12320.479858
v 5577.012283 24074.252613 -12557.032266
v 5629.403085 23837.700205 -12609.423067
v 5629.403085 23018.498578 -2692.082440
v 5750.060689 23018.498578 -2981.422550
v 5750.060689 23018.498578 -12320.479858
v 5629.403085 23018.498578 -12609.423067
v 5577.012283 22781.946170 -2744.473242
v 5629.403085 22729.555369 -2981.422550
v 5629.403085 22729.555369 -12320.479858
v 5577.012283 22781.946170 -12557.032266
v -5546.507484 24074.252613 -12557.032266
v -5598.898286 23837.700205 -12609.423067
v -5598.898286 24126.643415 -12320.479858
v -5719.555890 23837.700205 -12320.479858
v -5598.898286 24126.643415 -2981.422550
v -5719.555890 23837.700205 -2981.422550
v -5546.507484 24074.252613 -2744.473242
v -5598.898286 23837.700205 -2692.082440
v -5598.898286 23018.498578 -12609.423067
v -5719.555890 23018.498578 -12320.479858
v -5719.555890 23018.498578 -2981.422550
v -5598.898286 23018.498578 -2692.082440
v -5546.507484 22781.946170 -12557.032266
v -5598.898286 22729.555369 -12320.479858
v -5598.898286 22729.555369 -2981.422550
v -5546.507484 22781.946170 -2744.473242
v -5598.898286 24126.643415 -12320.479858
v -5309.955076 24126.643415 -12609.423067
v -5309.955076 24247.301019 -12320.479858
v 5340.459875 24126.643415 -12609.423067
v 5340.459875 24247.301019 -12320.479858
v 5629.403085 24126.643415 -12320.479858
v -5598.898286 24126.643415 -2981.422550
v -5309.955076 24247.301019 -2981.422550
v 5340.459875 24247.301019 -2981.422550
v 5629.403085 24126.643415 -2981.422550
v -5546.507484 24074.252613 -2744.473242
v -5309.955076 24126.643415 -2692.082440
v 5340.459875 24126.643415 -2692.082440
v 5577.012283 24074.252613 -2744.473242
v -5546.507484 22781.946170 -2744.473242
v -5598.898286 22729.555369 -2981.422550
v -5309.955076 22729.555369 -2692.082440
v -5309.955076 22608.897765 -2981.422550
v 5340.459875 22729.555369 -2692.082440
v 5340.459875 22608.897765 -2981.422550
v 5577.012283 22781.946170 -2744.473242
v 5629.403085 22729.555369 -2981.422550
v -5598.898286 22729.555369 -12320.479858
v -5309.955076 22608.897765 -12320.479858
v 5340.459875 22608.897765 -12320.479858
v 5629.403085 22729.555369 -12320.479858
v -5309.955076 22729.555369 -12609.423067
v 5340.459875 22729.555369 -12609.423067
v -5546.507484 24074.252613 -2744.473242
v -5598.898286 23837.700205 -2692.082440
v -5309.955076 24126.643415 -2692.082440
v -5309.955076 23837.700205 -2571.424836
v 5340.459875 24126.643415 -2692.082440
v 5340.459875 23837.700205 -2571.424836
v 5577.012283 24074.252613 -2744.473242
v 5629.403085 23837.700205 -2692.082440
v -5598.898286 23018.498578 -2692.082440
v -5309.955076 23018.498578 -2571.424836
v 5340.459875 23018.498578 -2571.424836
v 5629.403085 23018.498578 -2692.082440
v -5546.507484 22781.946170 -2744.473242
v -5309.955076 22729.555369 -2692.082440
v 5340.459875 22729.555369 -2692.082440
v 5577.012283 22781.946170 -2744.473242
v 5577.012283 24074.252613 -12557.032266
v 5629.403085 23837.700205 -12609.423067
v 5340.459875 24126.643415 -12609.423067
v 5340.459875 23837.700205 -12730.080671
v -5309.955076 24126.643415 -12609.423067
v -5309.955076 23837.700205 -12730.080671
v -5546.507484 24074.252613 -12557.032266
v -5598.898286 23837.700205 -12609.423067
v 5629.403085 23018.498578 -12609.423067
v 5340.459875 23018.498578 -12730.080671
v -5309.955076 23018.498578 -12730.080671
v -5598.898286 23018.498578 -12609.423067
v 5577.012283 22781.946170 -12557.032266
v 5340.459875 22729.555369 -12609.423067
v -5309.955076 22729.555369 -12609.423067
v -5546.507484 22781.946170 -12557.032266
v 1375.825644 9060.715818 13004.122377
v 1461.556047 8682.867005 13088.265180
v 1461.556047 9146.446221 12624.685965
v 1653.655653 8682.867005 12624.685965
v 1461.556047 9146.446221 6071.866749
v 1653.655653 8682.867005 6071.866749
v 1375.825644 9060.715818 5692.430336
v 1461.556047 8682.867005 5608.287534
v 1461.556047 6717.021241 13088.265180
v 1653.655653 6717.021241 12624.685965
v 1653.655653 6717.021241 6071.866749
v 1461.556047 6717.021241 5608.287534
v 1375.825644 6339.172428 13004.122377
v 1461.556047 6253.442025 12624.685965
v 1461.556047 6253.442025 6071.866749
v 1375.825644 6339.172428 5692.430336
v -1345.320845 9060.715818 5692.430336
v -1431.051248 8682.867005 5608.287534
v -1431.051248 9146.446221 6071.866749
v -1623.150855 8682.867005 6071.866749
v -1431.051248 9146.446221 12624.685965
v -1623.150855 8682.867005 12624.685965
v -1345.320845 9060.715818 13004.122377
v -1431.051248 8682.867005 13088.265180
v -1431.051248 6717.021241 5608.287534
v -1623.150855 6717.021241 6071.866749
v -1623.150855 6717.021241 12624.685965
v -1431.051248 6717.021241 13088.265180
v -1345.320845 6339.172428 5692.430336
v -1431.051248 6253.442025 6071.866749
v -1431.051248 6253.442025 12624.685965
v -1345.320845 6339.172428 13004.122377
v -1431.051248 9146.446221 6071.866749
v -967.472033 9146.446221 5608.287534
v -967.472033 9338.545827 6071.866749
v 997.976832 9146.446221 5608.287534
v 997.976832 9338.545827 6071.866749
v 1461.556047 9146.446221 6071.866749
v -1431.051248 9146.446221 12624.685965
v -967.472033 9338.545827 12624.685965
v 997.976832 9338.545827 12624.685965
v 1461.556047 9146.446221 12624.685965
v -1345.320845 9060.715818 13004.122377
v -967.472033 9146.446221 13088.265180
v 997.976832 9146.446221 13088.265180
v 1375.825644 9060.715818 13004.122377
v -1345.320845 6339.172428 13004.122377
v -1431.051248 6253.442025 12624.685965
v -967.472033 6253.442025 13088.265180
v -967.472033 6061.342419 12624.685965
v 997.976832 6253.442025 13088.265180
v 997.976832 6061.342419 12624.685965
v 1375.825644 6339.172428 13004.122377
v 1461.556047 6253.442025 12624.685965
v -1431.051248 6253.442025 6071.866749
v -967.472033 6061.342419 6071.866749
v 997.976832 6061.342419 6071.866749
v 1461.556047 6253.442025 6071.866749
v -967.472033 6253.442025 5608.287534
v 997.976832 6253.442025 5608.287534
v -1345.320845 9060.715818 13004.122377
v -1431.051248 8682.867005 13088.265180
v -967.472033 9146.446221 13088.265180
v -967.472033 8682.867005 13280.364787
v 997.976832 9146.446221 13088.265180
v 997.976832 8682.867005 13280.364787
v 1375.825644 9060.715818 13004.122377
v 1461.556047 8682.867005 13088.265180
v -1431.051248 6717.021241 13088.265180
v -967.472033 6717.021241 13280.364787
v 997.976832 6717.021241 13280.364787
v 1461.556047 6717.021241 13088.265180
v -1345.320845 6339.172428 13004.122377
v -967.472033 6253.442025 13088.265180
v 997.976832 6253.442025 13088.265180
v 1375.825644 6339.172428 13004.122377
v 1375.825644 9060.715818 5692.430336
v 1461.556047 8682.867005 5608.287534
v 997.976832 9146.446221 5608.287534
v 997.976832 8682.867005 5416.187927
v -967.472033 9146.446221 5608.287534
v -967.472033 8682.867005 5416.187927
v -1345.320845 9060.715818 5692.430336
v -1431.051248 8682.867005 5608.287534
v 1461.556047 6717.021241 5608.287534
v 997.976832 6717.021241 5416.187927
v -967.472033 6717.021241 5416.187927
v -1431.051248 6717.021241 5608.287534
v 1375.825644 6339.172428 5692.430336
v 997.976832 6253.442025 5608.287534
v -967.472033 6253.442025 5608.287534
v -1345.320845 6339.172428 5692.430336
v 2255.602424 21573.414290 -3628.224885
v 2373.242425 21052.684284 -3510.584884
v 2373.242425 21689.324291 -4148.954891
v 2636.202428 21052.684284 -4148.954891
v 2373.242425 21689.324291 -7588.627429
v 2636.202428 21052.684284 -7588.627429
v 2255.602424 21573.414290 -8109.357435
v 2373.242425 21052.684284 -8226.997436
v 2373.242425 19250.024264 -3510.584884
v 2636.202428 19250.024264 -4148.954891
v 2636.202428 19250.024264 -7588.627429
v 2373.242425 19250.024264 -8226.997436
v 2255.602424 18731.024258 -3628.224885
v 2373.242425 18612.951757 -4148.954891
v 2373.242425 18612.951757 -7588.627429
v 2255.602424 18731.024258 -8109.357435
v -2225.097625 21573.414290 -8109.357435
v -2342.737627 21052.684284 -8226.997436
v -2342.737627 21689.324291 -7588.627429
v -2605.697629 21052.684284 -7588.627429
v -2342.737627 21689.324291 -4148.954891
v -2605.697629 21052.684284 -4148.954891
v -2225.097625 21573.414290 -3628.224885
v -2342.737627 21052.684284 -3510.584884
v -2342.737627 19250.024264 -8226.997436
v -2605.697629 19250.024264 -7588.627429
v -2605.697629 19250.024264 -4148.954891
v -2342.737627 19250.024264 -3510.584884
v -2225.097625 18731.024258 -8109.357435
v -2342.737627 18612.951757 -7588.627429
v -2342.737627 18612.951757 -4148.954891
v -2225.097625 18731.024258 -3628.224885
v -2342.737627 21689.324291 -7588.627429
v -1704.367620 21689.324291 -8226.997436
v -1704.367620 21954.014294 -7588.627429
v 1734.872418 21689.324291 -8226.997436
v 1734.872418 21954.014294 -7588.627429
v 2373.242425 21689.324291 -7588.627429
v -2342.737627 21689.324291 -4148.954891
v -1704.367620 21954.014294 -4148.954891
v 1734.872418 21954.014294 -4148.954891
v 2373.242425 21689.324291 -4148.954891
v -2225.097625 21573.414290 -3628.224885
v -1704.367620 21689.324291 -3510.584884
v 1734.872418 21689.324291 -3510.584884
v 2255.602424 21573.414290 -3628.224885
v -2225.097625 18731.024258 -3628.224885
v -2342.737627 18612.951757 -4148.954891
v -1704.367620 18612.951757 -3510.584884
v -1704.367620 18349.991754 -4148.954891
v 1734.872418 18612.951757 -3510.584884
v 1734.872418 18349.991754 -4148.954891
v 2255.602424 18731.024258 -3628.224885
v 2373.242425 18612.951757 -4148.954891
v -2342.737627 18612.951757 -7588.627429
v -1704.367620 18349.991754 -7588.627429
v 1734.872418 18349.991754 -7588.627429
v 2373.242425 18612.951757 -7588.627429
v -1704.367620 18612.951757 -8226.997436
v 1734.872418 18612.951757 -8226.997436
v -2225.097625 21573.414290 -3628.224885
v -2342.737627 21052.684284 -3510.584884
v -1704.367620 21689.324291 -3510.584884
v -1704.367620 21052.684284 -3247.192381
v 1734.872418 21689.324291 -3510.584884
v 1734.872418 21052.684284 -3247.192381
v 2255.602424 21573.414290 -3628.224885
v 2373.242425 21052.684284 -3510.584884
v -2342.737627 19250.024264 -3510.584884
v -1704.367620 19250.024264 -3247.192381
v 1734.872418 19250.024264 -3247.192381
v 2373.242425 19250.024264 -3510.584884
v -2225.097625 18731.024258 -3628.224885
v -1704.367620 18612.951757 -3510.584884
v 1734.872418 18612.951757 -3510.584884
v 2255.602424 18731.024258 -3628.224885
v 2255.602424 21573.414290 -8109.357435
v 2373.242425 21052.684284 -8226.997436
v 1734.872418 21689.324291 -8226.997436
v 1734.872418 21052.684284 -8489.957439
v -1704.367620 21689.324291 -8226.997436
v -1704.367620 21052.684284 -8489.957439
v -2225.097625 21573.414290 -8109.357435
v -2342.737627 21052.684284 -8226.997436
v 2373.242425 19250.024264 -8226.997436
v 1734.872418 19250.024264 -8489.957439
v -1704.367620 19250.024264 -8489.957439
v -2342.737627 19250.024264 -8226.997436
v 2255.602424 18731.024258 -8109.357435
v 1734.872418 18612.951757 -8226.997436
v -1704.367620 18612.951757 -8226.997436
v -2225.097625 18731.024258 -8109.357435
v 2727.892429 28599.809367 -2826.802377
v 2951.062432 27606.789356 -2603.632374
v 2951.062432 28822.979370 -3820.254887
v 3456.222437 27606.789356 -3820.254887
v 2951.062432 28822.979370 -7917.327433
v 3456.222437 27606.789356 -7917.327433
v 2727.892429 28599.809367 -8910.347444
v 2951.062432 27606.789356 -9133.517446
v 2951.062432 23182.746807 -2603.632374
v 3456.222437 23182.746807 -3820.254887
v 3456.222437 23182.746807 -7917.327433
v 2951.062432 23182.746807 -9133.517446
v 2727.892429 22189.294296 -2826.802377
v 2951.062432 21966.124294 -3820.254887
v 2951.062432 21966.124294 -7917.327433
v 2727.892429 22189.294296 -8910.347444
v -2697.387630 28599.809367 -8910.347444
v -2920.557633 27606.789356 -9133.517446
v -2920.557633 28822.979370 -7917.327433
v -3425.717639 27606.789356 -7917.327433
v -2920.557633 28822.979370 -3820.254887
v -3425.717639 27606.789356 -3820.254887
v -2697.387630 28599.809367 -2826.802377
v -2920.557633 27606.789356 -2603.632374
v -2920.557633 23182.746807 -9133.517446
v -3425.717639 23182.746807 -7917.327433
v -3425.717639 23182.746807 -3820.254887
v -2920.557633 23182.746807 -2603.632374
v -2697.387630 22189.294296 -8910.347444
v -2920.557633 21966.124294 -7917.327433
v -2920.557633 21966.124294 -3820.254887
v -2697.387630 22189.294296 -2826.802377
v -2920.557633 28822.979370 -7917.327433
v -1704.367620 28822.979370 -9133.517446
v -1704.367620 29326.409375 -7917.327433
v 1734.872418 28822.979370 -9133.517446
v 1734.872418 29326.409375 -7917.327433
v 2951.062432 28822.979370 -7917.327433
v -2920.557633 28822.979370 -3820.254887
v -1704.367620 29326.409375 -3820.254887
v 1734.872418 29326.409375 -3820.254887
v 2951.062432 28822.979370 -3820.254887
v -2697.387630 28599.809367 -2826.802377
v -1704.367620 28822.979370 -2603.632374
v 1734.872418 28822.979370 -2603.632374
v 2727.892429 28599.809367 -2826.802377
v -2697.387630 22189.294296 -2826.802377
v -2920.557633 21966.124294 -3820.254887
v -1704.367620 21966.124294 -2603.632374
v -1704.367620 21462.694288 -3820.254887
v 1734.872418 21966.124294 -2603.632374
v 1734.872418 21462.694288 -3820.254887
v 2727.892429 22189.294296 -2826.802377
v 2951.062432 21966.124294 -3820.254887
v -2920.557633 21966.124294 -7917.327433
v -1704.367620 21462.694288 -7917.327433
v 1734.872418 21462.694288 -7917.327433
v 2951.062432 21966.124294 -7917.327433
v -1704.367620 21966.124294 -9133.517446
v 1734.872418 21966.124294 -9133.517446
v -2697.387630 28599.809367 -2826.802377
v -2920.557633 27606.789356 -2603.632374
v -1704.367620 28822.979370 -2603.632374
v -1704.367620 27606.789356 -2100.202369
v 1734.872418 28822.979370 -2603.632374
v 1734.872418 27606.789356 -2100.202369
v 2727.892429 28599.809367 -2826.802377
v 2951.062432 27606.789356 -2603.632374
v -2920.557633 23182.746807 -2603.632374
v -1704.367620 23182.746807 -2100.202369
v 1734.872418 23182.746807 -2100.202369
v 2951.062432 23182.746807 -2603.632374
v -2697.387630 22189.294296 -2826.802377
v -1704.367620 21966.124294 -2603.632374
v 1734.872418 21966.124294 -2603.632374
v 2727.892429 22189.294296 -2826.802377
v 2727.892429 28599.809367 -8910.347444
v 2951.062432 27606.789356 -9133.517446
v 1734.872418 28822.979370 -9133.517446
v 1734.872418 27606.789356 -9636.947452
v -1704.367620 28822.979370 -9133.517446
v -1704.367620 27606.789356 -9636.947452
v -2697.387630 28599.809367 -8910.347444
v -2920.557633 27606.789356 -9133.517446
v 2951.062432 23182.746807 -9133.517446
v 1734.872418 23182.746807 -9636.947452
v -1704.367620 23182.746807 -9636.947452
v -2920.557633 23182.746807 -9133.517446
v 2727.892429 22189.294296 -8910.347444
v 1734.872418 21966.124294 -9133.517446
v -1704.367620 21966.124294 -9133.517446
v -2697.387630 22189.294296 -8910.347444
v -7479.972683 4792.846605 9737.322762
v -7341.572682 4178.264098 9875.722764
v -7341.572682 4931.246606 9121.442755
v -7029.740178 4178.264098 9121.442755
v -7341.572682 4931.246606 6664.410228
v -7029.740178 4178.264098 6664.410228
v -7479.972683 4792.846605 6050.260221
v -7341.572682 4178.264098 5911.860220
v -7341.572682 2048.634074 9875.722764
v -7029.740178 2048.634074 9121.442755
v -7029.740178 2048.634074 6664.410228
v -7341.572682 2048.634074 5911.860220
v -7479.972683 1432.754068 9737.322762
v -7341.572682 1294.354066 9121.442755
v -7341.572682 1294.354066 6664.410228
v -7479.972683 1432.754068 6050.260221
v -10840.065220 4792.846605 6050.260221
v -10978.465222 4178.264098 5911.860220
v -10978.465222 4931.246606 6664.410228
v -11289.865225 4178.264098 6664.410228
v -10978.465222 4931.246606 9121.442755
v -11289.865225 4178.264098 9121.442755
v -10840.065220 4792.846605 9737.322762
v -10978.465222 4178.264098 9875.722764
v -10978.465222 2048.634074 5911.860220
v -11289.865225 2048.634074 6664.410228
v -11289.865225 2048.634074 9121.442755
v -10978.465222 2048.634074 9875.722764
v -10840.065220 1432.754068 6050.260221
v -10978.465222 1294.354066 6664.410228
v -10978.465222 1294.354066 9121.442755
v -10840.065220 1432.754068 9737.322762
v -10840.065220 4792.846605 6050.260221
v -10978.465222 4931.246606 6664.410228
v -10223.752713 4931.246606 5911.860220
v -10223.752713 5242.646610 6664.410228
v -8094.122690 4931.246606 5911.860220
v -8094.122690 5242.646610 6664.410228
v -7341.572682 4931.246606 6664.410228
v -10978.465222 4931.246606 9121.442755
v -10223.752713 5242.646610 9121.442755
v -8094.122690 5242.646610 9121.442755
v -7341.572682 4931.246606 9121.442755
v -10840.065220 4792.846605 9737.322762
v -10223.752713 4931.246606 9875.722764
v -8094.122690 4931.246606 9875.722764
v -7479.972683 4792.846605 9737.322762
v -10840.065220 1432.754068 9737.322762
v -10978.465222 1294.354066 9121.442755
v -10223.752713 1294.354066 9875.722764
v -10223.752713 982.954063 9121.442755
v -8094.122690 1294.354066 9875.722764
v -8094.122690 982.954063 9121.442755
v -7479.972683 1432.754068 9737.322762
v -7341.572682 1294.354066 9121.442755
v -10978.465222 1294.354066 6664.410228
v -10223.752713 982.954063 6664.410228
v -8094.122690 982.954063 6664.410228
v -7341.572682 1294.354066 6664.410228
v -10840.065220 1432.754068 6050.260221
v -10223.752713 1294.354066 5911.860220
v -8094.122690 1294.354066 5911.860220
v -7479.972683 1432.754068 6050.260221
v -10840.065220 4792.846605 9737.322762
v -10978.465222 4178.264098 9875.722764
v -10223.752713 4931.246606 9875.722764
v -10223.752713 4178.264098 10187.122767
v -8094.122690 4931.246606 9875.722764
v -8094.122690 4178.264098 10187.122767
v -7479.972683 4792.846605 9737.322762
v -7341.572682 4178.264098 9875.722764
v -10978.465222 2048.634074 9875.722764
v -10223.752713 2048.634074 10187.122767
v -8094.122690 2048.634074 10187.122767
v -7341.572682 2048.634074 9875.722764
v -10840.065220 1432.754068 9737.322762
v -10223.752713 1294.354066 9875.722764
v -8094.122690 1294.354066 9875.722764
v -7479.972683 1432.754068 9737.322762
v -7479.972683 4792.846605 6050.260221
v -7341.572682 4178.264098 5911.860220
v -8094.122690 4931.246606 5911.860220
v -8094.122690 4178.264098 5600.460216
v -10223.752713 4931.246606 5911.860220
v -10223.752713 4178.264098 5600.460216
v -10840.065220 4792.846605 6050.260221
v -10978.465222 4178.264098 5911.860220
v -7341.572682 2048.634074 5911.860220
v -8094.122690 2048.634074 5600.460216
v -10223.752713 2048.634074 5600.460216
v -10978.465222 2048.634074 5911.860220
v -7479.972683 1432.754068 6050.260221
v -8094.122690 1294.354066 5911.860220
v -10223.752713 1294.354066 5911.860220
v -10840.065220 1432.754068 6050.260221
v 10870.570019 4792.846605 9737.322762
v 11008.970021 4178.264098 9875.722764
v 11008.970021 4931.246606 9121.442755
v 11320.370024 4178.264098 9121.442755
v 11008.970021 4931.246606 6664.410228
v 11320.370024 4178.264098 6664.410228
v 10870.570019 4792.846605 6050.260221
v 11008.970021 4178.264098 5911.860220
v 11008.970021 2048.634074 9875.722764
v 11320.370024 2048.634074 9121.442755
v 11320.370024 2048.634074 6664.410228
v 11008.970021 2048.634074 5911.860220
v 10870.570019 1432.754068 9737.322762
v 11008.970021 1294.354066 9121.442755
v 11008.970021 1294.354066 6664.410228
v 10870.570019 1432.754068 6050.260221
v 7510.477482 4792.846605 6050.260221
v 7372.077481 4178.264098 5911.860220
v 7372.077481 4931.246606 6664.410228
v 7060.244977 4178.264098 6664.410228
v 7372.077481 4931.246606 9121.442755
v 7060.244977 4178.264098 9121.442755
v 7510.477482 4792.846605 9737.322762
v 7372.077481 4178.264098 9875.722764
v 7372.077481 2048.634074 5911.860220
v 7060.244977 2048.634074 6664.410228
v 7060.244977 2048.634074 9121.442755
v 7372.077481 2048.634074 9875.722764
v 7510.477482 1432.754068 6050.260221
v 7372.077481 1294.354066 6664.410228
v 7372.077481 1294.354066 9121.442755
v 7510.477482 1432.754068 9737.322762
v 7510.477482 4792.846605 6050.260221
v 7372.077481 4931.246606 6664.410228
v 8124.627489 4931.246606 5911.860220
v 8124.627489 5242.646610 6664.410228
v 10254.257512 4931.246606 5911.860220
v 10254.257512 5242.646610 6664.410228
v 11008.970021 4931.246606 6664.410228
v 7372.077481 4931.246606 9121.442755
v 8124.627489 5242.646610 9121.442755
v 10254.257512 5242.646610 9121.442755
v 11008.970021 4931.246606 9121.442755
v 7510.477482 4792.846605 9737.322762
v 8124.627489 4931.246606 9875.722764
v 10254.257512 4931.246606 9875.722764
v 10870.570019 4792.846605 9737.322762
v 7510.477482 1432.754068 9737.322762
v 7372.077481 1294.354066 9121.442755
v 8124.627489 1294.354066 9875.722764
v 8124.627489 982.954063 9121.442755
v 10254.257512 1294.354066 9875.722764
v 10254.257512 982.954063 9121.442755
v 10870.570019 1432.754068 9737.322762
v 11008.970021 1294.354066 9121.442755
v 7372.077481 1294.354066 6664.410228
v 8124.627489 982.954063 6664.410228
v 10254.257512 982.954063 6664.410228
v 11008.970021 1294.354066 6664.410228
v 7510.477482 1432.754068 6050.260221
v 8124.627489 1294.354066 5911.860220
v 10254.257512 1294.354066 5911.860220
v 10870.570019 1432.754068 6050.260221
v 7510.477482 4792.846605 9737.322762
v 7372.077481 4178.264098 9875.722764
v 8124.627489 4931.246606 9875.722764
v 8124.627489 4178.264098 10187.122767
v 10254.257512 4931.246606 9875.722764
v 10254.257512 4178.264098 10187.122767
v 10870.570019 4792.846605 9737.322762
v 11008.970021 4178.264098 9875.722764
v 7372.077481 2048.634074 9875.722764
v 8124.627489 2048.634074 10187.122767
v 10254.257512 2048.634074 10187.122767
v 11008.970021 2048.634074 9875.722764
v 7510.477482 1432.754068 9737.322762
v 8124.627489 1294.354066 9875.722764
v 10254.257512 1294.354066 9875.722764
v 10870.570019 1432.754068 9737.322762
v 10870.570019 4792.846605 6050.260221
v 11008.970021 4178.264098 5911.860220
v 10254.257512 4931.246606 5911.860220
v 10254.257512 4178.264098 5600.460216
v 8124.627489 4931.246606 5911.860220
v 8124.627489 4178.264098 5600.460216
v 7510.477482 4792.846605 6050.260221
v 7372.077481 4178.264098 5911.860220
v 11008.970021 2048.634074 5911.860220
v 10254.257512 2048.634074 5600.460216
v 8124.627489 2048.634074 5600.460216
v 7372.077481 2048.634074 5911.860220
v 10870.570019 1432.754068 6050.260221
v 10254.257512 1294.354066 5911.860220
v 8124.627489 1294.354066 5911.860220
v 7510.477482 1432.754068 6050.260221
v 1565.802461 19654.064398 1825.910219
v 1693.602466 19086.464375 1953.710224
v 1693.602466 19781.264403 1258.160197
v 1981.002478 19086.464375 1258.160197
v 1693.602466 19781.264403 -707.439881
v 1981.002478 19086.464375 -707.439881
v 1565.802461 19654.064398 -1275.189904
v 1693.602466 19086.464375 -1402.989909
v 1693.602466 11221.964063 1953.710224
v 1981.002478 11221.964063 1258.160197
v 1981.002478 11221.964063 -707.439881
v 1693.602466 11221.964063 -1402.989909
v 1565.802461 10654.364040 1825.910219
v 1693.602466 10527.164035 1258.160197
v 1693.602466 10527.164035 -707.439881
v 1565.802461 10654.364040 -1275.189904
v -1535.297662 19654.064398 -1275.189904
v -1663.097667 19086.464375 -1402.989909
v -1663.097667 19781.264403 -707.439881
v -1950.497679 19086.464375 -707.439881
v -1663.097667 19781.264403 1258.160197
v -1950.497679 19086.464375 1258.160197
v -1535.297662 19654.064398 1825.910219
v -1663.097667 19086.464375 1953.710224
v -1663.097667 11221.964063 -1402.989909
v -1950.497679 11221.964063 -707.439881
v -1950.497679 11221.964063 1258.160197
v -1663.097667 11221.964063 1953.710224
v -1535.297662 10654.364040 -1275.189904
v -1663.097667 10527.164035 -707.439881
v -1663.097667 10527.164035 1258.160197
v -1535.297662 10654.364040 1825.910219
v -1663.097667 19781.264403 -707.439881
v -967.547640 19781.264403 -1402.989909
v -967.547640 20069.264414 -707.439881
v 998.052438 19781.264403 -1402.989909
v 998.052438 20069.264414 -707.439881
v 1693.602466 19781.264403 -707.439881
v -1663.097667 19781.264403 1258.160197
v -967.547640 20069.264414 1258.160197
v 998.052438 20069.264414 1258.160197
v 1693.602466 19781.264403 1258.160197
v -1535.297662 19654.064398 1825.910219
v -967.547640 19781.264403 1953.710224
v 998.052438 19781.264403 1953.710224
v 1565.802461 19654.064398 1825.910219
v -1535.297662 10654.364040 1825.910219
v -1663.097667 10527.164035 1258.160197
v -967.547640 10527.164035 1953.710224
v -967.547640 10239.164024 1258.160197
v 998.052438 10527.164035 1953.710224
v 998.052438 10239.164024 1258.160197
v 1565.802461 10654.364040 1825.910219
v 1693.602466 10527.164035 1258.160197
v -1663.097667 10527.164035 -707.439881
v -967.547640 10239.164024 -707.439881
v 998.052438 10239.164024 -707.439881
v 1693.602466 10527.164035 -707.439881
v -1535.297662 10654.364040 -1275.189904
v -967.547640 10527.164035 -1402.989909
v 998.052438 10527.164035 -1402.989909
v 1565.802461 10654.364040 -1275.189904
v -1535.297662 19654.064398 1825.910219
v -1663.097667 19086.464375 1953.710224
v -967.547640 19781.264403 1953.710224
v -967.547640 19086.464375 2241.110236
v 998.052438 19781.264403 1953.710224
v 998.052438 19086.464375 2241.110236
v 1565.802461 19654.064398 1825.910219
v 1693.602466 19086.464375 1953.710224
v -1663.097667 11221.964063 1953.710224
v -967.547640 11221.964063 2241.110236
v 998.052438 11221.964063 2241.110236
v 1693.602466 11221.964063 1953.710224
v -1535.297662 10654.364040 1825.910219
v -967.547640 10527.164035 1953.710224
v 998.052438 10527.164035 1953.710224
v 1565.802461 10654.364040 1825.910219
v 1565.802461 19654.064398 -1275.189904
v 1693.602466 19086.464375 -1402.989909
v 998.052438 19781.264403 -1402.989909
v 998.052438 19086.464375 -1690.389920
v -967.547640 19781.264403 -1402.989909
v -967.547640 19086.464375 -1690.389920
v -1535.297662 19654.064398 -1275.189904
v -1663.097667 19086.464375 -1402.989909
v 1693.602466 11221.964063 -1402.989909
v 998.052438 11221.964063 -1690.389920
v -967.547640 11221.964063 -1690.389920
v -1663.097667 11221.964063 -1402.989909
v 1565.802461 10654.364040 -1275.189904
v 998.052438 10527.164035 -1402.989909
v -967.547640 10527.164035 -1402.989909
v -1535.297662 10654.364040 -1275.189904
usemtl mat0
f 1 2 3
f 2 4 3
f 3 4 5
f 4 6 5
f 5 6 7
f 6 8 7
f 2 9 4
f 9 10 4
f 4 10 6
f 10 11 6
f 6 11 8
f 11 12 8
f 9 13 10
f 13 14 10
f 10 14 11
f 14 15 11
f 11 15 12
f 15 16 12
f 17 18 19
f 18 20 19
f 19 20 21
f 20 22 21
f 21 22 23
f 22 24 23
f 18 25 20
f 25 26 20
f 20 26 22
f 26 27 22
f 22 27 24
f 27 28 24
f 25 29 26
f 29 30 26
f 26 30 27
f 30 31 27
f 27 31 28
f 31 32 28
f 17 33 34
f 33 35 34
f 34 35 36
f 35 37 36
f 36 37 7
f 37 38 7
f 33 39 35
f 39 40 35
f 35 40 37
f 40 41 37
f 37 41 38
f 41 42 38
f 39 43 40
f 43 44 40
f 40 44 41
f 44 45 41
f 41 45 42
f 45 46 42
f 47 48 49
f 48 50 49
f 49 50 51
f 50 52 51
f 51 52 53
f 52 54 53
f 48 55 50
f 55 56 50
f 50 56 52
f 56 57 52
f 52 57 54
f 57 58 54
f 55 29 56
f 29 59 56
f 56 59 57
f 59 60 57
f 57 60 58
f 60 16 58
f 61 62 63
f 62 64 63
f 63 64 65
f 64 66 65
f 65 66 67
f 66 68 67
f 62 69 64
f 69 70 64
f 64 70 66
f 70 71 66
f 66 71 68
f 71 72 68
f 69 73 70
f 73 74 70
f 70 74 71
f 74 75 71
f 71 75 72
f 75 76 72
f 77 78 79
f 78 80 79
f 79 80 81
f 80 82 81
f 81 82 83
f 82 84 83
f 78 85 80
f 85 86 80
f 80 86 82
f 86 87 82
f 82 87 84
f 87 88 84
f 85 89 86
f 89 90 86
f 86 90 87
f 90 91 87
f 87 91 88
f 91 92 88
f 93 94 95
f 94 96 95
f 95 96 97
f 96 98 97
f 97 98 99
f 98 100 99
f 94 101 96
f 101 102 96
f 96 102 98
f 102 103 98
f 98 103 100
f 103 104 100
f 101 105 102
f 105 106 102
f 102 106 103
f 106 107 103
f 103 107 104
f 107 108 104
f 109 110 111
f 110 112 111
f 111 112 113
f 112 114 113
f 113 114 115
f 114 116 115
f 110 117 112
f 117 118 112
f 112 118 114
f 118 119 114
f 114 119 116
f 119 120 116
f 117 121 118
f 121 122 118
f 118 122 119
f 122 123 119
f 119 123 120
f 123 124 120
f 125 126 127
f 126 128 127
f 127 128 129
f 128 130 129
f 129 130 99
f 130 131 99
f 126 132 128
f 132 133 128
f 128 133 130
f 133 134 130
f 130 134 131
f 134 135 131
f 132 136 133
f 136 137 133
f 133 137 134
f 137 138 134
f 134 138 135
f 138 139 135
f 140 141 142
f 141 143 142
f 142 143 144
f 143 145 144
f 144 145 146
f 145 147 146
f 141 148 143
f 148 149 143
f 143 149 145
f 149 150 145
f 145 150 147
f 150 151 147
f 148 152 149
f 152 153 149
f 149 153 150
f 153 154 150
f 150 154 151
f 154 155 151
f 156 157 158
f 157 159 158
f 158 159 160
f 159 161 160
f 160 161 162
f 161 163 162
f 157 164 159
f 164 165 159
f 159 165 161
f 165 166 161
f 161 166 163
f 166 167 163
f 164 168 165
f 168 169 165
f 165 169 166
f 169 170 166
f 166 170 167
f 170 171 167
f 172 173 174
f 173 175 174
f 174 175 176
f 175 177 176
f 176 177 178
f 177 179 178
f 173 180 175
f 180 181 175
f 175 181 177
f 181 182 177
f 177 182 179
f 182 183 179
f 180 184 181
f 184 185 181
f 181 185 182
f 185 186 182
f 182 186 183
f 186 187 183
f 188 189 190
f 189 191 190
f 190 191 192
f 191 193 192
f 192 193 194
f 193 195 194
f 189 196 191
f 196 197 191
f 191 197 193
f 197 198 193
f 193 198 195
f 198 199 195
f 196 200 197
f 200 201 197
f 197 201 198
f 201 202 198
f 198 202 199
f 202 203 199
f 204 205 206
f 205 207 206
f 206 207 208
f 207 209 208
f 208 209 210
f 209 211 210
f 205 212 207
f 212 213 207
f 207 213 209
f 213 214 209
f 209 214 211
f 214 215 211
f 212 216 213
f 216 217 213
f 213 217 214
f 217 218 214
f 214 218 215
f 218 219 215
f 204 220 221
f 220 222 221
f 221 222 223
f 222 224 223
f 223 224 194
f 224 225 194
f 220 226 222
f 226 227 222
f 222 227 224
f 227 228 224
f 224 228 225
f 228 229 225
f 226 230 227
f 230 231 227
f 227 231 228
f 231 232 228
f 228 232 229
f 232 233 229
f 234 235 236
f 235 237 236
f 236 237 238
f 237 239 238
f 238 239 240
f 239 241 240
f 235 242 237
f 242 243 237
f 237 243 239
f 243 244 239
f 239 244 241
f 244 245 241
f 242 216 243
f 216 246 243
f 243 246 244
f 246 247 244
f 244 247 245
f 247 203 245
f 248 249 250
f 249 251 250
f 250 251 252
f 251 253 252
f 252 253 254
f 253 255 254
f 249 256 251
f 256 257 251
f 251 257 253
f 257 258 253
f 253 258 255
f 258 259 255
f 256 260 257
f 260 261 257
f 257 261 258
f 261 262 258
f 258 262 259
f 262 263 259
f 264 265 266
f 265 267 266
f 266 267 268
f 267 269 268
f 268 269 270
f 269 271 270
f 265 272 267
f 272 273 267
f 267 273 269
f 273 274 269
f 269 274 271
f 274 275 271
f 272 276 273
f 276 277 273
f 273 277 274
f 277 278 274
f 274 278 275
f 278 279 275
f 280 281 282
f 281 283 282
f 282 283 284
f 283 285 284
f 284 285 286
f 285 287 286
f 281 288 283
f 288 289 283
f 283 289 285
f 289 290 285
f 285 290 287
f 290 291 287
f 288 292 289
f 292 293 289
f 289 293 290
f 293 294 290
f 290 294 291
f 294 295 291
f 296 297 298
f 297 299 298
f 298 299 300
f 299 301 300
f 300 301 302
f 301 303 302
f 297 304 299
f 304 305 299
f 299 305 301
f 305 306 301
f 301 306 303
f 306 307 303
f 304 308 305
f 308 309 305
f 305 309 306
f 309 310 306
f 306 310 307
f 310 311 307
f 312 313 314
f 313 315 314
f 314 315 316
f 315 317 316
f 316 317 286
f 317 318 286
f 313 319 315
f 319 320 315
f 315 320 317
f 320 321 317
f 317 321 318
f 321 322 318
f 319 323 320
f 323 324 320
f 320 324 321
f 324 325 321
f 321 325 322
f 325 326 322
f 327 328 329
f 328 330 329
f 329 330 331
f 330 332 331
f 331 332 333
f 332 334 333
f 328 335 330
f 335 336 330
f 330 336 332
f 336 337 332
f 332 337 334
f 337 338 334
f 335 339 336
f 339 340 336
f 336 340 337
f 340 341 337
f 337 341 338
f 341 342 338
f 343 344 345
f 344 346 345
f 345 346 347
f 346 348 347
f 347 348 349
f 348 350 349
f 344 351 346
f 351 352 346
f 346 352 348
f 352 353 348
f 348 353 350
f 353 354 350
f 351 355 352
f 355 356 352
f 352 356 353
f 356 357 353
f 353 357 354
f 357 358 354
f 359 360 361
f 360 362 361
f 361 362 363
f 362 364 363
f 363 364 365
f 364 366 365
f 360 367 362
f 367 368 362
f 362 368 364
f 368 369 364
f 364 369 366
f 369 370 366
f 367 371 368
f 371 372 368
f 368 372 369
f 372 373 369
f 369 373 370
f 373 374 370
usemtl mat1
f 375 376 377
f 376 378 377
f 377 378 379
f 378 380 379
f 379 380 381
f 380 382 381
f 376 383 378
f 383 384 378
f 378 384 380
f 384 385 380
f 380 385 382
f 385 386 382
f 383 387 384
f 387 388 384
f 384 388 385
f 388 389 385
f 385 389 386
f 389 390 386
f 391 392 393
f 392 394 393
f 393 394 395
f 394 396 395
f 395 396 397
f 396 398 397
f 392 399 394
f 399 400 394
f 394 400 396
f 400 401 396
f 396 401 398
f 401 402 398
f 399 403 400
f 403 404 400
f 400 404 401
f 404 405 401
f 401 405 402
f 405 406 402
f 391 407 408
f 407 409 408
f 408 409 410
f 409 411 410
f 410 411 381
f 411 412 381
f 407 413 409
f 413 414 409
f 409 414 411
f 414 415 411
f 411 415 412
f 415 416 412
f 413 417 414
f 417 418 414
f 414 418 415
f 418 419 415
f 415 419 416
f 419 420 416
f 421 422 423
f 422 424 423
f 423 424 425
f 424 426 425
f 425 426 427
f 426 428 427
f 422 429 424
f 429 430 424
f 424 430 426
f 430 431 426
f 426 431 428
f 431 432 428
f 429 403 430
f 403 433 430
f 430 433 431
f 433 434 431
f 431 434 432
f 434 390 432
f 435 436 437
f 436 438 437
f 437 438 439
f 438 440 439
f 439 440 441
f 440 442 441
f 436 443 438
f 443 444 438
f 438 444 440
f 444 445 440
f 440 445 442
f 445 446 442
f 443 447 444
f 447 448 444
f 444 448 445
f 448 449 445
f 445 449 446
f 449 450 446
f 451 452 453
f 452 454 453
f 453 454 455
f 454 456 455
f 455 456 457
f 456 458 457
f 452 459 454
f 459 460 454
f 454 460 456
f 460 461 456
f 456 461 458
f 461 462 458
f 459 463 460
f 463 464 460
f 460 464 461
f 464 465 461
f 461 465 462
f 465 466 462
f 467 468 469
f 468 470 469
f 469 470 471
f 470 472 471
f 471 472 473
f 472 474 473
f 468 475 470
f 475 476 470
f 470 476 472
f 476 477 472
f 472 477 474
f 477 478 474
f 475 479 476
f 479 480 476
f 476 480 477
f 480 481 477
f 477 481 478
f 481 482 478
f 483 484 485
f 484 486 485
f 485 486 487
f 486 488 487
f 487 488 489
f 488 490 489
f 484 491 486
f 491 492 486
f 486 492 488
f 492 493 488
f 488 493 490
f 493 494 490
f 491 495 492
f 495 496 492
f 492 496 493
f 496 497 493
f 493 497 494
f 497 498 494
f 499 500 501
f 500 502 501
f 501 502 503
f 502 504 503
f 503 504 473
f 504 505 473
f 500 506 502
f 506 507 502
f 502 507 504
f 507 508 504
f 504 508 505
f 508 509 505
f 506 510 507
f 510 511 507
f 507 511 508
f 511 512 508
f 508 512 509
f 512 513 509
f 514 515 516
f 515 517 516
f 516 517 518
f 517 519 518
f 518 519 520
f 519 521 520
f 515 522 517
f 522 523 517
f 517 523 519
f 523 524 519
f 519 524 521
f 524 525 521
f 522 526 523
f 526 527 523
f 523 527 524
f 527 528 524
f 524 528 525
f 528 529 525
f 530 531 532
f 531 533 532
f 532 533 534
f 533 535 534
f 534 535 536
f 535 537 536
f 531 538 533
f 538 539 533
f 533 539 535
f 539 540 535
f 535 540 537
f 540 541 537
f 538 542 539
f 542 543 539
f 539 543 540
f 543 544 540
f 540 544 541
f 544 545 541
f 546 547 548
f 547 549 548
f 548 549 550
f 549 551 550
f 550 551 552
f 551 553 552
f 547 554 549
f 554 555 549
f 549 555 551
f 555 556 551
f 551 556 553
f 556 557 553
f 554 558 555
f 558 559 555
f 555 559 556
f 559 560 556
f 556 560 557
f 560 561 557
f 562 563 564
f 563 565 564
f 564 565 566
f 565 567 566
f 566 567 568
f 567 569 568
f 563 570 565
f 570 571 565
f 565 571 567
f 571 572 567
f 567 572 569
f 572 573 569
f 570 574 571
f 574 575 571
f 571 575 572
f 575 576 572
f 572 576 573
f 576 577 573
f 578 579 580
f 579 581 580
f 580 581 582
f 581 583 582
f 582 583 584
f 583 585 584
f 579 586 581
f 586 587 581
f 581 587 583
f 587 588 583
f 583 588 585
f 588 589 585
f 586 590 587
f 590 591 587
f 587 591 588
f 591 592 588
f 588 592 589
f 592 593 589
f 578 594 595
f 594 596 595
f 595 596 597
f 596 598 597
f 597 598 568
f 598 599 568
f 594 600 596
f 600 601 596
f 596 601 598
f 601 602 598
f 598 602 599
f 602 603 599
f 600 604 601
f 604 605 601
f 601 605 602
f 605 606 602
f 602 606 603
f 606 607 603
f 608 609 610
f 609 611 610
f 610 611 612
f 611 613 612
f 612 613 614
f 613 615 614
f 609 616 611
f 616 617 611
f 611 617 613
f 617 618 613
f 613 618 615
f 618 619 615
f 616 590 617
f 590 620 617
f 617 620 618
f 620 621 618
f 618 621 619
f 621 577 619
f 622 623 624
f 623 625 624
f 624 625 626
f 625 627 626
f 626 627 628
f 627 629 628
f 623 630 625
f 630 631 625
f 625 631 627
f 631 632 627
f 627 632 629
f 632 633 629
f 630 634 631
f 634 635 631
f 631 635 632
f 635 636 632
f 632 636 633
f 636 637 633
f 638 639 640
f 639 641 640
f 640 641 642
f 641 643 642
f 642 643 644
f 643 645 644
f 639 646 641
f 646 647 641
f 641 647 643
f 647 648 643
f 643 648 645
f 648 649 645
f 646 650 647
f 650 651 647
f 647 651 648
f 651 652 648
f 648 652 649
f 652 653 649
f 654 655 656
f 655 657 656
f 656 657 658
f 657 659 658
f 658 659 660
f 659 661 660
f 655 662 657
f 662 663 657
f 657 663 659
f 663 664 659
f 659 664 661
f 664 665 661
f 662 666 663
f 666 667 663
f 663 667 664
f 667 668 664
f 664 668 665
f 668 669 665
f 670 671 672
f 671 673 672
f 672 673 674
f 673 675 674
f 674 675 676
f 675 677 676
f 671 678 673
f 678 679 673
f 673 679 675
f 679 680 675
f 675 680 677
f 680 681 677
f 678 682 679
f 682 683 679
f 679 683 680
f 683 684 680
f 680 684 681
f 684 685 681
f 686 687 688
f 687 689 688
f 688 689 690
f 689 691 690
f 690 691 660
f 691 692 660
f 687 693 689
f 693 694 689
f 689 694 691
f 694 695 691
f 691 695 692
f 695 696 692
f 693 697 694
f 697 698 694
f 694 698 695
f 698 699 695
f 695 699 696
f 699 700 696
f 701 702 703
f 702 704 703
f 703 704 705
f 704 706 705
f 705 706 707
f 706 708 707
f 702 709 704
f 709 710 704
f 704 710 706
f 710 711 706
f 706 711 708
f 711 712 708
f 709 713 710
f 713 714 710
f 710 714 711
f 714 715 711
f 711 715 712
f 715 716 712
f 717 718 719
f 718 720 719
f 719 720 721
f 720 722 721
f 721 722 723
f 722 724 723
f 718 725 720
f 725 726 720
f 720 726 722
f 726 727 722
f 722 727 724
f 727 728 724
f 725 729 726
f 729 730 726
f 726 730 727
f 730 731 727
f 727 731 728
f 731 732 728
f 733 734 735
f 734 736 735
f 735 736 737
f 736 738 737
f 737 738 739
f 738 740 739
f 734 741 736
f 741 742 736
f 736 742 738
f 742 743 738
f 738 743 740
f 743 744 740
f 741 745 742
f 745 746 742
f 742 746 743
f 746 747 743
f 743 747 744
f 747 748 744
f 749 750 751
f 750 752 751
f 751 752 753
f 752 754 753
f 753 754 755
f 754 756 755
f 750 757 752
f 757 758 752
f 752 758 754
f 758 759 754
f 754 759 756
f 759 760 756
f 757 761 758
f 761 762 758
f 758 762 759
f 762 763 759
f 759 763 760
f 763 764 760
f 765 766 767
f 766 768 767
f 767 768 769
f 768 770 769
f 769 770 771
f 770 772 771
f 766 773 768
f 773 774 768
f 768 774 770
f 774 775 770
f 770 775 772
f 775 776 772
f 773 777 774
f 777 778 774
f 774 778 775
f 778 779 775
f 775 779 776
f 779 780 776
f 765 781 782
f 781 783 782
f 782 783 784
f 783 785 784
f 784 785 755
f 785 786 755
f 781 787 783
f 787 788 783
f 783 788 785
f 788 789 785
f 785 789 786
f 789 790 786
f 787 791 788
f 791 792 788
f 788 792 789
f 792 793 789
f 789 793 790
f 793 794 790
f 795 796 797
f 796 798 797
f 797 798 799
f 798 800 799
f 799 800 801
f 800 802 801
f 796 803 798
f 803 804 798
f 798 804 800
f 804 805 800
f 800 805 802
f 805 806 802
f 803 777 804
f 777 807 804
f 804 807 805
f 807 808 805
f 805 808 806
f 808 764 806
f 809 810 811
f 810 812 811
f 811 812 813
f 812 814 813
f 813 814 815
f 814 816 815
f 810 817 812
f 817 818 812
f 812 818 814
f 818 819 814
f 814 819 816
f 819 820 816
f 817 821 818
f 821 822 818
f 818 822 819
f 822 823 819
f 819 823 820
f 823 824 820
f 825 826 827
f 826 828 827
f 827 828 829
f 828 830 829
f 829 830 831
f 830 832 831
f 826 833 828
f 833 834 828
f 828 834 830
f 834 835 830
f 830 835 832
f 835 836 832
f 833 837 834
f 837 838 834
f 834 838 835
f 838 839 835
f 835 839 836
f 839 840 836
usemtl mat2
f 841 842 843
f 842 844 843
f 843 844 845
f 844 846 845
f 845 846 847
f 846 848 847
f 842 849 844
f 849 850 844
f 844 850 846
f 850 851 846
f 846 851 848
f 851 852 848
f 849 853 850
f 853 854 850
f 850 854 851
f 854 855 851
f 851 855 852
f 855 856 852
f 857 858 859
f 858 860 859
f 859 860 861
f 860 862 861
f 861 862 863
f 862 864 863
f 858 865 860
f 865 866 860
f 860 866 862
f 866 867 862
f 862 867 864
f 867 868 864
f 865 869 866
f 869 870 866
f 866 870 867
f 870 871 867
f 867 871 868
f 871 872 868
f 873 874 875
f 874 876 875
f 875 876 877
f 876 878 877
f 877 878 847
f 878 879 847
f 874 880 876
f 880 881 876
f 876 881 878
f 881 882 878
f 878 882 879
f 882 883 879
f 880 884 881
f 884 885 881
f 881 885 882
f 885 886 882
f 882 886 883
f 886 887 883
f 888 889 890
f 889 891 890
f 890 891 892
f 891 893 892
f 892 893 894
f 893 895 894
f 889 896 891
f 896 897 891
f 891 897 893
f 897 898 893
f 893 898 895
f 898 899 895
f 896 900 897
f 900 901 897
f 897 901 898
f 901 902 898
f 898 902 899
f 902 856 899
f 903 904 905
f 904 906 905
f 905 906 907
f 906 908 907
f 907 908 909
f 908 910 909
f 904 911 906
f 911 912 906
f 906 912 908
f 912 913 908
f 908 913 910
f 913 914 910
f 911 915 912
f 915 916 912
f 912 916 913
f 916 917 913
f 913 917 914
f 917 918 914
f 919 920 921
f 920 922 921
f 921 922 923
f 922 924 923
f 923 924 925
f 924 926 925
f 920 927 922
f 927 928 922
f 922 928 924
f 928 929 924
f 924 929 926
f 929 930 926
f 927 931 928
f 931 932 928
f 928 932 929
f 932 933 929
f 929 933 930
f 933 934 930
f 935 936 937
f 936 938 937
f 937 938 939
f 938 940 939
f 939 940 941
f 940 942 941
f 936 943 938
f 943 944 938
f 938 944 940
f 944 945 940
f 940 945 942
f 945 946 942
f 943 947 944
f 947 948 944
f 944 948 945
f 948 949 945
f 945 949 946
f 949 950 946
f 951 952 953
f 952 954 953
f 953 954 955
f 954 956 955
f 955 956 957
f 956 958 957
f 952 959 954
f 959 960 954
f 954 960 956
f 960 961 956
f 956 961 958
f 961 962 958
f 959 963 960
f 963 964 960
f 960 964 961
f 964 965 961
f 961 965 962
f 965 966 962
f 951 967 968
f 967 969 968
f 968 969 970
f 969 971 970
f 970 971 941
f 971 972 941
f 967 973 969
f 973 974 969
f 969 974 971
f 974 975 971
f 971 975 972
f 975 976 972
f 973 977 974
f 977 978 974
f 974 978 975
f 978 979 975
f 975 979 976
f 979 980 976
f 981 982 983
f 982 984 983
f 983 984 985
f 984 986 985
f 985 986 987
f 986 988 987
f 982 989 984
f 989 990 984
f 984 990 986
f 990 991 986
f 986 991 988
f 991 992 988
f 989 963 990
f 963 993 990
f 990 993 991
f 993 994 991
f 991 994 992
f 994 950 992
f 995 996 997
f 996 998 997
f 997 998 999
f 998 1000 999
f 999 1000 1001
f 1000 1002 1001
f 996 1003 998
f 1003 1004 998
f 998 1004 1000
f 1004 1005 1000
f 1000 1005 1002
f 1005 1006 1002
f 1003 1007 1004
f 1007 1008 1004
f 1004 1008 1005
f 1008 1009 1005
f 1005 1009 1006
f 1009 1010 1006
f 1011 1012 1013
f 1012 1014 1013
f 1013 1014 1015
f 1014 1016 1015
f 1015 1016 1017
f 1016 1018 1017
f 1012 1019 1014
f 1019 1020 1014
f 1014 1020 1016
f 1020 1021 1016
f 1016 1021 1018
f 1021 1022 1018
f 1019 1023 1020
f 1023 1024 1020
f 1020 1024 1021
f 1024 1025 1021
f 1021 1025 1022
f 1025 1026 1022
f 1027 1028 1029
f 1028 1030 1029
f 1029 1030 1031
f 1030 1032 1031
f 1031 1032 1033
f 1032 1034 1033
f 1028 1035 1030
f 1035 1036 1030
f 1030 1036 1032
f 1036 1037 1032
f 1032 1037 1034
f 1037 1038 1034
f 1035 1039 1036
f 1039 1040 1036
f 1036 1040 1037
f 1040 1041 1037
f 1037 1041 1038
f 1041 1042 1038
f 1043 1044 1045
f 1044 1046 1045
f 1045 1046 1047
f 1046 1048 1047
f 1047 1048 1049
f 1048 1050 1049
f 1044 1051 1046
f 1051 1052 1046
f 1046 1052 1048
f 1052 1053 1048
f 1048 1053 1050
f 1053 1054 1050
f 1051 1055 1052
f 1055 1056 1052
f 1052 1056 1053
f 1056 1057 1053
f 1053 1057 1054
f 1057 1058 1054
f 1043 1059 1060
f 1059 1061 1060
f 1060 1061 1062
f 1061 1063 1062
f 1062 1063 1033
f 1063 1064 1033
f 1059 1065 1061
f 1065 1066 1061
f 1061 1066 1063
f 1066 1067 1063
f 1063 1067 1064
f 1067 1068 1064
f 1065 1069 1066
f 1069 1070 1066
f 1066 1070 1067
f 1070 1071 1067
f 1067 1071 1068
f 1071 1072 1068
f 1073 1074 1075
f 1074 1076 1075
f 1075 1076 1077
f 1076 1078 1077
f 1077 1078 1079
f 1078 1080 1079
f 1074 1081 1076
f 1081 1082 1076
f 1076 1082 1078
f 1082 1083 1078
f 1078 1083 1080
f 1083 1084 1080
f 1081 1085 1082
f 1085 1086 1082
f 1082 1086 1083
f 1086 1087 1083
f 1083 1087 1084
f 1087 1088 1084
f 1089 1090 1091
f 1090 1092 1091
f 1091 1092 1093
f 1092 1094 1093
f 1093 1094 1095
f 1094 1096 1095
f 1090 1097 1092
f 1097 1098 1092
f 1092 1098 1094
f 1098 1099 1094
f 1094 1099 1096
f 1099 1100 1096
f 1097 1101 1098
f 1101 1102 1098
f 1098 1102 1099
f 1102 1103 1099
f 1099 1103 1100
f 1103 1104 1100
f 1105 1106 1107
f 1106 1108 1107
f 1107 1108 1109
f 1108 1110 1109
f 1109 1110 1111
f 1110 1112 1111
f 1106 1113 1108
f 1113 1114 1108
f 1108 1114 1110
f 1114 1115 1110
f 1110 1115 1112
f 1115 1116 1112
f 1113 1117 1114
f 1117 1118 1114
f 1114 1118 1115
f 1118 1119 1115
f 1115 1119 1116
f 1119 1120 1116
usemtl mat3
f 1121 1122 1123
f 1122 1124 1123
f 1123 1124 1125
f 1124 1126 1125
f 1125 1126 1127
f 1126 1128 1127
f 1122 1129 1124
f 1129 1130 1124
f 1124 1130 1126
f 1130 1131 1126
f 1126 1131 1128
f 1131 1132 1128
f 1129 1133 1130
f 1133 1134 1130
f 1130 1134 1131
f 1134 1135 1131
f 1131 1135 1132
f 1135 1136 1132
f 1137 1138 1139
f 1138 1140 1139
f 1139 1140 1141
f 1140 1142 1141
f 1141 1142 1143
f 1142 1144 1143
f 1138 1145 1140
f 1145 1146 1140
f 1140 1146 1142
f 1146 1147 1142
f 1142 1147 1144
f 1147 1148 1144
f 1145 1149 1146
f 1149 1150 1146
f 1146 1150 1147
f 1150 1151 1147
f 1147 1151 1148
f 1151 1152 1148
f 1137 1153 1154
f 1153 1155 1154
f 1154 1155 1156
f 1155 1157 1156
f 1156 1157 1127
f 1157 1158 1127
f 1153 1159 1155
f 1159 1160 1155
f 1155 1160 1157
f 1160 1161 1157
f 1157 1161 1158
f 1161 1162 1158
f 1159 1163 1160
f 1163 1164 1160
f 1160 1164 1161
f 1164 1165 1161
f 1161 1165 1162
f 1165 1166 1162
f 1167 1168 1169
f 1168 1170 1169
f 1169 1170 1171
f 1170 1172 1171
f 1171 1172 1173
f 1172 1174 1173
f 1168 1175 1170
f 1175 1176 1170
f 1170 1176 1172
f 1176 1177 1172
f 1172 1177 1174
f 1177 1178 1174
f 1175 1149 1176
f 1149 1179 1176
f 1176 1179 1177
f 1179 1180 1177
f 1177 1180 1178
f 1180 1136 1178
f 1181 1182 1183
f 1182 1184 1183
f 1183 1184 1185
f 1184 1186 1185
f 1185 1186 1187
f 1186 1188 1187
f 1182 1189 1184
f 1189 1190 1184
f 1184 1190 1186
f 1190 1191 1186
f 1186 1191 1188
f 1191 1192 1188
f 1189 1193 1190
f 1193 1194 1190
f 1190 1194 1191
f 1194 1195 1191
f 1191 1195 1192
f 1195 1196 1192
f 1197 1198 1199
f 1198 1200 1199
f 1199 1200 1201
f 1200 1202 1201
f 1201 1202 1203
f 1202 1204 1203
f 1198 1205 1200
f 1205 1206 1200
f 1200 1206 1202
f 1206 1207 1202
f 1202 1207 1204
f 1207 1208 1204
f 1205 1209 1206
f 1209 1210 1206
f 1206 1210 1207
f 1210 1211 1207
f 1207 1211 1208
f 1211 1212 1208
f 1213 1214 1215
f 1214 1216 1215
f 1215 1216 1217
f 1216 1218 1217
f 1217 1218 1219
f 1218 1220 1219
f 1214 1221 1216
f 1221 1222 1216
f 1216 1222 1218
f 1222 1223 1218
f 1218 1223 1220
f 1223 1224 1220
f 1221 1225 1222
f 1225 1226 1222
f 1222 1226 1223
f 1226 1227 1223
f 1223 1227 1224
f 1227 1228 1224
f 1229 1230 1231
f 1230 1232 1231
f 1231 1232 1233
f 1232 1234 1233
f 1233 1234 1235
f 1234 1236 1235
f 1230 1237 1232
f 1237 1238 1232
f 1232 1238 1234
f 1238 1239 1234
f 1234 1239 1236
f 1239 1240 1236
f 1237 1241 1238
f 1241 1242 1238
f 1238 1242 1239
f 1242 1243 1239
f 1239 1243 1240
f 1243 1244 1240
f 1229 1245 1246
f 1245 1247 1246
f 1246 1247 1248
f 1247 1249 1248
f 1248 1249 1219
f 1249 1250 1219
f 1245 1251 1247
f 1251 1252 1247
f 1247 1252 1249
f 1252 1253 1249
f 1249 1253 1250
f 1253 1254 1250
f 1251 1255 1252
f 1255 1256 1252
f 1252 1256 1253
f 1256 1257 1253
f 1253 1257 1254
f 1257 1258 1254
f 1259 1260 1261
f 1260 1262 1261
f 1261 1262 1263
f 1262 1264 1263
f 1263 1264 1265
f 1264 1266 1265
f 1260 1267 1262
f 1267 1268 1262
f 1262 1268 1264
f 1268 1269 1264
f 1264 1269 1266
f 1269 1270 1266
f 1267 1241 1268
f 1241 1271 1268
f 1268 1271 1269
f 1271 1272 1269
f 1269 1272 1270
f 1272 1228 1270
f 1273 1274 1275
f 1274 1276 1275
f 1275 1276 1277
f 1276 1278 1277
f 1277 1278 1279
f 1278 1280 1279
f 1274 1281 1276
f 1281 1282 1276
f 1276 1282 1278
f 1282 1283 1278
f 1278 1283 1280
f 1283 1284 1280
f 1281 1285 1282
f 1285 1286 1282
f 1282 1286 1283
f 1286 1287 1283
f 1283 1287 1284
f 1287 1288 1284
f 1289 1290 1291
f 1290 1292 1291
f 1291 1292 1293
f 1292 1294 1293
f 1293 1294 1295
f 1294 1296 1295
f 1290 1297 1292
f 1297 1298 1292
f 1292 1298 1294
f 1298 1299 1294
f 1294 1299 1296
f 1299 1300 1296
f 1297 1301 1298
f 1301 1302 1298
f 1298 1302 1299
f 1302 1303 1299
f 1299 1303 1300
f 1303 1304 1300
usemtl mat4
f 1305 1306 1307
f 1306 1308 1307
f 1307 1308 1309
f 1308 1310 1309
f 1309 1310 1311
f 1310 1312 1311
f 1306 1313 1308
f 1313 1314 1308
f 1308 1314 1310
f 1314 1315 1310
f 1310 1315 1312
f 1315 1316 1312
f 1313 1317 1314
f 1317 1318 1314
f 1314 1318 1315
f 1318 1319 1315
f 1315 1319 1316
f 1319 1320 1316
f 1321 1322 1323
f 1322 1324 1323
f 1323 1324 1325
f 1324 1326 1325
f 1325 1326 1327
f 1326 1328 1327
f 1322 1329 1324
f 1329 1330 1324
f 1324 1330 1326
f 1330 1331 1326
f 1326 1331 1328
f 1331 1332 1328
f 1329 1333 1330
f 1333 1334 1330
f 1330 1334 1331
f 1334 1335 1331
f 1331 1335 1332
f 1335 1336 1332
f 1321 1337 1338
f 1337 1339 1338
f 1338 1339 1340
f 1339 1341 1340
f 1340 1341 1311
f 1341 1342 1311
f 1337 1343 1339
f 1343 1344 1339
f 1339 1344 1341
f 1344 1345 1341
f 1341 1345 1342
f 1345 1346 1342
f 1343 1347 1344
f 1347 1348 1344
f 1344 1348 1345
f 1348 1349 1345
f 1345 1349 1346
f 1349 1350 1346
f 1351 1352 1353
f 1352 1354 1353
f 1353 1354 1355
f 1354 1356 1355
f 1355 1356 1357
f 1356 1358 1357
f 1352 1359 1354
f 1359 1360 1354
f 1354 1360 1356
f 1360 1361 1356
f 1356 1361 1358
f 1361 1362 1358
f 1359 1333 1360
f 1333 1363 1360
f 1360 1363 1361
f 1363 1364 1361
f 1361 1364 1362
f 1364 1320 1362
f 1365 1366 1367
f 1366 1368 1367
f 1367 1368 1369
f 1368 1370 1369
f 1369 1370 1371
f 1370 1372 1371
f 1366 1373 1368
f 1373 1374 1368
f 1368 1374 1370
f 1374 1375 1370
f 1370 1375 1372
f 1375 1376 1372
f 1373 1377 1374
f 1377 1378 1374
f 1374 1378 1375
f 1378 1379 1375
f 1375 1379 1376
f 1379 1380 1376
f 1381 1382 1383
f 1382 1384 1383
f 1383 1384 1385
f 1384 1386 1385
f 1385 1386 1387
f 1386 1388 1387
f 1382 1389 1384
f 1389 1390 1384
f 1384 1390 1386
f 1390 1391 1386
f 1386 1391 1388
f 1391 1392 1388
f 1389 1393 1390
f 1393 1394 1390
f 1390 1394 1391
f 1394 1395 1391
f 1391 1395 1392
f 1395 1396 1392
f 1397 1398 1399
f 1398 1400 1399
f 1399 1400 1401
f 1400 1402 1401
f 1401 1402 1403
f 1402 1404 1403
f 1398 1405 1400
f 1405 1406 1400
f 1400 1406 1402
f 1406 1407 1402
f 1402 1407 1404
f 1407 1408 1404
f 1405 1409 1406
f 1409 1410 1406
f 1406 1410 1407
f 1410 1411 1407
f 1407 1411 1408
f 1411 1412 1408
f 1413 1414 1415
f 1414 1416 1415
f 1415 1416 1417
f 1416 1418 1417
f 1417 1418 1419
f 1418 1420 1419
f 1414 1421 1416
f 1421 1422 1416
f 1416 1422 1418
f 1422 1423 1418
f 1418 1423 1420
f 1423 1424 1420
f 1421 1425 1422
f 1425 1426 1422
f 1422 1426 1423
f 1426 1427 1423
f 1423 1427 1424
f 1427 1428 1424
f 1413 1429 1430
f 1429 1431 1430
f 1430 1431 1432
f 1431 1433 1432
f 1432 1433 1403
f 1433 1434 1403
f 1429 1435 1431
f 1435 1436 1431
f 1431 1436 1433
f 1436 1437 1433
f 1433 1437 1434
f 1437 1438 1434
f 1435 1439 1436
f 1439 1440 1436
f 1436 1440 1437
f 1440 1441 1437
f 1437 1441 1438
f 1441 1442 1438
f 1443 1444 1445
f 1444 1446 1445
f 1445 1446 1447
f 1446 1448 1447
f 1447 1448 1449
f 1448 1450 1449
f 1444 1451 1446
f 1451 1452 1446
f 1446 1452 1448
f 1452 1453 1448
f 1448 1453 1450
f 1453 1454 1450
f 1451 1425 1452
f 1425 1455 1452
f 1452 1455 1453
f 1455 1456 1453
f 1453 1456 1454
f 1456 1412 1454
f 1457 1458 1459
f 1458 1460 1459
f 1459 1460 1461
f 1460 1462 1461
f 1461 1462 1463
f 1462 1464 1463
f 1458 1465 1460
f 1465 1466 1460
f 1460 1466 1462
f 1466 1467 1462
f 1462 1467 1464
f 1467 1468 1464
f 1465 1469 1466
f 1469 1470 1466
f 1466 1470 1467
f 1470 1471 1467
f 1467 1471 1468
f 1471 1472 1468
f 1473 1474 1475
f 1474 1476 1475
f 1475 1476 1477
f 1476 1478 1477
f 1477 1478 1479
f 1478 1480 1479
f 1474 1481 1476
f 1481 1482 1476
f 1476 1482 1478
f 1482 1483 1478
f 1478 1483 1480
f 1483 1484 1480
f 1481 1485 1482
f 1485 1486 1482
f 1482 1486 1483
f 1486 1487 1483
f 1483 1487 1484
f 1487 1488 1484
f 1489 1490 1491
f 1490 1492 1491
f 1491 1492 1493
f 1492 1494 1493
f 1493 1494 1495
f 1494 1496 1495
f 1490 1497 1492
f 1497 1498 1492
f 1492 1498 1494
f 1498 1499 1494
f 1494 1499 1496
f 1499 1500 1496
f 1497 1501 1498
f 1501 1502 1498
f 1498 1502 1499
f 1502 1503 1499
f 1499 1503 1500
f 1503 1504 1500
f 1505 1506 1507
f 1506 1508 1507
f 1507 1508 1509
f 1508 1510 1509
f 1509 1510 1511
f 1510 1512 1511
f 1506 1513 1508
f 1513 1514 1508
f 1508 1514 1510
f 1514 1515 1510
f 1510 1515 1512
f 1515 1516 1512
f 1513 1517 1514
f 1517 1518 1514
f 1514 1518 1515
f 1518 1519 1515
f 1515 1519 1516
f 1519 1520 1516
f 1521 1522 1523
f 1522 1524 1523
f 1523 1524 1525
f 1524 1526 1525
f 1525 1526 1495
f 1526 1527 1495
f 1522 1528 1524
f 1528 1529 1524
f 1524 1529 1526
f 1529 1530 1526
f 1526 1530 1527
f 1530 1531 1527
f 1528 1532 1529
f 1532 1533 1529
f 1529 1533 1530
f 1533 1534 1530
f 1530 1534 1531
f 1534 1535 1531
f 1536 1537 1538
f 1537 1539 1538
f 1538 1539 1540
f 1539 1541 1540
f 1540 1541 1542
f 1541 1543 1542
f 1537 1544 1539
f 1544 1545 1539
f 1539 1545 1541
f 1545 1546 1541
f 1541 1546 1543
f 1546 1547 1543
f 1544 1548 1545
f 1548 1549 1545
f 1545 1549 1546
f 1549 1550 1546
f 1546 1550 1547
f 1550 1551 1547
f 1552 1553 1554
f 1553 1555 1554
f 1554 1555 1556
f 1555 1557 1556
f 1556 1557 1558
f 1557 1559 1558
f 1553 1560 1555
f 1560 1561 1555
f 1555 1561 1557
f 1561 1562 1557
f 1557 1562 1559
f 1562 1563 1559
f 1560 1564 1561
f 1564 1565 1561
f 1561 1565 1562
f 1565 1566 1562
f 1562 1566 1563
f 1566 1567 1563
f 1568 1569 1570
f 1569 1571 1570
f 1570 1571 1572
f 1571 1573 1572
f 1572 1573 1574
f 1573 1575 1574
f 1569 1576 1571
f 1576 1577 1571
f 1571 1577 1573
f 1577 1578 1573
f 1573 1578 1575
f 1578 1579 1575
f 1576 1580 1577
f 1580 1581 1577
f 1577 1581 1578
f 1581 1582 1578
f 1578 1582 1579
f 1582 1583 1579
f 1584 1585 1586
f 1585 1587 1586
f 1586 1587 1588
f 1587 1589 1588
f 1588 1589 1590
f 1589 1591 1590
f 1585 1592 1587
f 1592 1593 1587
f 1587 1593 1589
f 1593 1594 1589
f 1589 1594 1591
f 1594 1595 1591
f 1592 1596 1593
f 1596 1597 1593
f 1593 1597 1594
f 1597 1598 1594
f 1594 1598 1595
f 1598 1599 1595
f 1600 1601 1602
f 1601 1603 1602
f 1602 1603 1604
f 1603 1605 1604
f 1604 1605 1606
f 1605 1607 1606
f 1601 1608 1603
f 1608 1609 1603
f 1603 1609 1605
f 1609 1610 1605
f 1605 1610 1607
f 1610 1611 1607
f 1608 1612 1609
f 1612 1613 1609
f 1609 1613 1610
f 1613 1614 1610
f 1610 1614 1611
f 1614 1615 1611
f 1616 1617 1618
f 1617 1619 1618
f 1618 1619 1620
f 1619 1621 1620
f 1620 1621 1590
f 1621 1622 1590
f 1617 1623 1619
f 1623 1624 1619
f 1619 1624 1621
f 1624 1625 1621
f 1621 1625 1622
f 1625 1626 1622
f 1623 1627 1624
f 1627 1628 1624
f 1624 1628 1625
f 1628 1629 1625
f 1625 1629 1626
f 1629 1630 1626
f 1631 1632 1633
f 1632 1634 1633
f 1633 1634 1635
f 1634 1636 1635
f 1635 1636 1637
f 1636 1638 1637
f 1632 1639 1634
f 1639 1640 1634
f 1634 1640 1636
f 1640 1641 1636
f 1636 1641 1638
f 1641 1642 1638
f 1639 1643 1640
f 1643 1644 1640
f 1640 1644 1641
f 1644 1645 1641
f 1641 1645 1642
f 1645 1646 1642
f 1647 1648 1649
f 1648 1650 1649
f 1649 1650 1651
f 1650 1652 1651
f 1651 1652 1653
f 1652 1654 1653
f 1648 1655 1650
f 1655 1656 1650
f 1650 1656 1652
f 1656 1657 1652
f 1652 1657 1654
f 1657 1658 1654
f 1655 1659 1656
f 1659 1660 1656
f 1656 1660 1657
f 1660 1661 1657
f 1657 1661 1658
f 1661 1662 1658
f 1663 1664 1665
f 1664 1666 1665
f 1665 1666 1667
f 1666 1668 1667
f 1667 1668 1669
f 1668 1670 1669
f 1664 1671 1666
f 1671 1672 1666
f 1666 1672 1668
f 1672 1673 1668
f 1668 1673 1670
f 1673 1674 1670
f 1671 1675 1672
f 1675 1676 1672
f 1672 1676 1673
f 1676 1677 1673
f 1673 1677 1674
f 1677 1678 1674
usemtl mat5
f 1679 1680 1681
f 1680 1682 1681
f 1681 1682 1683
f 1682 1684 1683
f 1683 1684 1685
f 1684 1686 1685
f 1680 1687 1682
f 1687 1688 1682
f 1682 1688 1684
f 1688 1689 1684
f 1684 1689 1686
f 1689 1690 1686
f 1687 1691 1688
f 1691 1692 1688
f 1688 1692 1689
f 1692 1693 1689
f 1689 1693 1690
f 1693 1694 1690
f 1695 1696 1697
f 1696 1698 1697
f 1697 1698 1699
f 1698 1700 1699
f 1699 1700 1701
f 1700 1702 1701
f 1696 1703 1698
f 1703 1704 1698
f 1698 1704 1700
f 1704 1705 1700
f 1700 1705 1702
f 1705 1706 1702
f 1703 1707 1704
f 1707 1708 1704
f 1704 1708 1705
f 1708 1709 1705
f 1705 1709 1706
f 1709 1710 1706
f 1695 1711 1712
f 1711 1713 1712
f 1712 1713 1714
f 1713 1715 1714
f 1714 1715 1685
f 1715 1716 1685
f 1711 1717 1713
f 1717 1718 1713
f 1713 1718 1715
f 1718 1719 1715
f 1715 1719 1716
f 1719 1720 1716
f 1717 1721 1718
f 1721 1722 1718
f 1718 1722 1719
f 1722 1723 1719
f 1719 1723 1720
f 1723 1724 1720
f 1725 1726 1727
f 1726 1728 1727
f 1727 1728 1729
f 1728 1730 1729
f 1729 1730 1731
f 1730 1732 1731
f 1726 1733 1728
f 1733 1734 1728
f 1728 1734 1730
f 1734 1735 1730
f 1730 1735 1732
f 1735 1736 1732
f 1733 1737 1734
f 1737 1738 1734
f 1734 1738 1735
f 1738 1739 1735
f 1735 1739 1736
f 1739 1740 1736
f 1741 1742 1743
f 1742 1744 1743
f 1743 1744 1745
f 1744 1746 1745
f 1745 1746 1747
f 1746 1748 1747
f 1742 1749 1744
f 1749 1750 1744
f 1744 1750 1746
f 1750 1751 1746
f 1746 1751 1748
f 1751 1752 1748
f 1749 1753 1750
f 1753 1754 1750
f 1750 1754 1751
f 1754 1755 1751
f 1751 1755 1752
f 1755 1756 1752
f 1757 1758 1759
f 1758 1760 1759
f 1759 1760 1761
f 1760 1762 1761
f 1761 1762 1763
f 1762 1764 1763
f 1758 1765 1760
f 1765 1766 1760
f 1760 1766 1762
f 1766 1767 1762
f 1762 1767 1764
f 1767 1768 1764
f 1765 1769 1766
f 1769 1770 1766
f 1766 1770 1767
f 1770 1771 1767
f 1767 1771 1768
f 1771 1772 1768
